-- MySQL dump 10.13  Distrib 5.7.22, for Linux (x86_64)
--
-- Host: localhost    Database: subvenciones
-- ------------------------------------------------------
-- Server version	5.7.22-0ubuntu0.16.04.1

/*!40101 SET @OLD_CHARACTER_SET_CLIENT=@@CHARACTER_SET_CLIENT */;
/*!40101 SET @OLD_CHARACTER_SET_RESULTS=@@CHARACTER_SET_RESULTS */;
/*!40101 SET @OLD_COLLATION_CONNECTION=@@COLLATION_CONNECTION */;
/*!40101 SET NAMES utf8 */;
/*!40103 SET @OLD_TIME_ZONE=@@TIME_ZONE */;
/*!40103 SET TIME_ZONE='+00:00' */;
/*!40014 SET @OLD_UNIQUE_CHECKS=@@UNIQUE_CHECKS, UNIQUE_CHECKS=0 */;
/*!40014 SET @OLD_FOREIGN_KEY_CHECKS=@@FOREIGN_KEY_CHECKS, FOREIGN_KEY_CHECKS=0 */;
/*!40101 SET @OLD_SQL_MODE=@@SQL_MODE, SQL_MODE='NO_AUTO_VALUE_ON_ZERO' */;
/*!40111 SET @OLD_SQL_NOTES=@@SQL_NOTES, SQL_NOTES=0 */;

--
-- Table structure for table `auth_group`
--

DROP TABLE IF EXISTS `auth_group`;
/*!40101 SET @saved_cs_client     = @@character_set_client */;
/*!40101 SET character_set_client = utf8 */;
CREATE TABLE `auth_group` (
  `id` int(11) NOT NULL AUTO_INCREMENT,
  `name` varchar(80) NOT NULL,
  PRIMARY KEY (`id`),
  UNIQUE KEY `name` (`name`)
) ENGINE=InnoDB DEFAULT CHARSET=latin1;
/*!40101 SET character_set_client = @saved_cs_client */;

--
-- Dumping data for table `auth_group`
--

LOCK TABLES `auth_group` WRITE;
/*!40000 ALTER TABLE `auth_group` DISABLE KEYS */;
/*!40000 ALTER TABLE `auth_group` ENABLE KEYS */;
UNLOCK TABLES;

--
-- Table structure for table `auth_group_permissions`
--

DROP TABLE IF EXISTS `auth_group_permissions`;
/*!40101 SET @saved_cs_client     = @@character_set_client */;
/*!40101 SET character_set_client = utf8 */;
CREATE TABLE `auth_group_permissions` (
  `id` int(11) NOT NULL AUTO_INCREMENT,
  `group_id` int(11) NOT NULL,
  `permission_id` int(11) NOT NULL,
  PRIMARY KEY (`id`),
  UNIQUE KEY `auth_group_permissions_group_id_permission_id_0cd325b0_uniq` (`group_id`,`permission_id`),
  KEY `auth_group_permissio_permission_id_84c5c92e_fk_auth_perm` (`permission_id`),
  CONSTRAINT `auth_group_permissio_permission_id_84c5c92e_fk_auth_perm` FOREIGN KEY (`permission_id`) REFERENCES `auth_permission` (`id`),
  CONSTRAINT `auth_group_permissions_group_id_b120cbf9_fk_auth_group_id` FOREIGN KEY (`group_id`) REFERENCES `auth_group` (`id`)
) ENGINE=InnoDB DEFAULT CHARSET=latin1;
/*!40101 SET character_set_client = @saved_cs_client */;

--
-- Dumping data for table `auth_group_permissions`
--

LOCK TABLES `auth_group_permissions` WRITE;
/*!40000 ALTER TABLE `auth_group_permissions` DISABLE KEYS */;
/*!40000 ALTER TABLE `auth_group_permissions` ENABLE KEYS */;
UNLOCK TABLES;

--
-- Table structure for table `auth_permission`
--

DROP TABLE IF EXISTS `auth_permission`;
/*!40101 SET @saved_cs_client     = @@character_set_client */;
/*!40101 SET character_set_client = utf8 */;
CREATE TABLE `auth_permission` (
  `id` int(11) NOT NULL AUTO_INCREMENT,
  `name` varchar(255) NOT NULL,
  `content_type_id` int(11) NOT NULL,
  `codename` varchar(100) NOT NULL,
  PRIMARY KEY (`id`),
  UNIQUE KEY `auth_permission_content_type_id_codename_01ab375a_uniq` (`content_type_id`,`codename`),
  CONSTRAINT `auth_permission_content_type_id_2f476e4b_fk_django_co` FOREIGN KEY (`content_type_id`) REFERENCES `django_content_type` (`id`)
) ENGINE=InnoDB AUTO_INCREMENT=46 DEFAULT CHARSET=latin1;
/*!40101 SET character_set_client = @saved_cs_client */;

--
-- Dumping data for table `auth_permission`
--

LOCK TABLES `auth_permission` WRITE;
/*!40000 ALTER TABLE `auth_permission` DISABLE KEYS */;
INSERT INTO `auth_permission` VALUES (1,'Can add log entry',1,'add_logentry'),(2,'Can change log entry',1,'change_logentry'),(3,'Can delete log entry',1,'delete_logentry'),(4,'Can add group',2,'add_group'),(5,'Can change group',2,'change_group'),(6,'Can delete group',2,'delete_group'),(7,'Can add permission',3,'add_permission'),(8,'Can change permission',3,'change_permission'),(9,'Can delete permission',3,'delete_permission'),(10,'Can add user',4,'add_user'),(11,'Can change user',4,'change_user'),(12,'Can delete user',4,'delete_user'),(13,'Can add content type',5,'add_contenttype'),(14,'Can change content type',5,'change_contenttype'),(15,'Can delete content type',5,'delete_contenttype'),(16,'Can add session',6,'add_session'),(17,'Can change session',6,'change_session'),(18,'Can delete session',6,'delete_session'),(19,'Can add generalitat',7,'add_generalitat'),(20,'Can change generalitat',7,'change_generalitat'),(21,'Can delete generalitat',7,'delete_generalitat'),(22,'Can add estado',8,'add_estado'),(23,'Can change estado',8,'change_estado'),(24,'Can delete estado',8,'delete_estado'),(25,'Can add responsable',9,'add_responsable'),(26,'Can change responsable',9,'change_responsable'),(27,'Can delete responsable',9,'delete_responsable'),(28,'Can add Subvencion',10,'add_subvencion'),(29,'Can change Subvencion',10,'change_subvencion'),(30,'Can delete Subvencion',10,'delete_subvencion'),(31,'Can add diputacion',11,'add_diputacion'),(32,'Can change diputacion',11,'change_diputacion'),(33,'Can delete diputacion',11,'delete_diputacion'),(34,'Can add notification',12,'add_notification'),(35,'Can change notification',12,'change_notification'),(36,'Can delete notification',12,'delete_notification'),(37,'Can add nombre',13,'add_nombre'),(38,'Can change nombre',13,'change_nombre'),(39,'Can delete nombre',13,'delete_nombre'),(40,'Can add colectivo',14,'add_colectivo'),(41,'Can change colectivo',14,'change_colectivo'),(42,'Can delete colectivo',14,'delete_colectivo'),(43,'Can add gobierno',15,'add_gobierno'),(44,'Can change gobierno',15,'change_gobierno'),(45,'Can delete gobierno',15,'delete_gobierno');
/*!40000 ALTER TABLE `auth_permission` ENABLE KEYS */;
UNLOCK TABLES;

--
-- Table structure for table `auth_user`
--

DROP TABLE IF EXISTS `auth_user`;
/*!40101 SET @saved_cs_client     = @@character_set_client */;
/*!40101 SET character_set_client = utf8 */;
CREATE TABLE `auth_user` (
  `id` int(11) NOT NULL AUTO_INCREMENT,
  `password` varchar(128) NOT NULL,
  `last_login` datetime DEFAULT NULL,
  `is_superuser` tinyint(1) NOT NULL,
  `username` varchar(150) NOT NULL,
  `first_name` varchar(30) NOT NULL,
  `last_name` varchar(30) NOT NULL,
  `email` varchar(254) NOT NULL,
  `is_staff` tinyint(1) NOT NULL,
  `is_active` tinyint(1) NOT NULL,
  `date_joined` datetime NOT NULL,
  PRIMARY KEY (`id`),
  UNIQUE KEY `username` (`username`)
) ENGINE=InnoDB AUTO_INCREMENT=12 DEFAULT CHARSET=latin1;
/*!40101 SET character_set_client = @saved_cs_client */;

--
-- Dumping data for table `auth_user`
--

LOCK TABLES `auth_user` WRITE;
/*!40000 ALTER TABLE `auth_user` DISABLE KEYS */;
INSERT INTO `auth_user` VALUES (1,'pbkdf2_sha256$36000$wx1BUatcD9KK$S5Rr8QZo1DJgdBoxUc3v8ew9KjyJWyttvsS5PsB3rbI=','2018-02-12 11:59:22',1,'ayuntamiento','','','ayuntamiento@tarbena.es',1,1,'2018-02-06 11:51:17'),(2,'pbkdf2_sha256$36000$gDCWMz00Atel$yRRI5Xd7LaB1AUhhAvpJhAcJVcF+7eEE116aWYRcHHk=','2018-04-27 06:28:15',1,'Amos','','','amosisa700@gmail.com',1,1,'2018-02-06 13:44:58'),(3,'pbkdf2_sha256$36000$ihmuoUxqi6mF$AzEAcCc+0KP+13nV0JluMYA/zrlQHaWHNjqqQ//o7YA=','2018-04-19 06:54:03',0,'Thierry','','','thierry@tarbena.es',1,1,'2018-02-08 15:07:37'),(4,'pbkdf2_sha256$36000$wMVXMg0dJ0t8$z/CSY7Eu2KGRz7FFWpi9mkOqmjZJUjLyvc4cA/ajJDg=','2018-02-09 13:02:06',0,'Fernando','','','',1,1,'2018-02-08 15:08:34'),(5,'pbkdf2_sha256$36000$9h7jYqJE1xPB$If5mBrJ5cZjRY0T8XpqfnMTuxbi82tnsUO8wc8unYSQ=','2018-04-23 07:13:02',1,'JuanCarlos','Juan Carlos','','jctarbena@gmail.com',1,1,'2018-02-16 08:01:12'),(6,'pbkdf2_sha256$36000$Tvi2hK7d1GvF$1hb7YOfdEFdP9hnwPQhl81Mg9jLoRlv2LqkDAHgyozY=','2018-04-26 10:56:36',0,'Agnieszka','Agnieszka','Remsak','',0,1,'2018-04-13 11:00:25'),(7,'pbkdf2_sha256$36000$0dztTn0qBFzQ$Lo2lwJDrSE+2vffvRWTa/fg9LZJq1+NA7LReiwBcBtM=','2018-04-18 16:49:30',0,'Josemi','Jose Miguel','Molines','molinescano@gmail.com',0,1,'2018-04-16 20:28:26'),(8,'pbkdf2_sha256$36000$sqUaMmfZphaj$LojZUIyp7o4I17UF8hZ+GbO1mL88y4FeZyXnY3lTKPM=','2018-04-26 07:07:31',0,'Angel','Angel','Hernández','familiasalternativas@yahoo.es',0,1,'2018-04-26 05:54:49'),(9,'pbkdf2_sha256$36000$b1mig5DwtaBq$giUugFbWIjvZ9msefUcRUsXb1OJfKUf/6UWILMQEXnI=','2018-04-26 11:58:31',0,'MTerese','Maria Terese','Signes Pont','mtsignes@gmail.com',0,1,'2018-04-26 06:31:41'),(10,'pbkdf2_sha256$36000$6aRWqSuSmnnN$U/ufUjbTOTLrqbIlhnYNXfiE25BFTk1+Lb2iYRzRP9M=','2018-04-27 07:08:27',0,'MVicenta','María Vicenta','Sifre Ripoll','vicenta@tarbena.net',0,1,'2018-04-27 05:47:53'),(11,'pbkdf2_sha256$36000$z1oBrefE7i6Y$i0JzQqUDPGZ+U+Lv1fkh+7YVd29BxMDhyykGeUYjQgk=',NULL,0,'Marilo','Marilo','Monjo Signes','marilo@tarbena.net',0,1,'2018-04-27 05:49:03');
/*!40000 ALTER TABLE `auth_user` ENABLE KEYS */;
UNLOCK TABLES;

--
-- Table structure for table `auth_user_groups`
--

DROP TABLE IF EXISTS `auth_user_groups`;
/*!40101 SET @saved_cs_client     = @@character_set_client */;
/*!40101 SET character_set_client = utf8 */;
CREATE TABLE `auth_user_groups` (
  `id` int(11) NOT NULL AUTO_INCREMENT,
  `user_id` int(11) NOT NULL,
  `group_id` int(11) NOT NULL,
  PRIMARY KEY (`id`),
  UNIQUE KEY `auth_user_groups_user_id_group_id_94350c0c_uniq` (`user_id`,`group_id`),
  KEY `auth_user_groups_group_id_97559544_fk_auth_group_id` (`group_id`),
  CONSTRAINT `auth_user_groups_group_id_97559544_fk_auth_group_id` FOREIGN KEY (`group_id`) REFERENCES `auth_group` (`id`),
  CONSTRAINT `auth_user_groups_user_id_6a12ed8b_fk_auth_user_id` FOREIGN KEY (`user_id`) REFERENCES `auth_user` (`id`)
) ENGINE=InnoDB DEFAULT CHARSET=latin1;
/*!40101 SET character_set_client = @saved_cs_client */;

--
-- Dumping data for table `auth_user_groups`
--

LOCK TABLES `auth_user_groups` WRITE;
/*!40000 ALTER TABLE `auth_user_groups` DISABLE KEYS */;
/*!40000 ALTER TABLE `auth_user_groups` ENABLE KEYS */;
UNLOCK TABLES;

--
-- Table structure for table `auth_user_user_permissions`
--

DROP TABLE IF EXISTS `auth_user_user_permissions`;
/*!40101 SET @saved_cs_client     = @@character_set_client */;
/*!40101 SET character_set_client = utf8 */;
CREATE TABLE `auth_user_user_permissions` (
  `id` int(11) NOT NULL AUTO_INCREMENT,
  `user_id` int(11) NOT NULL,
  `permission_id` int(11) NOT NULL,
  PRIMARY KEY (`id`),
  UNIQUE KEY `auth_user_user_permissions_user_id_permission_id_14a6b632_uniq` (`user_id`,`permission_id`),
  KEY `auth_user_user_permi_permission_id_1fbb5f2c_fk_auth_perm` (`permission_id`),
  CONSTRAINT `auth_user_user_permi_permission_id_1fbb5f2c_fk_auth_perm` FOREIGN KEY (`permission_id`) REFERENCES `auth_permission` (`id`),
  CONSTRAINT `auth_user_user_permissions_user_id_a95ead1b_fk_auth_user_id` FOREIGN KEY (`user_id`) REFERENCES `auth_user` (`id`)
) ENGINE=InnoDB DEFAULT CHARSET=latin1;
/*!40101 SET character_set_client = @saved_cs_client */;

--
-- Dumping data for table `auth_user_user_permissions`
--

LOCK TABLES `auth_user_user_permissions` WRITE;
/*!40000 ALTER TABLE `auth_user_user_permissions` DISABLE KEYS */;
/*!40000 ALTER TABLE `auth_user_user_permissions` ENABLE KEYS */;
UNLOCK TABLES;

--
-- Table structure for table `django_admin_log`
--

DROP TABLE IF EXISTS `django_admin_log`;
/*!40101 SET @saved_cs_client     = @@character_set_client */;
/*!40101 SET character_set_client = utf8 */;
CREATE TABLE `django_admin_log` (
  `id` int(11) NOT NULL AUTO_INCREMENT,
  `action_time` datetime NOT NULL,
  `object_id` longtext,
  `object_repr` varchar(200) NOT NULL,
  `action_flag` smallint(5) unsigned NOT NULL,
  `change_message` longtext NOT NULL,
  `content_type_id` int(11) DEFAULT NULL,
  `user_id` int(11) NOT NULL,
  PRIMARY KEY (`id`),
  KEY `django_admin_log_content_type_id_c4bce8eb_fk_django_co` (`content_type_id`),
  KEY `django_admin_log_user_id_c564eba6_fk_auth_user_id` (`user_id`),
  CONSTRAINT `django_admin_log_content_type_id_c4bce8eb_fk_django_co` FOREIGN KEY (`content_type_id`) REFERENCES `django_content_type` (`id`),
  CONSTRAINT `django_admin_log_user_id_c564eba6_fk_auth_user_id` FOREIGN KEY (`user_id`) REFERENCES `auth_user` (`id`)
) ENGINE=InnoDB AUTO_INCREMENT=244 DEFAULT CHARSET=latin1;
/*!40101 SET character_set_client = @saved_cs_client */;

--
-- Dumping data for table `django_admin_log`
--

LOCK TABLES `django_admin_log` WRITE;
/*!40000 ALTER TABLE `django_admin_log` DISABLE KEYS */;
INSERT INTO `django_admin_log` VALUES (1,'2018-02-06 13:25:14','2','Actividades culturales de especial relievee 2018-02-02',2,'[{\"changed\": {\"fields\": [\"slug\", \"nombre\"]}}]',10,1),(2,'2018-02-06 13:25:37','2','Actividades culturales de especial relieve 2018-02-02',2,'[{\"changed\": {\"fields\": [\"slug\", \"nombre\"]}}]',10,1),(3,'2018-02-06 13:44:58','2','amos',1,'[{\"added\": {}}]',4,1),(4,'2018-02-06 13:56:25','4','Prueba1',3,'',11,1),(5,'2018-02-06 13:56:25','5','pRÚEBA1pRÚEBA1pRÚEBA1pRÚEBA1pRÚEBA1pRÚEBA1pRÚEBA1',3,'',11,1),(6,'2018-02-06 13:56:35','10','pRÚEBA1pRÚEBA1pRÚEBA1pRÚEBA1pRÚEBA1pRÚEBA1pRÚEBA1pRÚEBA1',3,'',8,1),(7,'2018-02-06 13:56:35','9','Prueba1Prueba1Prueba1Prueba1Prueba1Prueba1Prueba1Prueba1Prueba1Prueba1Prueba1Prueba1',3,'',8,1),(8,'2018-02-06 13:56:44','2','pRÚEBA1pRÚEBA1pRÚEBA1pRÚEBA1pRÚEBA1pRÚEBA1pRÚEBA1pRÚEBA1',3,'',7,1),(9,'2018-02-06 13:56:44','1','Prueba1Prueba1Prueba1Prueba1Prueba1Prueba1Prueba1Prueba1Prueba1Prueba1',3,'',7,1),(10,'2018-02-06 13:56:52','10','pRÚEBA1pRÚEBA1pRÚEBA1pRÚEBA1pRÚEBA1pRÚEBA1pRÚEBA1pRÚEBA1pRÚEBA1pRÚEBA1pRÚEBA1',3,'',9,1),(11,'2018-02-06 13:56:52','9','Prueba1',3,'',9,1),(12,'2018-02-06 14:59:31','2','amos',2,'[{\"changed\": {\"fields\": [\"is_staff\", \"is_superuser\"]}}]',4,1),(13,'2018-02-07 09:41:44','2','amos',2,'[{\"changed\": {\"fields\": [\"email\"]}}]',4,1),(14,'2018-02-07 09:43:18','8','Subvención de Amos 2018-02-03',3,'',10,1),(15,'2018-02-07 09:43:29','11','Amos',3,'',9,1),(16,'2018-02-07 09:43:34','7','Amos',3,'',9,1),(17,'2018-02-07 12:08:54','12','Amos',3,'',9,1),(18,'2018-02-08 15:07:37','3','Thierry',1,'[{\"added\": {}}]',4,1),(19,'2018-02-08 15:07:47','3','Thierry',2,'[{\"changed\": {\"fields\": [\"is_staff\"]}}]',4,1),(20,'2018-02-08 15:08:34','4','Fernando',1,'[{\"added\": {}}]',4,1),(21,'2018-02-08 15:08:42','4','Fernando',2,'[{\"changed\": {\"fields\": [\"is_staff\"]}}]',4,1),(22,'2018-02-15 16:42:01','46','amos ha editado una subvención: \"Actividades culturales, musicales y escénicas 2018\" 0 minutos ago',3,'',12,2),(23,'2018-02-15 16:42:01','45','amos ha editado una subvención: \"Actividades culturales, musicales y escénicas 2018\" 0 minutos ago',3,'',12,2),(24,'2018-02-15 16:42:01','44','amos ha editado una subvención: \"Actividades culturales, musicales y escénicas 2018\" 0 minutos ago',3,'',12,2),(25,'2018-02-15 16:42:01','43','amos ha editado una subvención: \"equipamiento instalaciones culturales municipales\" 1 minuto ago',3,'',12,2),(26,'2018-02-15 16:42:01','42','amos ha editado una subvención: \"equipamiento instalaciones culturales municipales\" 1 minuto ago',3,'',12,2),(27,'2018-02-15 16:42:01','41','amos ha editado una subvención: \"equipamiento instalaciones culturales municipales\" 1 minuto ago',3,'',12,2),(28,'2018-02-16 07:51:33','3','Thierry',2,'[{\"changed\": {\"fields\": [\"email\"]}}]',4,1),(29,'2018-02-16 08:01:12','5','JuanCarlos',1,'[{\"added\": {}}]',4,1),(30,'2018-02-16 08:02:37','5','JuanCarlos',2,'[{\"changed\": {\"fields\": [\"first_name\", \"email\", \"is_staff\", \"is_superuser\"]}}]',4,1),(31,'2018-02-18 12:42:46','5','Aprobada',2,'[]',8,2),(32,'2018-02-18 12:42:49','1','Cerrada a espera de resolución',2,'[]',8,2),(33,'2018-02-18 12:42:53','4','Definiéndose',2,'[]',8,2),(34,'2018-02-18 12:42:56','6','Desestimada',2,'[]',8,2),(35,'2018-02-18 12:42:59','7','Ejecutada y terminada',2,'[]',8,2),(36,'2018-02-18 12:43:03','8','Limbo',2,'[]',8,2),(37,'2018-02-18 12:43:06','2','No aplicable',2,'[]',8,2),(38,'2018-02-18 12:43:10','2','No aplicable',2,'[]',8,2),(39,'2018-02-18 12:43:14','3','Solicitada con detalles por definir',2,'[]',8,2),(40,'2018-02-18 17:20:36','3','Conselleria de Agricultura, Medio Ambiente, Cambio Climático y Desarrollo Rural',1,'[{\"added\": {}}]',7,5),(41,'2018-02-20 08:11:33','6','Bienestar social',1,'[{\"added\": {}}]',11,5),(42,'2018-02-20 08:29:12','6','Bienestar social',2,'[]',11,5),(43,'2018-02-20 08:31:03','6','Bienestar social',2,'[]',11,5),(44,'2018-02-20 08:31:12','6','Bienestar social',2,'[{\"changed\": {\"fields\": [\"font_color\"]}}]',11,5),(45,'2018-02-20 08:34:41','6','Bienestar social',2,'[]',11,5),(46,'2018-02-20 08:35:13','6','Bienestar social',2,'[{\"changed\": {\"fields\": [\"font_color\"]}}]',11,5),(47,'2018-02-20 09:05:34','3','Infraestructuras. Cooperación',2,'[{\"changed\": {\"fields\": [\"font_color\"]}}]',11,5),(48,'2018-02-20 09:07:36','5','Aprobada',2,'[{\"changed\": {\"fields\": [\"font_color\"]}}]',8,5),(49,'2018-02-20 09:10:52','5','Aprobada',2,'[{\"changed\": {\"fields\": [\"font_color\"]}}]',8,5),(50,'2018-02-20 09:11:58','4','Definiéndose',2,'[{\"changed\": {\"fields\": [\"font_color\"]}}]',8,5),(51,'2018-02-20 09:17:13','6','Desestimada',2,'[{\"changed\": {\"fields\": [\"font_color\"]}}]',8,5),(52,'2018-02-20 09:21:18','3','Solicitada con detalles por definir',2,'[{\"changed\": {\"fields\": [\"font_color\"]}}]',8,5),(53,'2018-02-20 17:30:38','134','amos subvención, Subvención creada por amos para comprobar error (No tener en cuenta) 3 minutos ago',3,'',12,2),(54,'2018-02-20 17:30:38','133','amos subvención, Subvención creada por amos para comprobar error (No tener en cuenta) 3 minutos ago',3,'',12,2),(55,'2018-02-20 17:30:38','132','amos subvención, Subvención creada por amos para comprobar error (No tener en cuenta) 3 minutos ago',3,'',12,2),(56,'2018-02-20 17:30:38','131','amos subvención, Subvención creada por amos para comprobar error (No tener en cuenta) 3 minutos ago',3,'',12,2),(57,'2018-02-20 17:30:38','130','amos subvención, Subvención creada por amos para comprobar error (No tener en cuenta) 3 minutos ago',3,'',12,2),(58,'2018-02-20 17:31:01','17','Subvención creada por amos para comprobar error (No tener en cuenta) None',3,'',10,2),(59,'2018-02-21 07:24:45','4','Conselleria de Transparencia, Responsabilidad Social, Participación y Cooperación',1,'[{\"added\": {}}]',7,5),(60,'2018-02-22 10:49:30','5','Dirección General de Administración Local, de la Presidencia de la Generalitat',1,'[{\"added\": {}}]',7,5),(61,'2018-02-22 19:19:50','7','Deportes',1,'[{\"added\": {}}]',11,5),(62,'2018-02-23 07:44:30','6','Conselleria de Economía Sostenible, Sectores Productivos, Comercio y Trabajo',1,'[{\"added\": {}}]',7,5),(63,'2018-02-23 13:49:23','2','Agua. Ciclo hídrico',2,'[]',11,2),(64,'2018-02-23 13:49:26','6','Bienestar social',2,'[]',11,2),(65,'2018-02-23 13:49:28','1','Cultura',2,'[]',11,2),(66,'2018-02-23 13:49:30','7','Deportes',2,'[]',11,2),(67,'2018-02-23 13:49:32','3','Infraestructuras. Cooperación',2,'[]',11,2),(68,'2018-02-23 13:49:39','3','Conselleria de Agricultura, Medio Ambiente, Cambio Climático y Desarrollo Rural',2,'[]',7,2),(69,'2018-02-23 13:49:41','6','Conselleria de Economía Sostenible, Sectores Productivos, Comercio y Trabajo',2,'[]',7,2),(70,'2018-02-23 13:49:43','4','Conselleria de Transparencia, Responsabilidad Social, Participación y Cooperación',2,'[]',7,2),(71,'2018-02-23 13:49:46','5','Dirección General de Administración Local, de la Presidencia de la Generalitat',2,'[]',7,2),(72,'2018-02-23 13:52:36','324','amos departamento (Generalitat), \"Dirección General de Administración Local, de la Presidencia de la Generalitat\" 2 minutos ago',3,'',12,2),(73,'2018-02-23 13:52:36','323','amos departamento (Generalitat), \"Dirección General de Administración Local, de la Presidencia de la Generalitat\" 2 minutos ago',3,'',12,2),(74,'2018-02-23 13:52:36','322','amos departamento (Generalitat), \"Dirección General de Administración Local, de la Presidencia de la Generalitat\" 2 minutos ago',3,'',12,2),(75,'2018-02-23 13:52:36','321','amos departamento (Generalitat), \"Dirección General de Administración Local, de la Presidencia de la Generalitat\" 2 minutos ago',3,'',12,2),(76,'2018-02-23 13:52:36','320','amos departamento (Generalitat), \"Dirección General de Administración Local, de la Presidencia de la Generalitat\" 2 minutos ago',3,'',12,2),(77,'2018-02-23 13:52:36','319','amos departamento (Generalitat), \"Conselleria de Transparencia, Responsabilidad Social, Participación y Cooperación\" 2 minutos ago',3,'',12,2),(78,'2018-02-23 13:52:36','318','amos departamento (Generalitat), \"Conselleria de Transparencia, Responsabilidad Social, Participación y Cooperación\" 2 minutos ago',3,'',12,2),(79,'2018-02-23 13:52:36','317','amos departamento (Generalitat), \"Conselleria de Transparencia, Responsabilidad Social, Participación y Cooperación\" 2 minutos ago',3,'',12,2),(80,'2018-02-23 13:52:36','316','amos departamento (Generalitat), \"Conselleria de Transparencia, Responsabilidad Social, Participación y Cooperación\" 2 minutos ago',3,'',12,2),(81,'2018-02-23 13:52:36','315','amos departamento (Generalitat), \"Conselleria de Transparencia, Responsabilidad Social, Participación y Cooperación\" 2 minutos ago',3,'',12,2),(82,'2018-02-23 13:52:36','314','amos departamento (Generalitat), \"Conselleria de Economía Sostenible, Sectores Productivos, Comercio y Trabajo\" 2 minutos ago',3,'',12,2),(83,'2018-02-23 13:52:36','313','amos departamento (Generalitat), \"Conselleria de Economía Sostenible, Sectores Productivos, Comercio y Trabajo\" 2 minutos ago',3,'',12,2),(84,'2018-02-23 13:52:36','312','amos departamento (Generalitat), \"Conselleria de Economía Sostenible, Sectores Productivos, Comercio y Trabajo\" 2 minutos ago',3,'',12,2),(85,'2018-02-23 13:52:36','311','amos departamento (Generalitat), \"Conselleria de Economía Sostenible, Sectores Productivos, Comercio y Trabajo\" 2 minutos ago',3,'',12,2),(86,'2018-02-23 13:52:36','310','amos departamento (Generalitat), \"Conselleria de Economía Sostenible, Sectores Productivos, Comercio y Trabajo\" 2 minutos ago',3,'',12,2),(87,'2018-02-23 13:52:36','309','amos departamento (Generalitat), \"Conselleria de Agricultura, Medio Ambiente, Cambio Climático y Desarrollo Rural\" 2 minutos ago',3,'',12,2),(88,'2018-02-23 13:52:36','308','amos departamento (Generalitat), \"Conselleria de Agricultura, Medio Ambiente, Cambio Climático y Desarrollo Rural\" 2 minutos ago',3,'',12,2),(89,'2018-02-23 13:52:36','307','amos departamento (Generalitat), \"Conselleria de Agricultura, Medio Ambiente, Cambio Climático y Desarrollo Rural\" 2 minutos ago',3,'',12,2),(90,'2018-02-23 13:52:36','306','amos departamento (Generalitat), \"Conselleria de Agricultura, Medio Ambiente, Cambio Climático y Desarrollo Rural\" 2 minutos ago',3,'',12,2),(91,'2018-02-23 13:52:36','305','amos departamento (Generalitat), \"Conselleria de Agricultura, Medio Ambiente, Cambio Climático y Desarrollo Rural\" 2 minutos ago',3,'',12,2),(92,'2018-02-23 13:52:36','304','amos departamento (Diputación), \"Infraestructuras. Cooperación\" 3 minutos ago',3,'',12,2),(93,'2018-02-23 13:52:36','303','amos departamento (Diputación), \"Infraestructuras. Cooperación\" 3 minutos ago',3,'',12,2),(94,'2018-02-23 13:52:36','302','amos departamento (Diputación), \"Infraestructuras. Cooperación\" 3 minutos ago',3,'',12,2),(95,'2018-02-23 13:52:36','301','amos departamento (Diputación), \"Infraestructuras. Cooperación\" 3 minutos ago',3,'',12,2),(96,'2018-02-23 13:52:36','300','amos departamento (Diputación), \"Infraestructuras. Cooperación\" 3 minutos ago',3,'',12,2),(97,'2018-02-23 13:52:36','299','amos departamento (Diputación), \"Deportes\" 3 minutos ago',3,'',12,2),(98,'2018-02-23 13:52:36','298','amos departamento (Diputación), \"Deportes\" 3 minutos ago',3,'',12,2),(99,'2018-02-23 13:52:36','297','amos departamento (Diputación), \"Deportes\" 3 minutos ago',3,'',12,2),(100,'2018-02-23 13:52:36','296','amos departamento (Diputación), \"Deportes\" 3 minutos ago',3,'',12,2),(101,'2018-02-23 13:52:36','295','amos departamento (Diputación), \"Deportes\" 3 minutos ago',3,'',12,2),(102,'2018-02-23 13:52:36','294','amos departamento (Diputación), \"Cultura\" 3 minutos ago',3,'',12,2),(103,'2018-02-23 13:52:36','293','amos departamento (Diputación), \"Cultura\" 3 minutos ago',3,'',12,2),(104,'2018-02-23 13:52:36','292','amos departamento (Diputación), \"Cultura\" 3 minutos ago',3,'',12,2),(105,'2018-02-23 13:52:36','291','amos departamento (Diputación), \"Cultura\" 3 minutos ago',3,'',12,2),(106,'2018-02-23 13:52:36','290','amos departamento (Diputación), \"Cultura\" 3 minutos ago',3,'',12,2),(107,'2018-02-23 13:53:01','2','Amos',2,'[{\"changed\": {\"fields\": [\"username\"]}}]',4,2),(108,'2018-02-23 13:53:17','289','Amos departamento (Diputación), \"Bienestar social\" 3 minutos ago',3,'',12,2),(109,'2018-02-23 13:53:17','288','Amos departamento (Diputación), \"Bienestar social\" 3 minutos ago',3,'',12,2),(110,'2018-02-23 13:53:17','287','Amos departamento (Diputación), \"Bienestar social\" 3 minutos ago',3,'',12,2),(111,'2018-02-23 13:53:17','286','Amos departamento (Diputación), \"Bienestar social\" 3 minutos ago',3,'',12,2),(112,'2018-02-23 13:53:17','285','Amos departamento (Diputación), \"Bienestar social\" 3 minutos ago',3,'',12,2),(113,'2018-02-23 13:53:17','284','Amos departamento (Diputación), \"Agua. Ciclo hídrico\" 3 minutos ago',3,'',12,2),(114,'2018-02-23 13:53:17','283','Amos departamento (Diputación), \"Agua. Ciclo hídrico\" 3 minutos ago',3,'',12,2),(115,'2018-02-23 13:53:17','282','Amos departamento (Diputación), \"Agua. Ciclo hídrico\" 3 minutos ago',3,'',12,2),(116,'2018-02-23 13:53:17','281','Amos departamento (Diputación), \"Agua. Ciclo hídrico\" 3 minutos ago',3,'',12,2),(117,'2018-02-23 13:53:17','280','Amos departamento (Diputación), \"Agua. Ciclo hídrico\" 3 minutos ago',3,'',12,2),(118,'2018-02-24 17:58:07','7','Dirección Territorial de Igualdad y Políticas Inclusivas',1,'[{\"added\": {}}]',7,5),(119,'2018-02-25 10:16:20','27','EMERGE 2018. Programa de subvenciones Iniciativa Social, destinadas a la contratación, para la realización de acciones previstas en planes o procedimientos de emergencias en el ámbito forestal 2018',2,'[]',10,2),(120,'2018-02-25 14:52:33','26','Solicitud de estancias en balnearios de la Comunidad Valenciana: Programa de Termalismo Valenciano 2018',2,'[]',10,2),(121,'2018-02-25 14:53:06','25','Concesión de Premios a los Mejores Deportistas, al Mejor Técnico y Mejor Club Deportivo de la Provincia. 2018',2,'[]',10,2),(122,'2018-02-25 14:53:20','24','Solicitud de subvenciones para sostenimiento de gastos corrientes de las mancomunidades de municipios de la Comunitat Valenciana. 2018',2,'[]',10,2),(123,'2018-02-25 14:53:58','23','Subvenciones a Instituciones sin fin de lucro en el ámbito del Bienestar Social para la adquisición de equipamiento 2018',2,'[]',10,2),(124,'2018-02-25 14:54:11','22','Subvenciones a Instituciones sin fin de lucro en el ámbito del Bienestar Social para la adquisición de equipamiento 2018',2,'[]',10,2),(125,'2018-02-25 14:54:52','21','Reparación de infraestructuras hidráulicas a ejecutar por los municipios. RACH 2018 2018',2,'[]',10,2),(126,'2018-02-25 14:55:17','12','entidades sin ánimo de lucro en el ámbito del bienestar social para el desarrollo de actividades de promoción de la convivencia a través del ocio y el tiempo libre 2018',2,'[]',10,2),(127,'2018-02-25 14:55:27','20','Realización de actuaciones relacionadas con la formación y divulgación en materia de responsabilidad social 2018',2,'[]',10,2),(128,'2018-02-25 14:55:36','19','Ayudas para la realización y mejora de infraestructuras hidráulicas de abastecimiento y saneamiento a ejecutar por la Diputación. IDCH 2018 2018',2,'[]',10,2),(129,'2018-02-25 14:55:45','18','Subvenciones a favor Entidades Locales para coadyugar en la financiación de infraestructuras hidráulicas de abastecimiento y saneamiento. IACH 2018 2018',2,'[]',10,2),(130,'2018-02-25 14:55:57','16','Subvenciones a Entidades Locales y Entidades de Riego para la redacción, por la Diputación de proyectos en materia de Ciclo Hidríco. 2018',2,'[]',10,2),(131,'2018-02-25 14:56:11','15','Subvenciones para la realización y mejora de infraestructuras e instalaciones hidráulicas que incrementen la eficiencia del uso de agua en regadío 2018',2,'[]',10,2),(132,'2018-02-25 14:56:23','14','Subvenciones destinadas a ayuntamientos y mancomunidades para la realización de actividades de promoción social dirigidas a colectivos vulnerables y para la adquisición de equipamiento destinado a cen',2,'[]',10,2),(133,'2018-02-25 14:56:40','13','Ayudas no dinerarias para reparaciones y conservación de caminos de titularidad no provincial a ejecutar por la Diputación 2018',2,'[]',10,2),(134,'2018-02-25 14:56:48','12','entidades sin ánimo de lucro en el ámbito del bienestar social para el desarrollo de actividades de promoción de la convivencia a través del ocio y el tiempo libre 2018',2,'[]',10,2),(135,'2018-02-25 14:56:56','11','entidades sin fin de lucro, dentro del ámbito de los servicios sociales, para la realización de actividades de carácter formativo, terapéutico y/o rehabilitador 2018',2,'[]',10,2),(136,'2018-02-25 14:57:18','10','Ayudas destinadas para la redacción de nuevos Planes Locales de Prevención de Incendios Forestales (PLPIF) o para la revisión de los ya aprobados 2018',2,'[]',10,2),(137,'2018-02-25 14:57:22','9','Ayudas para la aplicación de medidas de gestión forestal sostenible en el marco del Programa de Desarrollo Rural de la Comunitat Valenciana 2014-2020 2018',2,'[]',10,2),(138,'2018-02-25 14:57:27','6','equipamiento instalaciones culturales municipales 2017',2,'[]',10,2),(139,'2018-02-25 14:57:31','5','Equipamiento de Instalaciones Culturales de titularidad municipal 2018',2,'[]',10,2),(140,'2018-02-25 14:57:34','4','Actividades culturales, musicales y escénicas 2018 2018',2,'[]',10,2),(141,'2018-02-25 14:57:40','3','Campaña de Música als Pobles 2018',2,'[]',10,2),(142,'2018-02-25 14:57:43','2','Actividades culturales de especial relieve 2018',2,'[]',10,2),(143,'2018-02-25 14:57:46','1','Fomento de la lengua y cultura popular valenciana 2018',2,'[]',10,2),(144,'2018-02-26 18:10:11','8','Conselleria de Hacienda y Modelo Económico',1,'[{\"added\": {}}]',7,5),(145,'2018-02-28 11:17:43','1','Ayuntamiento',1,'[{\"added\": {}}]',14,2),(146,'2018-02-28 11:17:50','2','Mancomunidad',1,'[{\"added\": {}}]',14,2),(147,'2018-02-28 11:17:51','2','Mancomunidad',2,'[]',14,2),(148,'2018-02-28 11:17:58','3','Asociaciones',1,'[{\"added\": {}}]',14,2),(149,'2018-02-28 11:18:03','4','Particulares',1,'[{\"added\": {}}]',14,2),(150,'2018-02-28 11:18:17','5','Ayuntamientos y mancomunidades',1,'[{\"added\": {}}]',14,2),(151,'2018-02-28 11:19:14','384','Amos colectivo, \"Ayuntamientos y mancomunidades\" 0 minutos ago',3,'',12,2),(152,'2018-02-28 11:19:14','383','Amos colectivo, \"Ayuntamientos y mancomunidades\" 0 minutos ago',3,'',12,2),(153,'2018-02-28 11:19:14','382','Amos colectivo, \"Ayuntamientos y mancomunidades\" 0 minutos ago',3,'',12,2),(154,'2018-02-28 11:19:14','381','Amos colectivo, \"Ayuntamientos y mancomunidades\" 0 minutos ago',3,'',12,2),(155,'2018-02-28 11:19:14','380','Amos colectivo, \"Ayuntamientos y mancomunidades\" 0 minutos ago',3,'',12,2),(156,'2018-02-28 11:19:14','379','Amos colectivo, \"Particulares\" 1 minuto ago',3,'',12,2),(157,'2018-02-28 11:19:14','378','Amos colectivo, \"Particulares\" 1 minuto ago',3,'',12,2),(158,'2018-02-28 11:19:14','377','Amos colectivo, \"Particulares\" 1 minuto ago',3,'',12,2),(159,'2018-02-28 11:19:14','376','Amos colectivo, \"Particulares\" 1 minuto ago',3,'',12,2),(160,'2018-02-28 11:19:14','375','Amos colectivo, \"Particulares\" 1 minuto ago',3,'',12,2),(161,'2018-02-28 11:19:14','374','Amos colectivo, \"Asociaciones\" 1 minuto ago',3,'',12,2),(162,'2018-02-28 11:19:14','373','Amos colectivo, \"Asociaciones\" 1 minuto ago',3,'',12,2),(163,'2018-02-28 11:19:14','372','Amos colectivo, \"Asociaciones\" 1 minuto ago',3,'',12,2),(164,'2018-02-28 11:19:14','371','Amos colectivo, \"Asociaciones\" 1 minuto ago',3,'',12,2),(165,'2018-02-28 11:19:14','370','Amos colectivo, \"Asociaciones\" 1 minuto ago',3,'',12,2),(166,'2018-02-28 11:19:14','369','Amos colectivo, \"Mancomunidad\" 1 minuto ago',3,'',12,2),(167,'2018-02-28 11:19:14','368','Amos colectivo, \"Mancomunidad\" 1 minuto ago',3,'',12,2),(168,'2018-02-28 11:19:14','367','Amos colectivo, \"Mancomunidad\" 1 minuto ago',3,'',12,2),(169,'2018-02-28 11:19:14','366','Amos colectivo, \"Mancomunidad\" 1 minuto ago',3,'',12,2),(170,'2018-02-28 11:19:14','365','Amos colectivo, \"Mancomunidad\" 1 minuto ago',3,'',12,2),(171,'2018-02-28 11:19:14','364','Amos colectivo, \"Mancomunidad\" 1 minuto ago',3,'',12,2),(172,'2018-02-28 11:19:14','363','Amos colectivo, \"Mancomunidad\" 1 minuto ago',3,'',12,2),(173,'2018-02-28 11:19:14','362','Amos colectivo, \"Mancomunidad\" 1 minuto ago',3,'',12,2),(174,'2018-02-28 11:19:14','361','Amos colectivo, \"Mancomunidad\" 1 minuto ago',3,'',12,2),(175,'2018-02-28 11:19:14','360','Amos colectivo, \"Mancomunidad\" 1 minuto ago',3,'',12,2),(176,'2018-02-28 11:19:14','359','Amos colectivo, \"Ayuntamiento\" 1 minuto ago',3,'',12,2),(177,'2018-02-28 11:19:14','358','Amos colectivo, \"Ayuntamiento\" 1 minuto ago',3,'',12,2),(178,'2018-02-28 11:19:14','357','Amos colectivo, \"Ayuntamiento\" 1 minuto ago',3,'',12,2),(179,'2018-02-28 11:19:14','356','Amos colectivo, \"Ayuntamiento\" 1 minuto ago',3,'',12,2),(180,'2018-02-28 11:19:14','355','Amos colectivo, \"Ayuntamiento\" 1 minuto ago',3,'',12,2),(181,'2018-02-28 12:34:50','9','Fernando',1,'[{\"added\": {}}]',9,5),(182,'2018-03-02 12:42:46','9','Institut Valencià de la Joventut',1,'[{\"added\": {}}]',7,5),(183,'2018-03-02 12:54:46','10','Consejo de Cámaras de Comercio, Industria, Servicios y Navegación',1,'[{\"added\": {}}]',7,5),(184,'2018-03-02 12:58:31','11','SERVEF',1,'[{\"added\": {}}]',7,5),(185,'2018-03-07 09:02:10','12','Conselleria de Justicia, Administración Pública, Reformas Democráticas y Libertades Públicas',1,'[{\"added\": {}}]',7,5),(186,'2018-03-08 12:37:38','13','Educación, Investigación, Cultura y Deporte',1,'[{\"added\": {}}]',7,5),(187,'2018-03-11 12:38:20','28','Red COMDES - Solicitud de autorización para el uso de la Red de Comunicaciones Móviles Digitales de Emergencias y Seguridad de la Comunitat Valenciana 2018',2,'[{\"changed\": {\"fields\": [\"colectivo\"]}}]',10,2),(188,'2018-03-11 12:47:47','5','Ayuntamientos y mancomunidades',3,'',14,2),(189,'2018-03-15 23:52:02','9','Sin atender',1,'[{\"added\": {}}]',8,5),(190,'2018-03-16 08:20:25','8','Medio Ambiente',1,'[{\"added\": {}}]',11,5),(191,'2018-03-16 09:05:49','9','Igualdad y Juventud',1,'[{\"added\": {}}]',11,5),(192,'2018-03-26 10:55:32','1','Fomento de la lengua y cultura popular valenciana 2018',2,'[{\"changed\": {\"fields\": [\"colectivo\"]}}]',10,2),(193,'2018-03-26 10:55:40','2','Actividades culturales de especial relieve 2018',2,'[{\"changed\": {\"fields\": [\"colectivo\"]}}]',10,2),(194,'2018-03-26 10:55:48','3','Campaña de Música als Pobles 2018',2,'[{\"changed\": {\"fields\": [\"colectivo\"]}}]',10,2),(195,'2018-03-26 10:56:29','4','Actividades culturales, musicales y escénicas 2018 2018',2,'[{\"changed\": {\"fields\": [\"colectivo\"]}}]',10,2),(196,'2018-03-26 10:56:37','5','Equipamiento de Instalaciones Culturales de titularidad municipal 2018',2,'[{\"changed\": {\"fields\": [\"colectivo\"]}}]',10,2),(197,'2018-03-26 10:56:47','6','equipamiento instalaciones culturales municipales 2017',2,'[{\"changed\": {\"fields\": [\"colectivo\"]}}]',10,2),(198,'2018-03-26 17:17:27','10','postergado',1,'[{\"added\": {}}]',8,5),(199,'2018-03-28 06:59:07','10','Ciudadanos extranjeros',1,'[{\"added\": {}}]',11,5),(200,'2018-03-28 10:30:07','11','Patronato de Turismo',1,'[{\"added\": {}}]',11,5),(201,'2018-03-28 11:49:13','12','Instituto Juan Gil-Albert',1,'[{\"added\": {}}]',11,5),(202,'2018-04-06 12:25:31','14','Agencia valenciana de seguridad y respuesta a las emergencia',1,'[{\"added\": {}}]',7,5),(203,'2018-04-06 21:38:54','15','Conselleria de Sanidad Universal y Salud Pública',1,'[{\"added\": {}}]',7,5),(204,'2018-04-10 12:33:11','16','Agència Valenciana del Turisme',1,'[{\"added\": {}}]',7,5),(205,'2018-04-13 05:40:43','17','IVAJ',1,'[{\"added\": {}}]',7,5),(206,'2018-04-13 11:00:25','6','Agnieszka',1,'[{\"added\": {}}]',4,5),(207,'2018-04-13 11:19:17','6','Agnieszka',2,'[{\"changed\": {\"fields\": [\"first_name\", \"last_name\", \"is_staff\"]}}]',4,5),(208,'2018-04-13 11:20:26','10','Agnieszka',1,'[{\"added\": {}}]',9,5),(209,'2018-04-13 19:44:53','13','Promoción y desarrollo local',1,'[{\"added\": {}}]',11,5),(210,'2018-04-13 20:29:06','18','Conselleria de Vivienda, Obras Públicas y Vertebración del Territorio',1,'[{\"added\": {}}]',7,5),(211,'2018-04-13 21:22:32','14','Servicio Asistencia a Municipios',1,'[{\"added\": {}}]',11,5),(212,'2018-04-13 21:25:29','15','Residuos Sólidos Urbanos',1,'[{\"added\": {}}]',11,5),(213,'2018-04-16 20:28:26','7','Josemi',1,'[{\"added\": {}}]',4,5),(214,'2018-04-16 20:29:03','7','Josemi',2,'[{\"changed\": {\"fields\": [\"first_name\", \"last_name\", \"email\"]}}]',4,5),(215,'2018-04-16 20:33:32','6','Agnieszka',2,'[{\"changed\": {\"fields\": [\"is_staff\"]}}]',4,5),(216,'2018-04-20 08:03:08','5','Otros',1,'[{\"added\": {}}]',14,2),(217,'2018-04-20 09:08:50','10','Agnieszka',2,'[{\"changed\": {\"fields\": [\"user\"]}}]',9,2),(218,'2018-04-20 09:08:55','9','Fernando',2,'[{\"changed\": {\"fields\": [\"user\"]}}]',9,2),(219,'2018-04-20 09:09:04','6','Jose Mi',2,'[{\"changed\": {\"fields\": [\"user\"]}}]',9,2),(220,'2018-04-20 09:09:26','3','Thierry',2,'[{\"changed\": {\"fields\": [\"user\"]}}]',9,2),(221,'2018-04-20 09:09:39','1','Juan Carlos',2,'[{\"changed\": {\"fields\": [\"user\"]}}]',9,2),(222,'2018-04-20 16:11:33','16','Fomento y desarrollo',1,'[{\"added\": {}}]',11,5),(223,'2018-04-26 05:54:49','8','Angel',1,'[{\"added\": {}}]',4,5),(224,'2018-04-26 05:55:19','8','Angel',2,'[{\"changed\": {\"fields\": [\"first_name\", \"last_name\", \"email\"]}}]',4,5),(225,'2018-04-26 05:59:39','8','Angel',2,'[]',4,5),(226,'2018-04-26 06:00:22','8','Angel',2,'[{\"changed\": {\"fields\": [\"is_staff\"]}}]',4,5),(227,'2018-04-26 06:01:30','8','Angel',2,'[{\"changed\": {\"fields\": [\"is_staff\"]}}]',4,5),(228,'2018-04-26 06:31:41','9','MTerese',1,'[{\"added\": {}}]',4,5),(229,'2018-04-26 06:32:17','9','MTerese',2,'[{\"changed\": {\"fields\": [\"first_name\", \"last_name\", \"email\"]}}]',4,5),(230,'2018-04-27 05:41:59','11','MTerese',1,'[{\"added\": {}}]',9,5),(231,'2018-04-27 05:42:08','12','Angel',1,'[{\"added\": {}}]',9,5),(232,'2018-04-27 05:42:58','11','MTerese',3,'',9,5),(233,'2018-04-27 05:43:22','13','Maria Teresa',1,'[{\"added\": {}}]',9,5),(234,'2018-04-27 05:46:11','13','Maria Teresa',2,'[{\"changed\": {\"fields\": [\"user\"]}}]',9,5),(235,'2018-04-27 05:46:18','12','Angel',2,'[{\"changed\": {\"fields\": [\"user\"]}}]',9,5),(236,'2018-04-27 05:47:53','10','MVicenta',1,'[{\"added\": {}}]',4,5),(237,'2018-04-27 05:48:28','10','MVicenta',2,'[{\"changed\": {\"fields\": [\"first_name\", \"last_name\", \"email\"]}}]',4,5),(238,'2018-04-27 05:49:03','11','Marilo',1,'[{\"added\": {}}]',4,5),(239,'2018-04-27 05:51:10','11','Marilo',2,'[{\"changed\": {\"fields\": [\"first_name\", \"last_name\", \"email\"]}}]',4,5),(240,'2018-04-27 05:51:30','5','Mariló',2,'[{\"changed\": {\"fields\": [\"user\"]}}]',9,5),(241,'2018-04-27 05:51:37','13','María Teresa',2,'[{\"changed\": {\"fields\": [\"responsable\"]}}]',9,5),(242,'2018-04-27 05:51:52','6','Josemi',2,'[{\"changed\": {\"fields\": [\"responsable\"]}}]',9,5),(243,'2018-04-27 05:52:05','2','María Vicenta',2,'[{\"changed\": {\"fields\": [\"user\"]}}]',9,5);
/*!40000 ALTER TABLE `django_admin_log` ENABLE KEYS */;
UNLOCK TABLES;

--
-- Table structure for table `django_content_type`
--

DROP TABLE IF EXISTS `django_content_type`;
/*!40101 SET @saved_cs_client     = @@character_set_client */;
/*!40101 SET character_set_client = utf8 */;
CREATE TABLE `django_content_type` (
  `id` int(11) NOT NULL AUTO_INCREMENT,
  `app_label` varchar(100) NOT NULL,
  `model` varchar(100) NOT NULL,
  PRIMARY KEY (`id`),
  UNIQUE KEY `django_content_type_app_label_model_76bd3d3b_uniq` (`app_label`,`model`)
) ENGINE=InnoDB AUTO_INCREMENT=16 DEFAULT CHARSET=latin1;
/*!40101 SET character_set_client = @saved_cs_client */;

--
-- Dumping data for table `django_content_type`
--

LOCK TABLES `django_content_type` WRITE;
/*!40000 ALTER TABLE `django_content_type` DISABLE KEYS */;
INSERT INTO `django_content_type` VALUES (1,'admin','logentry'),(2,'auth','group'),(3,'auth','permission'),(4,'auth','user'),(5,'contenttypes','contenttype'),(14,'myapp','colectivo'),(11,'myapp','diputacion'),(8,'myapp','estado'),(7,'myapp','generalitat'),(15,'myapp','gobierno'),(13,'myapp','nombre'),(9,'myapp','responsable'),(10,'myapp','subvencion'),(12,'notify','notification'),(6,'sessions','session');
/*!40000 ALTER TABLE `django_content_type` ENABLE KEYS */;
UNLOCK TABLES;

--
-- Table structure for table `django_migrations`
--

DROP TABLE IF EXISTS `django_migrations`;
/*!40101 SET @saved_cs_client     = @@character_set_client */;
/*!40101 SET character_set_client = utf8 */;
CREATE TABLE `django_migrations` (
  `id` int(11) NOT NULL AUTO_INCREMENT,
  `app` varchar(255) NOT NULL,
  `name` varchar(255) NOT NULL,
  `applied` datetime NOT NULL,
  PRIMARY KEY (`id`)
) ENGINE=InnoDB AUTO_INCREMENT=32 DEFAULT CHARSET=latin1;
/*!40101 SET character_set_client = @saved_cs_client */;

--
-- Dumping data for table `django_migrations`
--

LOCK TABLES `django_migrations` WRITE;
/*!40000 ALTER TABLE `django_migrations` DISABLE KEYS */;
INSERT INTO `django_migrations` VALUES (1,'contenttypes','0001_initial','2018-02-06 11:50:52'),(2,'auth','0001_initial','2018-02-06 11:50:52'),(3,'admin','0001_initial','2018-02-06 11:50:52'),(4,'admin','0002_logentry_remove_auto_add','2018-02-06 11:50:52'),(5,'contenttypes','0002_remove_content_type_name','2018-02-06 11:50:53'),(6,'auth','0002_alter_permission_name_max_length','2018-02-06 11:50:53'),(7,'auth','0003_alter_user_email_max_length','2018-02-06 11:50:53'),(8,'auth','0004_alter_user_username_opts','2018-02-06 11:50:53'),(9,'auth','0005_alter_user_last_login_null','2018-02-06 11:50:53'),(10,'auth','0006_require_contenttypes_0002','2018-02-06 11:50:53'),(11,'auth','0007_alter_validators_add_error_messages','2018-02-06 11:50:53'),(12,'auth','0008_alter_user_username_max_length','2018-02-06 11:50:53'),(13,'myapp','0001_initial','2018-02-06 11:50:53'),(14,'myapp','0002_delete_nombre','2018-02-06 11:50:53'),(15,'notify','0001_initial','2018-02-06 11:50:53'),(16,'notify','0002_auto_20151221_0737','2018-02-06 11:50:54'),(17,'notify','0003_auto_20160325_1920','2018-02-06 11:50:54'),(18,'sessions','0001_initial','2018-02-06 11:50:54'),(19,'notify','0004_auto_20180206_1335','2018-02-06 12:35:24'),(20,'myapp','0003_auto_20180220_1501','2018-02-20 15:56:09'),(21,'notify','0005_auto_20180220_1659','2018-02-20 15:59:24'),(22,'myapp','0004_auto_20180223_1156','2018-02-23 13:48:38'),(23,'myapp','0005_auto_20180228_1137','2018-02-28 11:16:38'),(24,'myapp','0006_auto_20180228_1234','2018-02-28 12:13:00'),(25,'myapp','0007_auto_20180311_1324','2018-03-11 12:46:45'),(26,'myapp','0008_auto_20180415_1415','2018-04-15 13:45:00'),(27,'myapp','0009_auto_20180415_1445','2018-04-15 13:45:00'),(28,'myapp','0010_auto_20180415_1519','2018-04-15 13:45:00'),(29,'myapp','0011_responsable_user','2018-04-20 09:08:19'),(30,'myapp','0012_subvencion_users_like','2018-04-23 21:11:52'),(31,'myapp','0013_auto_20180423_1109','2018-04-23 21:11:52');
/*!40000 ALTER TABLE `django_migrations` ENABLE KEYS */;
UNLOCK TABLES;

--
-- Table structure for table `django_session`
--

DROP TABLE IF EXISTS `django_session`;
/*!40101 SET @saved_cs_client     = @@character_set_client */;
/*!40101 SET character_set_client = utf8 */;
CREATE TABLE `django_session` (
  `session_key` varchar(40) NOT NULL,
  `session_data` longtext NOT NULL,
  `expire_date` datetime NOT NULL,
  PRIMARY KEY (`session_key`),
  KEY `django_session_expire_date_a5c62663` (`expire_date`)
) ENGINE=InnoDB DEFAULT CHARSET=latin1;
/*!40101 SET character_set_client = @saved_cs_client */;

--
-- Dumping data for table `django_session`
--

LOCK TABLES `django_session` WRITE;
/*!40000 ALTER TABLE `django_session` DISABLE KEYS */;
INSERT INTO `django_session` VALUES ('080nal898smgbpz0hbv0g7sgm2okxeuj','ODVjMzVkODFmZjUwNTQ2OGMxNmY2MTNkOTY2NDljYTA0YzE3MjY2Zjp7Il9hdXRoX3VzZXJfaGFzaCI6ImViM2I1OWNiMDVmNjgyZGYwMzIzYjYzMjdhYjA2OTZjNzc0Y2JlNTYiLCJfYXV0aF91c2VyX2JhY2tlbmQiOiJkamFuZ28uY29udHJpYi5hdXRoLmJhY2tlbmRzLk1vZGVsQmFja2VuZCIsIl9hdXRoX3VzZXJfaWQiOiIyIn0=','2018-03-14 08:24:53'),('11yp87n95yx8st01hr4hxm9evnj61wtw','MjJlNzcxMTlhNDE3ZTQxZDU1NjJlNTkyZDYwYTJkYmVhNmJkMmE1YTp7Il9hdXRoX3VzZXJfaGFzaCI6IjMzZTIzODkxODVlMTIzZTVlYTViNDdlNzA5ZmRmOGZhYmFlMDE1Y2IiLCJfYXV0aF91c2VyX2JhY2tlbmQiOiJkamFuZ28uY29udHJpYi5hdXRoLmJhY2tlbmRzLk1vZGVsQmFja2VuZCIsIl9hdXRoX3VzZXJfaWQiOiIzIn0=','2018-04-11 17:47:47'),('1kiwj54l2y1ld31apfpshz2kz8jmvwik','ODVjMzVkODFmZjUwNTQ2OGMxNmY2MTNkOTY2NDljYTA0YzE3MjY2Zjp7Il9hdXRoX3VzZXJfaGFzaCI6ImViM2I1OWNiMDVmNjgyZGYwMzIzYjYzMjdhYjA2OTZjNzc0Y2JlNTYiLCJfYXV0aF91c2VyX2JhY2tlbmQiOiJkamFuZ28uY29udHJpYi5hdXRoLmJhY2tlbmRzLk1vZGVsQmFja2VuZCIsIl9hdXRoX3VzZXJfaWQiOiIyIn0=','2018-03-26 17:45:08'),('1sdvcpb4uz4ri31u1td4wz6xd762vwgf','MzExNmRjMDE5ZGVjNjFlNTFkZmUxMmNhYmY4NzM2MzYyYzExYmNkMDp7Il9hdXRoX3VzZXJfaGFzaCI6ImQ2ZDlhZDdhZDBlMjg3NjI0NTVmZWJmYTQwMTNjZjQwYzI1MTYyZTYiLCJfYXV0aF91c2VyX2JhY2tlbmQiOiJkamFuZ28uY29udHJpYi5hdXRoLmJhY2tlbmRzLk1vZGVsQmFja2VuZCIsIl9hdXRoX3VzZXJfaWQiOiI5In0=','2018-05-10 11:38:36'),('1xhhikvpx8qinzutoimspoetwn0s21xi','MjJlNzcxMTlhNDE3ZTQxZDU1NjJlNTkyZDYwYTJkYmVhNmJkMmE1YTp7Il9hdXRoX3VzZXJfaGFzaCI6IjMzZTIzODkxODVlMTIzZTVlYTViNDdlNzA5ZmRmOGZhYmFlMDE1Y2IiLCJfYXV0aF91c2VyX2JhY2tlbmQiOiJkamFuZ28uY29udHJpYi5hdXRoLmJhY2tlbmRzLk1vZGVsQmFja2VuZCIsIl9hdXRoX3VzZXJfaWQiOiIzIn0=','2018-03-07 09:44:13'),('244hp0j2dwl8t585mu14e7f6pd1ic8ls','YTYzZTljNDE4ZjRlNzJhZjM4OGI4MWNiMWExNTM2NmUxYzM1YWJhMzp7Il9hdXRoX3VzZXJfaGFzaCI6IjI5OTY2OGI4MDgwZThkNWU1OWFhMTZjZGNiYWVkM2MyZGE1MWRhNWYiLCJfYXV0aF91c2VyX2JhY2tlbmQiOiJkamFuZ28uY29udHJpYi5hdXRoLmJhY2tlbmRzLk1vZGVsQmFja2VuZCIsIl9hdXRoX3VzZXJfaWQiOiIxIn0=','2018-02-20 12:35:44'),('295gzdvq33ethze3u4gx0rgx0yj2tz4t','ODVjMzVkODFmZjUwNTQ2OGMxNmY2MTNkOTY2NDljYTA0YzE3MjY2Zjp7Il9hdXRoX3VzZXJfaGFzaCI6ImViM2I1OWNiMDVmNjgyZGYwMzIzYjYzMjdhYjA2OTZjNzc0Y2JlNTYiLCJfYXV0aF91c2VyX2JhY2tlbmQiOiJkamFuZ28uY29udHJpYi5hdXRoLmJhY2tlbmRzLk1vZGVsQmFja2VuZCIsIl9hdXRoX3VzZXJfaWQiOiIyIn0=','2018-03-08 07:20:54'),('2l390cfhyavewrofcjomg5bytr7pbkar','MjJlNzcxMTlhNDE3ZTQxZDU1NjJlNTkyZDYwYTJkYmVhNmJkMmE1YTp7Il9hdXRoX3VzZXJfaGFzaCI6IjMzZTIzODkxODVlMTIzZTVlYTViNDdlNzA5ZmRmOGZhYmFlMDE1Y2IiLCJfYXV0aF91c2VyX2JhY2tlbmQiOiJkamFuZ28uY29udHJpYi5hdXRoLmJhY2tlbmRzLk1vZGVsQmFja2VuZCIsIl9hdXRoX3VzZXJfaWQiOiIzIn0=','2018-03-01 10:49:17'),('2re8a6dfpduch9rid4ucqbyhajo0x2ym','ODVjMzVkODFmZjUwNTQ2OGMxNmY2MTNkOTY2NDljYTA0YzE3MjY2Zjp7Il9hdXRoX3VzZXJfaGFzaCI6ImViM2I1OWNiMDVmNjgyZGYwMzIzYjYzMjdhYjA2OTZjNzc0Y2JlNTYiLCJfYXV0aF91c2VyX2JhY2tlbmQiOiJkamFuZ28uY29udHJpYi5hdXRoLmJhY2tlbmRzLk1vZGVsQmFja2VuZCIsIl9hdXRoX3VzZXJfaWQiOiIyIn0=','2018-04-24 07:15:59'),('3a1y2jl3jmx9myaq4qlpviwr8y6xb8r5','MDE1YTk2ZjY1ZDUwZDRjYmMwMTg2ZGFiNWZlMWE4ZTRjY2NlYTMwNzp7Il9hdXRoX3VzZXJfaGFzaCI6IjJiZjEzOGZhYTk1MDkzMGMwNzA3YjdjYWQ0M2VmM2IxNjFjOGU2ZTEiLCJfYXV0aF91c2VyX2JhY2tlbmQiOiJkamFuZ28uY29udHJpYi5hdXRoLmJhY2tlbmRzLk1vZGVsQmFja2VuZCIsIl9hdXRoX3VzZXJfaWQiOiI2In0=','2018-05-10 10:56:36'),('3fpskm00eorajxil16ke9n4fjkec5vy9','ODVjMzVkODFmZjUwNTQ2OGMxNmY2MTNkOTY2NDljYTA0YzE3MjY2Zjp7Il9hdXRoX3VzZXJfaGFzaCI6ImViM2I1OWNiMDVmNjgyZGYwMzIzYjYzMjdhYjA2OTZjNzc0Y2JlNTYiLCJfYXV0aF91c2VyX2JhY2tlbmQiOiJkamFuZ28uY29udHJpYi5hdXRoLmJhY2tlbmRzLk1vZGVsQmFja2VuZCIsIl9hdXRoX3VzZXJfaWQiOiIyIn0=','2018-03-29 08:36:00'),('3mw11ln8ojzcefgdcnmagmzccdq3dvfb','ODVjMzVkODFmZjUwNTQ2OGMxNmY2MTNkOTY2NDljYTA0YzE3MjY2Zjp7Il9hdXRoX3VzZXJfaGFzaCI6ImViM2I1OWNiMDVmNjgyZGYwMzIzYjYzMjdhYjA2OTZjNzc0Y2JlNTYiLCJfYXV0aF91c2VyX2JhY2tlbmQiOiJkamFuZ28uY29udHJpYi5hdXRoLmJhY2tlbmRzLk1vZGVsQmFja2VuZCIsIl9hdXRoX3VzZXJfaWQiOiIyIn0=','2018-05-11 06:28:15'),('4fsavndboq88ai7tu3fmjy14fc8pfxu2','MjJlNzcxMTlhNDE3ZTQxZDU1NjJlNTkyZDYwYTJkYmVhNmJkMmE1YTp7Il9hdXRoX3VzZXJfaGFzaCI6IjMzZTIzODkxODVlMTIzZTVlYTViNDdlNzA5ZmRmOGZhYmFlMDE1Y2IiLCJfYXV0aF91c2VyX2JhY2tlbmQiOiJkamFuZ28uY29udHJpYi5hdXRoLmJhY2tlbmRzLk1vZGVsQmFja2VuZCIsIl9hdXRoX3VzZXJfaWQiOiIzIn0=','2018-03-14 16:32:49'),('4n0u3yglcolwmvtqm8wk1wv6nnql9wg2','ODVjMzVkODFmZjUwNTQ2OGMxNmY2MTNkOTY2NDljYTA0YzE3MjY2Zjp7Il9hdXRoX3VzZXJfaGFzaCI6ImViM2I1OWNiMDVmNjgyZGYwMzIzYjYzMjdhYjA2OTZjNzc0Y2JlNTYiLCJfYXV0aF91c2VyX2JhY2tlbmQiOiJkamFuZ28uY29udHJpYi5hdXRoLmJhY2tlbmRzLk1vZGVsQmFja2VuZCIsIl9hdXRoX3VzZXJfaWQiOiIyIn0=','2018-04-27 12:27:57'),('4qzs2pyk9d8jnkoqq9np7cxyl2nqbyht','ODVjMzVkODFmZjUwNTQ2OGMxNmY2MTNkOTY2NDljYTA0YzE3MjY2Zjp7Il9hdXRoX3VzZXJfaGFzaCI6ImViM2I1OWNiMDVmNjgyZGYwMzIzYjYzMjdhYjA2OTZjNzc0Y2JlNTYiLCJfYXV0aF91c2VyX2JhY2tlbmQiOiJkamFuZ28uY29udHJpYi5hdXRoLmJhY2tlbmRzLk1vZGVsQmFja2VuZCIsIl9hdXRoX3VzZXJfaWQiOiIyIn0=','2018-04-09 07:20:23'),('5lseluj3fgmby9p0qfibs5cepduvh4wn','MjJlNzcxMTlhNDE3ZTQxZDU1NjJlNTkyZDYwYTJkYmVhNmJkMmE1YTp7Il9hdXRoX3VzZXJfaGFzaCI6IjMzZTIzODkxODVlMTIzZTVlYTViNDdlNzA5ZmRmOGZhYmFlMDE1Y2IiLCJfYXV0aF91c2VyX2JhY2tlbmQiOiJkamFuZ28uY29udHJpYi5hdXRoLmJhY2tlbmRzLk1vZGVsQmFja2VuZCIsIl9hdXRoX3VzZXJfaWQiOiIzIn0=','2018-02-22 15:16:55'),('5obm6mzrish1bznd8fshjijgi6y7h16n','YmFlMTM2NWNlNDc4NjUzZTIzODFjYTE2OTYxYzBlNTVhYzkyYzRkMjp7Il9hdXRoX3VzZXJfaGFzaCI6IjA4MzVlZDhjOGQyZTgzM2QxZjQ5Y2E1YTBiMDZkZmZhZTk4ZjJiMGQiLCJfYXV0aF91c2VyX2JhY2tlbmQiOiJkamFuZ28uY29udHJpYi5hdXRoLmJhY2tlbmRzLk1vZGVsQmFja2VuZCIsIl9hdXRoX3VzZXJfaWQiOiI1In0=','2018-04-04 12:12:49'),('61xoh6857jxrup6v6zhxbzlhklok48nu','ODVjMzVkODFmZjUwNTQ2OGMxNmY2MTNkOTY2NDljYTA0YzE3MjY2Zjp7Il9hdXRoX3VzZXJfaGFzaCI6ImViM2I1OWNiMDVmNjgyZGYwMzIzYjYzMjdhYjA2OTZjNzc0Y2JlNTYiLCJfYXV0aF91c2VyX2JhY2tlbmQiOiJkamFuZ28uY29udHJpYi5hdXRoLmJhY2tlbmRzLk1vZGVsQmFja2VuZCIsIl9hdXRoX3VzZXJfaWQiOiIyIn0=','2018-03-12 11:11:36'),('6i3s7z4txyd2c2saq1awye9dzrynpjck','ODVjMzVkODFmZjUwNTQ2OGMxNmY2MTNkOTY2NDljYTA0YzE3MjY2Zjp7Il9hdXRoX3VzZXJfaGFzaCI6ImViM2I1OWNiMDVmNjgyZGYwMzIzYjYzMjdhYjA2OTZjNzc0Y2JlNTYiLCJfYXV0aF91c2VyX2JhY2tlbmQiOiJkamFuZ28uY29udHJpYi5hdXRoLmJhY2tlbmRzLk1vZGVsQmFja2VuZCIsIl9hdXRoX3VzZXJfaWQiOiIyIn0=','2018-03-12 08:04:36'),('7uvlf1qhkcdrajaduev0rw027cyx45c6','YTYzZTljNDE4ZjRlNzJhZjM4OGI4MWNiMWExNTM2NmUxYzM1YWJhMzp7Il9hdXRoX3VzZXJfaGFzaCI6IjI5OTY2OGI4MDgwZThkNWU1OWFhMTZjZGNiYWVkM2MyZGE1MWRhNWYiLCJfYXV0aF91c2VyX2JhY2tlbmQiOiJkamFuZ28uY29udHJpYi5hdXRoLmJhY2tlbmRzLk1vZGVsQmFja2VuZCIsIl9hdXRoX3VzZXJfaWQiOiIxIn0=','2018-02-21 08:35:39'),('9e02ne2wlpz1uik3r6vu49djf82zcy82','MjJlNzcxMTlhNDE3ZTQxZDU1NjJlNTkyZDYwYTJkYmVhNmJkMmE1YTp7Il9hdXRoX3VzZXJfaGFzaCI6IjMzZTIzODkxODVlMTIzZTVlYTViNDdlNzA5ZmRmOGZhYmFlMDE1Y2IiLCJfYXV0aF91c2VyX2JhY2tlbmQiOiJkamFuZ28uY29udHJpYi5hdXRoLmJhY2tlbmRzLk1vZGVsQmFja2VuZCIsIl9hdXRoX3VzZXJfaWQiOiIzIn0=','2018-03-26 12:52:38'),('9zm1z1odcdses44b632f02ibks15s7y2','MjJlNzcxMTlhNDE3ZTQxZDU1NjJlNTkyZDYwYTJkYmVhNmJkMmE1YTp7Il9hdXRoX3VzZXJfaGFzaCI6IjMzZTIzODkxODVlMTIzZTVlYTViNDdlNzA5ZmRmOGZhYmFlMDE1Y2IiLCJfYXV0aF91c2VyX2JhY2tlbmQiOiJkamFuZ28uY29udHJpYi5hdXRoLmJhY2tlbmRzLk1vZGVsQmFja2VuZCIsIl9hdXRoX3VzZXJfaWQiOiIzIn0=','2018-03-29 08:33:34'),('aa7spzo2vjfl5m71rafhh1zr8z776q5w','ODVjMzVkODFmZjUwNTQ2OGMxNmY2MTNkOTY2NDljYTA0YzE3MjY2Zjp7Il9hdXRoX3VzZXJfaGFzaCI6ImViM2I1OWNiMDVmNjgyZGYwMzIzYjYzMjdhYjA2OTZjNzc0Y2JlNTYiLCJfYXV0aF91c2VyX2JhY2tlbmQiOiJkamFuZ28uY29udHJpYi5hdXRoLmJhY2tlbmRzLk1vZGVsQmFja2VuZCIsIl9hdXRoX3VzZXJfaWQiOiIyIn0=','2018-02-20 17:33:20'),('ab897eejqb9l1hkksxh8966e1c696ls2','ODVjMzVkODFmZjUwNTQ2OGMxNmY2MTNkOTY2NDljYTA0YzE3MjY2Zjp7Il9hdXRoX3VzZXJfaGFzaCI6ImViM2I1OWNiMDVmNjgyZGYwMzIzYjYzMjdhYjA2OTZjNzc0Y2JlNTYiLCJfYXV0aF91c2VyX2JhY2tlbmQiOiJkamFuZ28uY29udHJpYi5hdXRoLmJhY2tlbmRzLk1vZGVsQmFja2VuZCIsIl9hdXRoX3VzZXJfaWQiOiIyIn0=','2018-03-05 11:46:25'),('b6zmnq3aj5l2kli75dor0z6whovdat3z','ODVjMzVkODFmZjUwNTQ2OGMxNmY2MTNkOTY2NDljYTA0YzE3MjY2Zjp7Il9hdXRoX3VzZXJfaGFzaCI6ImViM2I1OWNiMDVmNjgyZGYwMzIzYjYzMjdhYjA2OTZjNzc0Y2JlNTYiLCJfYXV0aF91c2VyX2JhY2tlbmQiOiJkamFuZ28uY29udHJpYi5hdXRoLmJhY2tlbmRzLk1vZGVsQmFja2VuZCIsIl9hdXRoX3VzZXJfaWQiOiIyIn0=','2018-05-04 06:32:37'),('busbo02flz5zglvobb4wpzq44ho3xkxq','ODVjMzVkODFmZjUwNTQ2OGMxNmY2MTNkOTY2NDljYTA0YzE3MjY2Zjp7Il9hdXRoX3VzZXJfaGFzaCI6ImViM2I1OWNiMDVmNjgyZGYwMzIzYjYzMjdhYjA2OTZjNzc0Y2JlNTYiLCJfYXV0aF91c2VyX2JhY2tlbmQiOiJkamFuZ28uY29udHJpYi5hdXRoLmJhY2tlbmRzLk1vZGVsQmFja2VuZCIsIl9hdXRoX3VzZXJfaWQiOiIyIn0=','2018-04-05 11:24:49'),('c1yjl03rm94he6vcxujfqinrapa4w96j','ODVjMzVkODFmZjUwNTQ2OGMxNmY2MTNkOTY2NDljYTA0YzE3MjY2Zjp7Il9hdXRoX3VzZXJfaGFzaCI6ImViM2I1OWNiMDVmNjgyZGYwMzIzYjYzMjdhYjA2OTZjNzc0Y2JlNTYiLCJfYXV0aF91c2VyX2JhY2tlbmQiOiJkamFuZ28uY29udHJpYi5hdXRoLmJhY2tlbmRzLk1vZGVsQmFja2VuZCIsIl9hdXRoX3VzZXJfaWQiOiIyIn0=','2018-04-18 20:27:33'),('cintqru9ysgep81l6u8ooscdc52dk23u','YmFlMTM2NWNlNDc4NjUzZTIzODFjYTE2OTYxYzBlNTVhYzkyYzRkMjp7Il9hdXRoX3VzZXJfaGFzaCI6IjA4MzVlZDhjOGQyZTgzM2QxZjQ5Y2E1YTBiMDZkZmZhZTk4ZjJiMGQiLCJfYXV0aF91c2VyX2JhY2tlbmQiOiJkamFuZ28uY29udHJpYi5hdXRoLmJhY2tlbmRzLk1vZGVsQmFja2VuZCIsIl9hdXRoX3VzZXJfaWQiOiI1In0=','2018-03-21 08:56:56'),('cyzjzz4q1765pna9z9p27lq7ec9jwx30','MjJlNzcxMTlhNDE3ZTQxZDU1NjJlNTkyZDYwYTJkYmVhNmJkMmE1YTp7Il9hdXRoX3VzZXJfaGFzaCI6IjMzZTIzODkxODVlMTIzZTVlYTViNDdlNzA5ZmRmOGZhYmFlMDE1Y2IiLCJfYXV0aF91c2VyX2JhY2tlbmQiOiJkamFuZ28uY29udHJpYi5hdXRoLmJhY2tlbmRzLk1vZGVsQmFja2VuZCIsIl9hdXRoX3VzZXJfaWQiOiIzIn0=','2018-05-03 06:54:03'),('dbyblwivl1foe1q33qsuihdasipy1jrk','ODVjMzVkODFmZjUwNTQ2OGMxNmY2MTNkOTY2NDljYTA0YzE3MjY2Zjp7Il9hdXRoX3VzZXJfaGFzaCI6ImViM2I1OWNiMDVmNjgyZGYwMzIzYjYzMjdhYjA2OTZjNzc0Y2JlNTYiLCJfYXV0aF91c2VyX2JhY2tlbmQiOiJkamFuZ28uY29udHJpYi5hdXRoLmJhY2tlbmRzLk1vZGVsQmFja2VuZCIsIl9hdXRoX3VzZXJfaWQiOiIyIn0=','2018-03-11 10:00:01'),('edol600bjq4swysmfkhpe63u80xc0pw7','ODVjMzVkODFmZjUwNTQ2OGMxNmY2MTNkOTY2NDljYTA0YzE3MjY2Zjp7Il9hdXRoX3VzZXJfaGFzaCI6ImViM2I1OWNiMDVmNjgyZGYwMzIzYjYzMjdhYjA2OTZjNzc0Y2JlNTYiLCJfYXV0aF91c2VyX2JhY2tlbmQiOiJkamFuZ28uY29udHJpYi5hdXRoLmJhY2tlbmRzLk1vZGVsQmFja2VuZCIsIl9hdXRoX3VzZXJfaWQiOiIyIn0=','2018-03-09 13:47:20'),('gmdhvp7gupuase7y6br8xpdoxhcbmnmu','ODVjMzVkODFmZjUwNTQ2OGMxNmY2MTNkOTY2NDljYTA0YzE3MjY2Zjp7Il9hdXRoX3VzZXJfaGFzaCI6ImViM2I1OWNiMDVmNjgyZGYwMzIzYjYzMjdhYjA2OTZjNzc0Y2JlNTYiLCJfYXV0aF91c2VyX2JhY2tlbmQiOiJkamFuZ28uY29udHJpYi5hdXRoLmJhY2tlbmRzLk1vZGVsQmFja2VuZCIsIl9hdXRoX3VzZXJfaWQiOiIyIn0=','2018-02-28 17:33:58'),('gssz5w1g98iv4fi9yj043ny87yz4virj','YjgzNGFiNDZmNmEwYjE3M2RlYjAyODgzYzc3MDg1ZmFmNWVhZmIxYjp7Il9hdXRoX3VzZXJfaGFzaCI6IjM5YTlmYTJkMGE3YzhmMjM1MDM1ZGFhNWM2OTNiOTEyMWRmMWZlOTYiLCJfYXV0aF91c2VyX2JhY2tlbmQiOiJkamFuZ28uY29udHJpYi5hdXRoLmJhY2tlbmRzLk1vZGVsQmFja2VuZCIsIl9hdXRoX3VzZXJfaWQiOiI4In0=','2018-05-10 07:07:31'),('h1on8kv7o5a4ab9kz25x96ywq39z7y3p','ODVjMzVkODFmZjUwNTQ2OGMxNmY2MTNkOTY2NDljYTA0YzE3MjY2Zjp7Il9hdXRoX3VzZXJfaGFzaCI6ImViM2I1OWNiMDVmNjgyZGYwMzIzYjYzMjdhYjA2OTZjNzc0Y2JlNTYiLCJfYXV0aF91c2VyX2JhY2tlbmQiOiJkamFuZ28uY29udHJpYi5hdXRoLmJhY2tlbmRzLk1vZGVsQmFja2VuZCIsIl9hdXRoX3VzZXJfaWQiOiIyIn0=','2018-03-05 08:12:39'),('h6e7q4pav6tndz8pq7un63q20b5g1tqd','ODVjMzVkODFmZjUwNTQ2OGMxNmY2MTNkOTY2NDljYTA0YzE3MjY2Zjp7Il9hdXRoX3VzZXJfaGFzaCI6ImViM2I1OWNiMDVmNjgyZGYwMzIzYjYzMjdhYjA2OTZjNzc0Y2JlNTYiLCJfYXV0aF91c2VyX2JhY2tlbmQiOiJkamFuZ28uY29udHJpYi5hdXRoLmJhY2tlbmRzLk1vZGVsQmFja2VuZCIsIl9hdXRoX3VzZXJfaWQiOiIyIn0=','2018-03-07 13:54:07'),('h8qhdra0ds3pu0srtcqjf3lpjl72te6z','ODVjMzVkODFmZjUwNTQ2OGMxNmY2MTNkOTY2NDljYTA0YzE3MjY2Zjp7Il9hdXRoX3VzZXJfaGFzaCI6ImViM2I1OWNiMDVmNjgyZGYwMzIzYjYzMjdhYjA2OTZjNzc0Y2JlNTYiLCJfYXV0aF91c2VyX2JhY2tlbmQiOiJkamFuZ28uY29udHJpYi5hdXRoLmJhY2tlbmRzLk1vZGVsQmFja2VuZCIsIl9hdXRoX3VzZXJfaWQiOiIyIn0=','2018-03-26 07:17:26'),('h8qzkfp97lke0n86fsk9jpk37de7g87g','YmFlMTM2NWNlNDc4NjUzZTIzODFjYTE2OTYxYzBlNTVhYzkyYzRkMjp7Il9hdXRoX3VzZXJfaGFzaCI6IjA4MzVlZDhjOGQyZTgzM2QxZjQ5Y2E1YTBiMDZkZmZhZTk4ZjJiMGQiLCJfYXV0aF91c2VyX2JhY2tlbmQiOiJkamFuZ28uY29udHJpYi5hdXRoLmJhY2tlbmRzLk1vZGVsQmFja2VuZCIsIl9hdXRoX3VzZXJfaWQiOiI1In0=','2018-05-03 10:15:44'),('h9sk67ldbpsk0hg5d63c23eo8o6lfyqc','ODVjMzVkODFmZjUwNTQ2OGMxNmY2MTNkOTY2NDljYTA0YzE3MjY2Zjp7Il9hdXRoX3VzZXJfaGFzaCI6ImViM2I1OWNiMDVmNjgyZGYwMzIzYjYzMjdhYjA2OTZjNzc0Y2JlNTYiLCJfYXV0aF91c2VyX2JhY2tlbmQiOiJkamFuZ28uY29udHJpYi5hdXRoLmJhY2tlbmRzLk1vZGVsQmFja2VuZCIsIl9hdXRoX3VzZXJfaWQiOiIyIn0=','2018-05-07 06:42:36'),('j081qaa7to06c0ttgcr3al7tintmf6mo','MDE1YTk2ZjY1ZDUwZDRjYmMwMTg2ZGFiNWZlMWE4ZTRjY2NlYTMwNzp7Il9hdXRoX3VzZXJfaGFzaCI6IjJiZjEzOGZhYTk1MDkzMGMwNzA3YjdjYWQ0M2VmM2IxNjFjOGU2ZTEiLCJfYXV0aF91c2VyX2JhY2tlbmQiOiJkamFuZ28uY29udHJpYi5hdXRoLmJhY2tlbmRzLk1vZGVsQmFja2VuZCIsIl9hdXRoX3VzZXJfaWQiOiI2In0=','2018-04-30 06:04:08'),('jeqd0hkzu45vuhvy8lbxg6pfbp9f4o6o','ODVjMzVkODFmZjUwNTQ2OGMxNmY2MTNkOTY2NDljYTA0YzE3MjY2Zjp7Il9hdXRoX3VzZXJfaGFzaCI6ImViM2I1OWNiMDVmNjgyZGYwMzIzYjYzMjdhYjA2OTZjNzc0Y2JlNTYiLCJfYXV0aF91c2VyX2JhY2tlbmQiOiJkamFuZ28uY29udHJpYi5hdXRoLmJhY2tlbmRzLk1vZGVsQmFja2VuZCIsIl9hdXRoX3VzZXJfaWQiOiIyIn0=','2018-03-02 07:19:18'),('jkm994up42sqz1vjni6f7ekosqul7p8l','ODVjMzVkODFmZjUwNTQ2OGMxNmY2MTNkOTY2NDljYTA0YzE3MjY2Zjp7Il9hdXRoX3VzZXJfaGFzaCI6ImViM2I1OWNiMDVmNjgyZGYwMzIzYjYzMjdhYjA2OTZjNzc0Y2JlNTYiLCJfYXV0aF91c2VyX2JhY2tlbmQiOiJkamFuZ28uY29udHJpYi5hdXRoLmJhY2tlbmRzLk1vZGVsQmFja2VuZCIsIl9hdXRoX3VzZXJfaWQiOiIyIn0=','2018-02-27 15:12:13'),('kdb42thjz4yzgl1k4cvqh7yq54tbst34','ODVjMzVkODFmZjUwNTQ2OGMxNmY2MTNkOTY2NDljYTA0YzE3MjY2Zjp7Il9hdXRoX3VzZXJfaGFzaCI6ImViM2I1OWNiMDVmNjgyZGYwMzIzYjYzMjdhYjA2OTZjNzc0Y2JlNTYiLCJfYXV0aF91c2VyX2JhY2tlbmQiOiJkamFuZ28uY29udHJpYi5hdXRoLmJhY2tlbmRzLk1vZGVsQmFja2VuZCIsIl9hdXRoX3VzZXJfaWQiOiIyIn0=','2018-03-09 07:18:41'),('lypr0s4g2roieor039ned044mweu7y85','ODVjMzVkODFmZjUwNTQ2OGMxNmY2MTNkOTY2NDljYTA0YzE3MjY2Zjp7Il9hdXRoX3VzZXJfaGFzaCI6ImViM2I1OWNiMDVmNjgyZGYwMzIzYjYzMjdhYjA2OTZjNzc0Y2JlNTYiLCJfYXV0aF91c2VyX2JhY2tlbmQiOiJkamFuZ28uY29udHJpYi5hdXRoLmJhY2tlbmRzLk1vZGVsQmFja2VuZCIsIl9hdXRoX3VzZXJfaWQiOiIyIn0=','2018-04-24 06:27:14'),('mgaz56mjropu758pylqqvuiwvi4d7p8b','ODVjMzVkODFmZjUwNTQ2OGMxNmY2MTNkOTY2NDljYTA0YzE3MjY2Zjp7Il9hdXRoX3VzZXJfaGFzaCI6ImViM2I1OWNiMDVmNjgyZGYwMzIzYjYzMjdhYjA2OTZjNzc0Y2JlNTYiLCJfYXV0aF91c2VyX2JhY2tlbmQiOiJkamFuZ28uY29udHJpYi5hdXRoLmJhY2tlbmRzLk1vZGVsQmFja2VuZCIsIl9hdXRoX3VzZXJfaWQiOiIyIn0=','2018-05-08 19:04:05'),('ml7426oswbzgfq4ifu8522lcmty6lbuw','ZjdiZjRhZjMyZjQyNTVkNjQyYjBkOTljYTJiMmMyMTkxMTQxNjQzODp7Il9hdXRoX3VzZXJfaGFzaCI6ImY5OTE1NTM5NDk5OWYxNTg1MzY0MGU0MWJmZmFkYmRlMjNjN2Y2MmQiLCJfYXV0aF91c2VyX2JhY2tlbmQiOiJkamFuZ28uY29udHJpYi5hdXRoLmJhY2tlbmRzLk1vZGVsQmFja2VuZCIsIl9hdXRoX3VzZXJfaWQiOiI3In0=','2018-05-02 16:49:30'),('myn7ikwqip616qujx22a0s6874s5e3k4','ODVjMzVkODFmZjUwNTQ2OGMxNmY2MTNkOTY2NDljYTA0YzE3MjY2Zjp7Il9hdXRoX3VzZXJfaGFzaCI6ImViM2I1OWNiMDVmNjgyZGYwMzIzYjYzMjdhYjA2OTZjNzc0Y2JlNTYiLCJfYXV0aF91c2VyX2JhY2tlbmQiOiJkamFuZ28uY29udHJpYi5hdXRoLmJhY2tlbmRzLk1vZGVsQmFja2VuZCIsIl9hdXRoX3VzZXJfaWQiOiIyIn0=','2018-03-13 08:22:12'),('nqogoy3dl34ju9gseoqu8oy14z30c198','ZGZhZTQ0MDFlZjJiNDEyN2NjNTVhNDEwY2ZkNzQzZmY3YzFiZjUxMzp7Il9hdXRoX3VzZXJfaGFzaCI6IjRkMzRhZTk2ZjIxZTdiOTVkYjYxZjUxNjEzYzk5ZmRkZjU1MjAzNmQiLCJfYXV0aF91c2VyX2JhY2tlbmQiOiJkamFuZ28uY29udHJpYi5hdXRoLmJhY2tlbmRzLk1vZGVsQmFja2VuZCIsIl9hdXRoX3VzZXJfaWQiOiI0In0=','2018-02-23 13:02:06'),('pqxmz6eokppryxv4nfaplj5skronxikv','YmFlMTM2NWNlNDc4NjUzZTIzODFjYTE2OTYxYzBlNTVhYzkyYzRkMjp7Il9hdXRoX3VzZXJfaGFzaCI6IjA4MzVlZDhjOGQyZTgzM2QxZjQ5Y2E1YTBiMDZkZmZhZTk4ZjJiMGQiLCJfYXV0aF91c2VyX2JhY2tlbmQiOiJkamFuZ28uY29udHJpYi5hdXRoLmJhY2tlbmRzLk1vZGVsQmFja2VuZCIsIl9hdXRoX3VzZXJfaWQiOiI1In0=','2018-03-04 12:52:03'),('qaxuslqt3ijv9t9vwt8m10olg71a07kx','YTYzZTljNDE4ZjRlNzJhZjM4OGI4MWNiMWExNTM2NmUxYzM1YWJhMzp7Il9hdXRoX3VzZXJfaGFzaCI6IjI5OTY2OGI4MDgwZThkNWU1OWFhMTZjZGNiYWVkM2MyZGE1MWRhNWYiLCJfYXV0aF91c2VyX2JhY2tlbmQiOiJkamFuZ28uY29udHJpYi5hdXRoLmJhY2tlbmRzLk1vZGVsQmFja2VuZCIsIl9hdXRoX3VzZXJfaWQiOiIxIn0=','2018-02-22 15:02:12'),('rzyg84kj19s8d3rsz52pewx5j1grejdb','OGZiNjI5MzhlNzlmMzUzYjRmNzYxZDgzZGYwOWZhMmU4YjM2ZmUzMDp7Il9hdXRoX3VzZXJfaGFzaCI6ImVhOGUyNjg5MzAyYzA0MDEyODRhOTkxZWUyNzY3ZWZmZTM0NGI3NGUiLCJfYXV0aF91c2VyX2JhY2tlbmQiOiJkamFuZ28uY29udHJpYi5hdXRoLmJhY2tlbmRzLk1vZGVsQmFja2VuZCIsIl9hdXRoX3VzZXJfaWQiOiIxMCJ9','2018-05-11 07:08:27'),('smul6vqy17ccg2fzawvyihw0p9pgq45d','ODVjMzVkODFmZjUwNTQ2OGMxNmY2MTNkOTY2NDljYTA0YzE3MjY2Zjp7Il9hdXRoX3VzZXJfaGFzaCI6ImViM2I1OWNiMDVmNjgyZGYwMzIzYjYzMjdhYjA2OTZjNzc0Y2JlNTYiLCJfYXV0aF91c2VyX2JhY2tlbmQiOiJkamFuZ28uY29udHJpYi5hdXRoLmJhY2tlbmRzLk1vZGVsQmFja2VuZCIsIl9hdXRoX3VzZXJfaWQiOiIyIn0=','2018-03-18 14:22:14'),('sr3c59kaj9pq1zifp79ae1tya6l7m9p6','ODVjMzVkODFmZjUwNTQ2OGMxNmY2MTNkOTY2NDljYTA0YzE3MjY2Zjp7Il9hdXRoX3VzZXJfaGFzaCI6ImViM2I1OWNiMDVmNjgyZGYwMzIzYjYzMjdhYjA2OTZjNzc0Y2JlNTYiLCJfYXV0aF91c2VyX2JhY2tlbmQiOiJkamFuZ28uY29udHJpYi5hdXRoLmJhY2tlbmRzLk1vZGVsQmFja2VuZCIsIl9hdXRoX3VzZXJfaWQiOiIyIn0=','2018-02-22 18:16:46'),('svrtykhrh7yx298ai3irlmho9kpj4i0s','ODVjMzVkODFmZjUwNTQ2OGMxNmY2MTNkOTY2NDljYTA0YzE3MjY2Zjp7Il9hdXRoX3VzZXJfaGFzaCI6ImViM2I1OWNiMDVmNjgyZGYwMzIzYjYzMjdhYjA2OTZjNzc0Y2JlNTYiLCJfYXV0aF91c2VyX2JhY2tlbmQiOiJkamFuZ28uY29udHJpYi5hdXRoLmJhY2tlbmRzLk1vZGVsQmFja2VuZCIsIl9hdXRoX3VzZXJfaWQiOiIyIn0=','2018-03-18 15:27:27'),('tjj0qxpkvi4tz2zvwzaap36w7lj3ucy2','YTYzZTljNDE4ZjRlNzJhZjM4OGI4MWNiMWExNTM2NmUxYzM1YWJhMzp7Il9hdXRoX3VzZXJfaGFzaCI6IjI5OTY2OGI4MDgwZThkNWU1OWFhMTZjZGNiYWVkM2MyZGE1MWRhNWYiLCJfYXV0aF91c2VyX2JhY2tlbmQiOiJkamFuZ28uY29udHJpYi5hdXRoLmJhY2tlbmRzLk1vZGVsQmFja2VuZCIsIl9hdXRoX3VzZXJfaWQiOiIxIn0=','2018-02-20 12:14:16'),('tqn1grpmaxrvsltl48ik8lspyngyoj5w','ODVjMzVkODFmZjUwNTQ2OGMxNmY2MTNkOTY2NDljYTA0YzE3MjY2Zjp7Il9hdXRoX3VzZXJfaGFzaCI6ImViM2I1OWNiMDVmNjgyZGYwMzIzYjYzMjdhYjA2OTZjNzc0Y2JlNTYiLCJfYXV0aF91c2VyX2JhY2tlbmQiOiJkamFuZ28uY29udHJpYi5hdXRoLmJhY2tlbmRzLk1vZGVsQmFja2VuZCIsIl9hdXRoX3VzZXJfaWQiOiIyIn0=','2018-02-26 13:02:54'),('twwdukewgvkfsansdmpzw67n50ffuw4t','MDE1YTk2ZjY1ZDUwZDRjYmMwMTg2ZGFiNWZlMWE4ZTRjY2NlYTMwNzp7Il9hdXRoX3VzZXJfaGFzaCI6IjJiZjEzOGZhYTk1MDkzMGMwNzA3YjdjYWQ0M2VmM2IxNjFjOGU2ZTEiLCJfYXV0aF91c2VyX2JhY2tlbmQiOiJkamFuZ28uY29udHJpYi5hdXRoLmJhY2tlbmRzLk1vZGVsQmFja2VuZCIsIl9hdXRoX3VzZXJfaWQiOiI2In0=','2018-04-27 11:47:07'),('u6qh91leoz5aawpwg4pjfblmt0twezer','ODVjMzVkODFmZjUwNTQ2OGMxNmY2MTNkOTY2NDljYTA0YzE3MjY2Zjp7Il9hdXRoX3VzZXJfaGFzaCI6ImViM2I1OWNiMDVmNjgyZGYwMzIzYjYzMjdhYjA2OTZjNzc0Y2JlNTYiLCJfYXV0aF91c2VyX2JhY2tlbmQiOiJkamFuZ28uY29udHJpYi5hdXRoLmJhY2tlbmRzLk1vZGVsQmFja2VuZCIsIl9hdXRoX3VzZXJfaWQiOiIyIn0=','2018-03-28 13:11:01'),('ugfgf8v4kxet1rhhgf22zibq6k5amtm5','ODVjMzVkODFmZjUwNTQ2OGMxNmY2MTNkOTY2NDljYTA0YzE3MjY2Zjp7Il9hdXRoX3VzZXJfaGFzaCI6ImViM2I1OWNiMDVmNjgyZGYwMzIzYjYzMjdhYjA2OTZjNzc0Y2JlNTYiLCJfYXV0aF91c2VyX2JhY2tlbmQiOiJkamFuZ28uY29udHJpYi5hdXRoLmJhY2tlbmRzLk1vZGVsQmFja2VuZCIsIl9hdXRoX3VzZXJfaWQiOiIyIn0=','2018-02-26 10:14:38'),('uhl32k1ksbb99tr6khfohyfkf11yvm3x','MzExNmRjMDE5ZGVjNjFlNTFkZmUxMmNhYmY4NzM2MzYyYzExYmNkMDp7Il9hdXRoX3VzZXJfaGFzaCI6ImQ2ZDlhZDdhZDBlMjg3NjI0NTVmZWJmYTQwMTNjZjQwYzI1MTYyZTYiLCJfYXV0aF91c2VyX2JhY2tlbmQiOiJkamFuZ28uY29udHJpYi5hdXRoLmJhY2tlbmRzLk1vZGVsQmFja2VuZCIsIl9hdXRoX3VzZXJfaWQiOiI5In0=','2018-05-10 11:58:31'),('unekqjw4pqxhy824wbamdm1b1a7179a6','ODVjMzVkODFmZjUwNTQ2OGMxNmY2MTNkOTY2NDljYTA0YzE3MjY2Zjp7Il9hdXRoX3VzZXJfaGFzaCI6ImViM2I1OWNiMDVmNjgyZGYwMzIzYjYzMjdhYjA2OTZjNzc0Y2JlNTYiLCJfYXV0aF91c2VyX2JhY2tlbmQiOiJkamFuZ28uY29udHJpYi5hdXRoLmJhY2tlbmRzLk1vZGVsQmFja2VuZCIsIl9hdXRoX3VzZXJfaWQiOiIyIn0=','2018-02-27 15:58:56'),('uw1v68or7adyuv1hu8oe9wcv24aumryn','ODVjMzVkODFmZjUwNTQ2OGMxNmY2MTNkOTY2NDljYTA0YzE3MjY2Zjp7Il9hdXRoX3VzZXJfaGFzaCI6ImViM2I1OWNiMDVmNjgyZGYwMzIzYjYzMjdhYjA2OTZjNzc0Y2JlNTYiLCJfYXV0aF91c2VyX2JhY2tlbmQiOiJkamFuZ28uY29udHJpYi5hdXRoLmJhY2tlbmRzLk1vZGVsQmFja2VuZCIsIl9hdXRoX3VzZXJfaWQiOiIyIn0=','2018-03-16 12:56:11'),('vc6ocoo3xawtv5a2jxsl2vddfyu6xkg8','YmFlMTM2NWNlNDc4NjUzZTIzODFjYTE2OTYxYzBlNTVhYzkyYzRkMjp7Il9hdXRoX3VzZXJfaGFzaCI6IjA4MzVlZDhjOGQyZTgzM2QxZjQ5Y2E1YTBiMDZkZmZhZTk4ZjJiMGQiLCJfYXV0aF91c2VyX2JhY2tlbmQiOiJkamFuZ28uY29udHJpYi5hdXRoLmJhY2tlbmRzLk1vZGVsQmFja2VuZCIsIl9hdXRoX3VzZXJfaWQiOiI1In0=','2018-05-03 10:21:41'),('vdsyd0feb1udotov0rr8weldi63empcq','ODVjMzVkODFmZjUwNTQ2OGMxNmY2MTNkOTY2NDljYTA0YzE3MjY2Zjp7Il9hdXRoX3VzZXJfaGFzaCI6ImViM2I1OWNiMDVmNjgyZGYwMzIzYjYzMjdhYjA2OTZjNzc0Y2JlNTYiLCJfYXV0aF91c2VyX2JhY2tlbmQiOiJkamFuZ28uY29udHJpYi5hdXRoLmJhY2tlbmRzLk1vZGVsQmFja2VuZCIsIl9hdXRoX3VzZXJfaWQiOiIyIn0=','2018-04-30 12:13:15'),('vu3tjj7xqaepdaoy4qe5jro6tt4mzzgy','ODVjMzVkODFmZjUwNTQ2OGMxNmY2MTNkOTY2NDljYTA0YzE3MjY2Zjp7Il9hdXRoX3VzZXJfaGFzaCI6ImViM2I1OWNiMDVmNjgyZGYwMzIzYjYzMjdhYjA2OTZjNzc0Y2JlNTYiLCJfYXV0aF91c2VyX2JhY2tlbmQiOiJkamFuZ28uY29udHJpYi5hdXRoLmJhY2tlbmRzLk1vZGVsQmFja2VuZCIsIl9hdXRoX3VzZXJfaWQiOiIyIn0=','2018-03-25 11:21:12'),('w31ff6k50miqmxx07daxdemohe47lyup','ODVjMzVkODFmZjUwNTQ2OGMxNmY2MTNkOTY2NDljYTA0YzE3MjY2Zjp7Il9hdXRoX3VzZXJfaGFzaCI6ImViM2I1OWNiMDVmNjgyZGYwMzIzYjYzMjdhYjA2OTZjNzc0Y2JlNTYiLCJfYXV0aF91c2VyX2JhY2tlbmQiOiJkamFuZ28uY29udHJpYi5hdXRoLmJhY2tlbmRzLk1vZGVsQmFja2VuZCIsIl9hdXRoX3VzZXJfaWQiOiIyIn0=','2018-04-23 06:30:38'),('w55plclw8b8nvgztd16106tpr5gwe6lf','ODVjMzVkODFmZjUwNTQ2OGMxNmY2MTNkOTY2NDljYTA0YzE3MjY2Zjp7Il9hdXRoX3VzZXJfaGFzaCI6ImViM2I1OWNiMDVmNjgyZGYwMzIzYjYzMjdhYjA2OTZjNzc0Y2JlNTYiLCJfYXV0aF91c2VyX2JhY2tlbmQiOiJkamFuZ28uY29udHJpYi5hdXRoLmJhY2tlbmRzLk1vZGVsQmFja2VuZCIsIl9hdXRoX3VzZXJfaWQiOiIyIn0=','2018-02-23 14:43:04'),('wgce3bkf07o66b9donbnxfkd3l8i16ev','YTYzZTljNDE4ZjRlNzJhZjM4OGI4MWNiMWExNTM2NmUxYzM1YWJhMzp7Il9hdXRoX3VzZXJfaGFzaCI6IjI5OTY2OGI4MDgwZThkNWU1OWFhMTZjZGNiYWVkM2MyZGE1MWRhNWYiLCJfYXV0aF91c2VyX2JhY2tlbmQiOiJkamFuZ28uY29udHJpYi5hdXRoLmJhY2tlbmRzLk1vZGVsQmFja2VuZCIsIl9hdXRoX3VzZXJfaWQiOiIxIn0=','2018-02-26 11:59:22'),('xo77cwnenmu9gsjg3o1kj8oggmyzvlhe','YmFlMTM2NWNlNDc4NjUzZTIzODFjYTE2OTYxYzBlNTVhYzkyYzRkMjp7Il9hdXRoX3VzZXJfaGFzaCI6IjA4MzVlZDhjOGQyZTgzM2QxZjQ5Y2E1YTBiMDZkZmZhZTk4ZjJiMGQiLCJfYXV0aF91c2VyX2JhY2tlbmQiOiJkamFuZ28uY29udHJpYi5hdXRoLmJhY2tlbmRzLk1vZGVsQmFja2VuZCIsIl9hdXRoX3VzZXJfaWQiOiI1In0=','2018-04-18 17:15:14'),('xyvl54zknwhjz23iucn71zm3v9q07mgt','ODVjMzVkODFmZjUwNTQ2OGMxNmY2MTNkOTY2NDljYTA0YzE3MjY2Zjp7Il9hdXRoX3VzZXJfaGFzaCI6ImViM2I1OWNiMDVmNjgyZGYwMzIzYjYzMjdhYjA2OTZjNzc0Y2JlNTYiLCJfYXV0aF91c2VyX2JhY2tlbmQiOiJkamFuZ28uY29udHJpYi5hdXRoLmJhY2tlbmRzLk1vZGVsQmFja2VuZCIsIl9hdXRoX3VzZXJfaWQiOiIyIn0=','2018-03-01 14:47:16'),('zwbbd7pjavqjgm5k2udg50fn3m7gnamd','ODVjMzVkODFmZjUwNTQ2OGMxNmY2MTNkOTY2NDljYTA0YzE3MjY2Zjp7Il9hdXRoX3VzZXJfaGFzaCI6ImViM2I1OWNiMDVmNjgyZGYwMzIzYjYzMjdhYjA2OTZjNzc0Y2JlNTYiLCJfYXV0aF91c2VyX2JhY2tlbmQiOiJkamFuZ28uY29udHJpYi5hdXRoLmJhY2tlbmRzLk1vZGVsQmFja2VuZCIsIl9hdXRoX3VzZXJfaWQiOiIyIn0=','2018-03-19 13:10:36');
/*!40000 ALTER TABLE `django_session` ENABLE KEYS */;
UNLOCK TABLES;

--
-- Table structure for table `myapp_colectivo`
--

DROP TABLE IF EXISTS `myapp_colectivo`;
/*!40101 SET @saved_cs_client     = @@character_set_client */;
/*!40101 SET character_set_client = utf8 */;
CREATE TABLE `myapp_colectivo` (
  `id` int(11) NOT NULL AUTO_INCREMENT,
  `nombre` varchar(250) NOT NULL,
  `slug` varchar(250) DEFAULT NULL,
  PRIMARY KEY (`id`),
  UNIQUE KEY `slug` (`slug`)
) ENGINE=InnoDB AUTO_INCREMENT=6 DEFAULT CHARSET=latin1;
/*!40101 SET character_set_client = @saved_cs_client */;

--
-- Dumping data for table `myapp_colectivo`
--

LOCK TABLES `myapp_colectivo` WRITE;
/*!40000 ALTER TABLE `myapp_colectivo` DISABLE KEYS */;
INSERT INTO `myapp_colectivo` VALUES (1,'Ayuntamiento','ayuntamiento'),(2,'Mancomunidad','mancomunidad'),(3,'Asociaciones','asociaciones'),(4,'Particulares','particulares'),(5,'Otros','otros');
/*!40000 ALTER TABLE `myapp_colectivo` ENABLE KEYS */;
UNLOCK TABLES;

--
-- Table structure for table `myapp_diputacion`
--

DROP TABLE IF EXISTS `myapp_diputacion`;
/*!40101 SET @saved_cs_client     = @@character_set_client */;
/*!40101 SET character_set_client = utf8 */;
CREATE TABLE `myapp_diputacion` (
  `id` int(11) NOT NULL AUTO_INCREMENT,
  `nombre` varchar(250) NOT NULL,
  `font_color` varchar(10) NOT NULL,
  `slug` varchar(250) DEFAULT NULL,
  PRIMARY KEY (`id`),
  UNIQUE KEY `slug` (`slug`)
) ENGINE=InnoDB AUTO_INCREMENT=17 DEFAULT CHARSET=latin1;
/*!40101 SET character_set_client = @saved_cs_client */;

--
-- Dumping data for table `myapp_diputacion`
--

LOCK TABLES `myapp_diputacion` WRITE;
/*!40000 ALTER TABLE `myapp_diputacion` DISABLE KEYS */;
INSERT INTO `myapp_diputacion` VALUES (1,'Cultura','#808080','cultura'),(2,'Agua. Ciclo hídrico','#0000ff','agua-ciclo-hidrico'),(3,'Infraestructuras. Cooperación','#71866a','infraestructuras-cooperacion'),(6,'Bienestar social','#86b179','bienestar-social'),(7,'Deportes','#ffcc00','deportes'),(8,'Medio Ambiente','#008000','medio-ambiente'),(9,'Igualdad y Juventud','#ffcc99','igualdad-y-juventud'),(10,'Ciudadanos extranjeros','#ffff00','ciudadanos-extranjeros'),(11,'Patronato de Turismo','#3366ff','patronato-de-turismo'),(12,'Instituto Juan Gil-Albert','#99ccff','instituto-juan-gil-albert'),(13,'Promoción y desarrollo local','#000080','promocion-y-desarrollo-local'),(14,'Servicio Asistencia a Municipios','#ff99cc','servicio-asistencia-a-municipios'),(15,'Residuos Sólidos Urbanos','#ff6600','residuos-solidos-urbanos'),(16,'Fomento y desarrollo','#FFFFFF','fomento-y-desarrollo');
/*!40000 ALTER TABLE `myapp_diputacion` ENABLE KEYS */;
UNLOCK TABLES;

--
-- Table structure for table `myapp_estado`
--

DROP TABLE IF EXISTS `myapp_estado`;
/*!40101 SET @saved_cs_client     = @@character_set_client */;
/*!40101 SET character_set_client = utf8 */;
CREATE TABLE `myapp_estado` (
  `id` int(11) NOT NULL AUTO_INCREMENT,
  `etapa` varchar(250) NOT NULL,
  `slug` varchar(250) DEFAULT NULL,
  `font_color` varchar(10) NOT NULL,
  PRIMARY KEY (`id`),
  UNIQUE KEY `slug` (`slug`)
) ENGINE=InnoDB AUTO_INCREMENT=11 DEFAULT CHARSET=latin1;
/*!40101 SET character_set_client = @saved_cs_client */;

--
-- Dumping data for table `myapp_estado`
--

LOCK TABLES `myapp_estado` WRITE;
/*!40000 ALTER TABLE `myapp_estado` DISABLE KEYS */;
INSERT INTO `myapp_estado` VALUES (1,'Cerrada a espera de resolución','cerrada-a-espera-de-resolucion','#99cc00'),(2,'No aplicable','no-aplicable','#333333'),(3,'Solicitada con detalles por definir','solicitada-con-detalles-por-definir','#9fc5e8'),(4,'Definiéndose','definiendose','#ffd966'),(5,'Aprobada','aprobada','#3c78d8'),(6,'Desestimada','desestimada','#666666'),(7,'Ejecutada y terminada','ejecutada-y-terminada','#808000'),(8,'Limbo','limbo','#ffff00'),(9,'Sin atender','sin-atender','#FFFFFF'),(10,'postergado','postergado','#aaaaaa');
/*!40000 ALTER TABLE `myapp_estado` ENABLE KEYS */;
UNLOCK TABLES;

--
-- Table structure for table `myapp_generalitat`
--

DROP TABLE IF EXISTS `myapp_generalitat`;
/*!40101 SET @saved_cs_client     = @@character_set_client */;
/*!40101 SET character_set_client = utf8 */;
CREATE TABLE `myapp_generalitat` (
  `id` int(11) NOT NULL AUTO_INCREMENT,
  `nombre` varchar(250) NOT NULL,
  `font_color` varchar(10) NOT NULL,
  `slug` varchar(250) DEFAULT NULL,
  PRIMARY KEY (`id`),
  UNIQUE KEY `slug` (`slug`)
) ENGINE=InnoDB AUTO_INCREMENT=19 DEFAULT CHARSET=latin1;
/*!40101 SET character_set_client = @saved_cs_client */;

--
-- Dumping data for table `myapp_generalitat`
--

LOCK TABLES `myapp_generalitat` WRITE;
/*!40000 ALTER TABLE `myapp_generalitat` DISABLE KEYS */;
INSERT INTO `myapp_generalitat` VALUES (3,'Conselleria de Agricultura, Medio Ambiente, Cambio Climático y Desarrollo Rural','#008000','conselleria-de-agricultura-medio-ambiente-cambio-climatico-y-desarrollo-rural'),(4,'Conselleria de Transparencia, Responsabilidad Social, Participación y Cooperación','#b1de81','conselleria-de-transparencia-responsabilidad-social-participacion-y-cooperacion'),(5,'Dirección General de Administración Local, de la Presidencia de la Generalitat','#a461d2','direccion-general-de-administracion-local-de-la-presidencia-de-la-generalitat'),(6,'Conselleria de Economía Sostenible, Sectores Productivos, Comercio y Trabajo','#ff6600','conselleria-de-economia-sostenible-sectores-productivos-comercio-y-trabajo'),(7,'Dirección Territorial de Igualdad y Políticas Inclusivas','#333333','direccion-territorial-de-igualdad-y-politicas-inclusivas'),(8,'Conselleria de Hacienda y Modelo Económico','#800080','conselleria-de-hacienda-y-modelo-economico'),(9,'Institut Valencià de la Joventut','#ffff00','institut-valencia-de-la-joventut'),(10,'Consejo de Cámaras de Comercio, Industria, Servicios y Navegación','#c0c0c0','consejo-de-camaras-de-comercio-industria-servicios-y-navegacion'),(11,'SERVEF','#ccffff','servef'),(12,'Conselleria de Justicia, Administración Pública, Reformas Democráticas y Libertades Públicas','#00ccff','conselleria-de-justicia-administracion-publica-reformas-democraticas-y-libertades-publicas'),(13,'Educación, Investigación, Cultura y Deporte','#33cccc','educacion-investigacion-cultura-y-deporte'),(14,'Agencia valenciana de seguridad y respuesta a las emergencia','#ff99cc','agencia-valenciana-de-seguridad-y-respuesta-a-las-emergencia'),(15,'Conselleria de Sanidad Universal y Salud Pública','#FFFFFF','conselleria-de-sanidad-universal-y-salud-publica'),(16,'Agència Valenciana del Turisme','#008080','agencia-valenciana-del-turisme'),(17,'IVAJ','#3366ff','ivaj'),(18,'Conselleria de Vivienda, Obras Públicas y Vertebración del Territorio','#ffff00','conselleria-de-vivienda-obras-publicas-y-vertebracion-del-territorio');
/*!40000 ALTER TABLE `myapp_generalitat` ENABLE KEYS */;
UNLOCK TABLES;

--
-- Table structure for table `myapp_gobierno`
--

DROP TABLE IF EXISTS `myapp_gobierno`;
/*!40101 SET @saved_cs_client     = @@character_set_client */;
/*!40101 SET character_set_client = utf8 */;
CREATE TABLE `myapp_gobierno` (
  `id` int(11) NOT NULL AUTO_INCREMENT,
  `nombre` varchar(250) NOT NULL,
  `font_color` varchar(10) NOT NULL,
  `slug` varchar(250) DEFAULT NULL,
  PRIMARY KEY (`id`),
  UNIQUE KEY `slug` (`slug`)
) ENGINE=InnoDB DEFAULT CHARSET=latin1;
/*!40101 SET character_set_client = @saved_cs_client */;

--
-- Dumping data for table `myapp_gobierno`
--

LOCK TABLES `myapp_gobierno` WRITE;
/*!40000 ALTER TABLE `myapp_gobierno` DISABLE KEYS */;
/*!40000 ALTER TABLE `myapp_gobierno` ENABLE KEYS */;
UNLOCK TABLES;

--
-- Table structure for table `myapp_responsable`
--

DROP TABLE IF EXISTS `myapp_responsable`;
/*!40101 SET @saved_cs_client     = @@character_set_client */;
/*!40101 SET character_set_client = utf8 */;
CREATE TABLE `myapp_responsable` (
  `id` int(11) NOT NULL AUTO_INCREMENT,
  `responsable` varchar(250) NOT NULL,
  `user_id` int(11) DEFAULT NULL,
  PRIMARY KEY (`id`),
  KEY `myapp_responsable_user_id_b8b0ba23_fk_auth_user_id` (`user_id`),
  CONSTRAINT `myapp_responsable_user_id_b8b0ba23_fk_auth_user_id` FOREIGN KEY (`user_id`) REFERENCES `auth_user` (`id`)
) ENGINE=InnoDB AUTO_INCREMENT=14 DEFAULT CHARSET=latin1;
/*!40101 SET character_set_client = @saved_cs_client */;

--
-- Dumping data for table `myapp_responsable`
--

LOCK TABLES `myapp_responsable` WRITE;
/*!40000 ALTER TABLE `myapp_responsable` DISABLE KEYS */;
INSERT INTO `myapp_responsable` VALUES (1,'Juan Carlos',5),(2,'María Vicenta',10),(3,'Thierry',3),(4,'Rafa',NULL),(5,'Mariló',11),(6,'Josemi',7),(8,'Personal',NULL),(9,'Fernando',4),(10,'Agnieszka',6),(12,'Angel',8),(13,'María Teresa',9);
/*!40000 ALTER TABLE `myapp_responsable` ENABLE KEYS */;
UNLOCK TABLES;

--
-- Table structure for table `myapp_subvencion`
--

DROP TABLE IF EXISTS `myapp_subvencion`;
/*!40101 SET @saved_cs_client     = @@character_set_client */;
/*!40101 SET character_set_client = utf8 */;
CREATE TABLE `myapp_subvencion` (
  `id` int(11) NOT NULL AUTO_INCREMENT,
  `inicio` date DEFAULT NULL,
  `fin` date DEFAULT NULL,
  `created` datetime NOT NULL,
  `updated` datetime NOT NULL,
  `slug` varchar(250) NOT NULL,
  `nombre` longtext NOT NULL,
  `bases` longtext NOT NULL,
  `solicitud` longtext NOT NULL,
  `observaciones` longtext NOT NULL,
  `ente` varchar(255) NOT NULL,
  `cuantia` longtext NOT NULL,
  `descripcion` longtext NOT NULL,
  `comentarios` longtext NOT NULL,
  `drive` longtext NOT NULL,
  `gestiona_expediente` varchar(250) NOT NULL,
  `diputacion_id` int(11) DEFAULT NULL,
  `estado_id` int(11) NOT NULL,
  `generalitat_id` int(11) DEFAULT NULL,
  `user_id` int(11) DEFAULT NULL,
  `gobierno_id` int(11) DEFAULT NULL,
  PRIMARY KEY (`id`),
  UNIQUE KEY `slug` (`slug`),
  KEY `myapp_subvencion_diputacion_id_b78f61cf_fk_myapp_diputacion_id` (`diputacion_id`),
  KEY `myapp_subvencion_estado_id_a45e0a52_fk_myapp_estado_id` (`estado_id`),
  KEY `myapp_subvencion_generalitat_id_971cb7a9_fk_myapp_generalitat_id` (`generalitat_id`),
  KEY `myapp_subvencion_user_id_120391e6_fk_auth_user_id` (`user_id`),
  KEY `myapp_subvencion_gobierno_id_acf4db3b_fk_myapp_gobierno_id` (`gobierno_id`),
  CONSTRAINT `myapp_subvencion_diputacion_id_b78f61cf_fk_myapp_diputacion_id` FOREIGN KEY (`diputacion_id`) REFERENCES `myapp_diputacion` (`id`),
  CONSTRAINT `myapp_subvencion_estado_id_a45e0a52_fk_myapp_estado_id` FOREIGN KEY (`estado_id`) REFERENCES `myapp_estado` (`id`),
  CONSTRAINT `myapp_subvencion_generalitat_id_971cb7a9_fk_myapp_generalitat_id` FOREIGN KEY (`generalitat_id`) REFERENCES `myapp_generalitat` (`id`),
  CONSTRAINT `myapp_subvencion_gobierno_id_acf4db3b_fk_myapp_gobierno_id` FOREIGN KEY (`gobierno_id`) REFERENCES `myapp_gobierno` (`id`),
  CONSTRAINT `myapp_subvencion_user_id_120391e6_fk_auth_user_id` FOREIGN KEY (`user_id`) REFERENCES `auth_user` (`id`)
) ENGINE=InnoDB AUTO_INCREMENT=101 DEFAULT CHARSET=latin1;
/*!40101 SET character_set_client = @saved_cs_client */;

--
-- Dumping data for table `myapp_subvencion`
--

LOCK TABLES `myapp_subvencion` WRITE;
/*!40000 ALTER TABLE `myapp_subvencion` DISABLE KEYS */;
INSERT INTO `myapp_subvencion` VALUES (1,'2018-01-03','2018-02-02','2018-02-02 18:49:48','2018-03-26 10:55:32','UC0Vb1','Fomento de la lengua y cultura popular valenciana','https://drive.google.com/open?id=1Ikp-oJkMl4AjZqFWPVf6yi7alcUpjZgU','https://drive.google.com/open?id=14aRHxdySpvPDQQp7ZnnQrnKvO7aPpWON','','DA','1500 €','Subvenciones para realizar actividades de fomento de la lengua y cultura popular valenciana, ya realizadas o por realizar entre el 01 de octubre de 2017 y 30 de septiembre de 2018.','Se ha pedido la maquetación del inventario de fuentes','https://drive.google.com/open?id=0B-6ZND28b8BsdkE4dHUzRXVpM0E','3/2018 EXP 1',1,1,NULL,5,NULL),(2,'2018-01-03','2018-02-02','2018-02-02 19:05:51','2018-03-26 10:55:40','nyF7H5','Actividades culturales de especial relieve','-','-','','DA','-','Subvencionar actividades culturalres de especial relieve realizadas entre el 01 de octubre de 2017 a 30 de septiembre de 2018','FESTA PARLAR DEL SA _ SUBVENCION AL 40 %','--','--',1,1,NULL,5,NULL),(3,'2018-01-03','2018-02-02','2018-02-02 19:09:41','2018-03-26 10:55:48','eL3H6y','Campaña de Música als Pobles','--','--','','DA','--','Difusión cultural mediante la interpretación de conciertos en local o lugar público, en su municipio o en otro de la provincia, por las bandas de música de las Sociedades Musicales de la provincia de Alicante pertenecientes a la Federación de Sociedades Musicales de la Comunidad Valenciana','','--','--',1,8,NULL,5,NULL),(4,'2018-02-06','2018-02-05','2018-02-02 19:15:45','2018-03-26 10:56:29','EGUReK','Actividades culturales, musicales y escénicas 2018','--','--','','DA','--','Subvenciones para actividades culturales, musicales y escénicas 2018','ESPECTACULOS CULTURALES Y MUSICALES PARA LA FERIA DURANTE LOS DIAS 21 Y 22 DE JULIO.','--','3/2018 EXP 3',1,1,NULL,5,NULL),(5,'2018-01-23','2018-02-22','2018-02-02 20:24:00','2018-04-17 19:54:05','v317Fi','Equipamiento de Instalaciones Culturales de titularidad municipal','http://sede.diputacionalicante.es/documentos/emeri/Convocatorias/00042.pdf','http://sede.diputacionalicante.es/documentos/emeri/ConvocatoriasImpresos/00043.pdf','','DA','7000 €\r\n80%','Se pidió el año 2016. Así que este año se puede pedir\r\n\r\nColaborar económicamente con los Ayuntamientos al objeto de mejorar las instalaciones para la prestación a los usuarios de sus servicios culturales.\r\n\r\nA estos efectos serán subvencionables inversiones tales como adquisición de mobiliario, (mesas, sillas, armarios), equipos de audiovisuales e informáticos, fotocopiadoras y equipos multifunción, equipos audiovisuales e informáticos, fotocopiadoras y equipos multifunción, equipos de climatización (aire acondicionado). Y no serán subvencionables las adquisiciones de equipamiento no inventariable (mesa/silla pegables...).','<p>JC:17-04-2018: Finalmente se piden <strong>focos</strong> y <strong>altavoces</strong> para el sal&oacute;n de actos casa cultura. Y 2 <strong>ordenabores</strong> y 2 <strong>impresoras multifunci&oacute;n</strong></p>\r\n<p>Se podr&iacute;a usar para cambiar los aires acondicionados en el sal&oacute;n de plenos. O a&ntilde;adirlos en ses vivendes. IMPORTANTE HAY QUE ARREGLAR EL AIRE ACONDICIONADO DE LA SALA DE LA CASA DE CULTURA - YA HAY UN PRESUPUESTO Y HAY QUE PEDIR OTROS -Un ordenador para ses vivendes, servidor de la biblioteca y para usuario final (dos) Le he pedido dos ordenadores como los que pedimos para Maril&oacute; y MariaVicenta. Podr&iacute;an usarse para amics des museu y ses vivendes (jovenes) - en la casa de cultura, un escenario fijo. tengo el plano que me ha hecho josemi. Faltar&iacute;a enviar los planos a http://guil-staging.com - Una barra donde poner el proyector luces y altavoces. le he pedido un presupuesto a Mateu para una barra para focos, unos focos y unos altavoces fijos para la sala 22-02-2018 - al final se env&iacute;an dos presupuestos de material inform&aacute;tico y focos y material para el escenario casa cultura</p>','https://drive.google.com/file/d/1C-qK4hF11kg20MzbK5OyB1gqWLIXKSPv/view?usp=sharing','3/2018 EXP 7',1,4,NULL,5,NULL),(6,'2016-12-30','2017-01-30','2018-02-02 20:45:20','2018-04-13 19:59:13','g32pEc','Equipamiento instalaciones culturales municipales, 2017','--','--','','DA','--','','Este año no se podía optar a ella. Por haberla pedido el año pasado.','','-',1,10,NULL,5,NULL),(9,'2018-02-13','2018-05-16','2018-02-18 17:25:59','2018-04-25 12:27:27','W7Qouo','Ayudas para la aplicación de medidas de gestión forestal sostenible en el marco del Programa de Desarrollo Rural de la Comunitat Valenciana 2014-2020','http://www.gva.es/es/inicio/procedimientos?id_proc=18518','https://www.dogv.gva.es/datos/2017/09/05/pdf/2017_7675.pdf','','GV','4.000 - 10.000 €','Concesión de ayuda para la realización de inversiones destinadas al desarrollo de zonas forestales y a la mejora de la viabilidad de los bosques, basadas en la gestión sostenible y multifuncional de los mismos:\r\n\r\n- Operación 8.5.1. Instrumentos de gestión forestal sostenible;\r\n- Operación 8.5.2. Gestión forestal sostenible para la mejora ambiental, paisajística y fomento de los ecosistemas forestales;\r\n- Operación 8.6.1. Inversiones para la transformación y comercialización de productos forestales.','<p>JC: 25-04-2018: Pues todo ha ido bien estos d&iacute;as. Se pusieron en contacto conmigo, en concreto Juan R. Gazquez, Jefe de la Secci&oacute;n Forestal. Que pusiermos las hect&aacute;reas con el arbolado que hubiera actualmente. Hablo seguidamente con Raimon para transmitirle la informaci&oacute;n. M&aacute;s tarde me env&iacute;a la nueva propuesta (de palabra) que significa que no tendr&iacute;amos que poner dinero para la redacci&oacute;n del Plan. Le pido a @MVicenta que me vaya sacando los certificados catastrales. Los tengo encima de mi mesa en papel. Ahora env&iacute;o correo a @MVicenta para que me pase los pdf y subirlos al expediente que acabo de crear. El viernes hablar&eacute; con Raimon.</p>\r\n<p>JC: 16-04-2018: Se amplia el plazo hasta el 16 de mayo. Carmen no contesta. Hay que mirar el presupuesto.</p>\r\n<p>28-03-2018 - tras reuni&oacute;n el d&iacute;a de ayer con Raimon seguimos trabajando en el asunto. Visito registro de la propiedad y sigo pista del \"certificado catastral\" y lo consigo. Hoy hablar&eacute; con alguno de los propietarios colindantes a ver que opinan. (24-03-2018)- le voy a proponer a Raimon P&eacute;rez que nos centremos en esta ayuda y descartemos la de planes contra incendios.</p>','https://drive.google.com/open?id=1r1tyYh1YhZ3IVvq-3AKaP_-Mmpi3FvTr','3/2018 EXP. 32',NULL,4,3,5,NULL),(10,'2018-02-15','2018-03-28','2018-02-20 07:32:41','2018-03-28 06:19:11','S6NLyo','Ayudas destinadas para la redacción de nuevos Planes Locales de Prevención de Incendios Forestales (PLPIF) o para la revisión de los ya aprobados','http://www.gva.es/es/inicio/procedimientos?id_proc=18692','https://www.dogv.gva.es/datos/2017/09/29/pdf/2017_8442.pdf','','GV','3.500 €','Revisión de plan local de prevención de incendios forestales.\r\nEn todo el periodo 2014-2020 sólo se podrá percibir ayuda una sola vez para el mismo concepto.','Me pongo en contacto con Raimon, un chico de Callosa. Me comenta que podemos pedirla pero por los pelos, ya que en primera 2:\r\nc) Se considera revisión de un PLPIF a los efectos de esta subvención, cuando este cuente con una resolución aprobatoria de la conselleria competente en prevención de incendios forestales y:\r\n– Ha cumplido la vigencia aprobada.\r\n– Deba adaptarse a una planificación de rango superior vigente, a la que está subordinada. \r\n\r\na este segundo punto, el de adaptación, podríamos acogernos porque parece que el año pasado cambiaron las normas técnicas.\r\nCreo que de todas maneras, podríamos dejarlo pasar, porque el plan fue aprobado hace poco más de un año. Podemos seguir con él y quizás para el año que viene o el 2020 pedir esta revisión. Así también apretamos en otras subvenciones, como la de \"gestión forestal sostenible\".\r\n\r\n28-03-2018 - Finalmente lo dejamos pasar para el año que viene o el siguiente y nos centramos en \"gestión forestal sostenible\"','-','-',NULL,10,3,5,NULL),(11,'2018-02-14','2018-03-12','2018-02-20 08:21:01','2018-04-16 18:29:21','bgMDM0','entidades sin fin de lucro, dentro del ámbito de los servicios sociales, para la realización de actividades de carácter formativo, terapéutico y/o rehabilitador','http://sede.diputacionalicante.es/documentos/emeri/Convocatorias/00052.pdf','http://sede.diputacionalicante.es/documentos/emeri/ConvocatoriasImpresos/00048.pdf','','DA','3.000','Colaborar con asociaciones y entidades sin fin de lucro en el ámbito de los Servicios Sociales para la realización de proyectos de carácter formativo, terapéutico y/o rehabilitador dirigidos tanto a las personas afectadas como a sus familiares, personal cuidador, voluntariado y profesionales de dichas entidades con la finalidad de mejorar la calidad de vida y la reinserción social de las personas afectadas. Asimismo se incluye la realización de proyectos de sensibilización dirigidos a mejorar la percepción de la ciudadanía sobre la situación de estos colectivos sociales.','<p>Para la ONG Familias Alternativas</p>','-','-',6,10,NULL,5,NULL),(12,'2018-02-14','2018-03-12','2018-02-20 08:52:36','2018-04-16 18:31:03','cLoAB2','entidades sin ánimo de lucro en el ámbito del bienestar social para el desarrollo de actividades de promoción de la convivencia a través del ocio y el tiempo libre','http://sede.diputacionalicante.es/documentos/emeri/Convocatorias/00051.pdf','http://sede.diputacionalicante.es/documentos/emeri/ConvocatoriasImpresos/00047.pdf','','DA','3.000','Sufragar el coste de los desplazamientos que realicen las entidades solicitantes para la realización de actividades de ocio y tiempo libre, orientadas a la promoción de la convivencia de los colectivos destinatarios del servicio\r\nDestinatarios	Entidades sin ánimo de lucro con sede social o delegación estable en la provincia de Alicante y cuya actuación se desarrolle en los sectores de discapacidad, enfermedad mental, adicciones, población vulnerable y/o en riesgo de exclusión social y colectivos sociosanitarios','<p>Podr&iacute;a promoverla Familias Alternativas con la asociaci&oacute;n de j&oacute;venes.</p>','-','-',6,10,NULL,5,NULL),(13,'2017-12-27','2018-05-31','2018-02-20 09:04:54','2018-03-16 08:08:41','rmY7e8','Ayudas no dinerarias para reparaciones y conservación de caminos de titularidad no provincial a ejecutar por la Diputación','http://sede.diputacionalicante.es/documentos/emeri/Convocatorias/00043.pdf','http://sede.diputacionalicante.es/documentos/emeri/ConvocatoriasImpresos/00038.pdf','','DA','5.000','Convocatoria anticipada de ayudas no dinerarias a favor de Ayuntamientos y Entidades locales de la Provincia de Alicante con población inferior a 5.000 habitantes, para reparaciones y conservación de caminos de titularidad no provincial a ejecutar por la Diputación provincial de Alicante. Año 2018.\r\nDestinatarios	Ayuntamientos y entidades locales de la provincia de Alicante con población inferior a 5.000 habitantes.','Se pidió el camino de bijouca - garx.\r\n\r\nen la primera convocatoria no aparecemos (14/03/2018).','https://drive.google.com/open?id=1sWbDI9F7q7migPUCGqZrOQf2dveCJde0','3/2018 EXP 8',3,1,NULL,5,NULL),(14,'2018-02-17','2018-03-13','2018-02-20 17:09:00','2018-04-16 18:35:37','9NtVLL','Subvenciones destinadas a ayuntamientos y mancomunidades para la realización de actividades de promoción social dirigidas a colectivos vulnerables y para la adquisición de equipamiento destinado a centros y otros espacios municipales de uso social','http://sede.diputacionalicante.es/documentos/emeri/Convocatorias/00054.pdf','http://sede.diputacionalicante.es/documentos/emeri/ConvocatoriasImpresos/00050.pdf','','DA','>12.000','Colaborar en el desarrollo de proyectos y actividades que faciliten la inserción, la promoción social y la prevención de riesgos de colectivos vulnerables atendidos desde los Servicios Sociales Municipales y en la compra de equipamiento de diferente tipo destinado a espacios municipales de uso social con el fin de facilitar el desarrollo de actividades dirigidas a mejorar la calidad de vida de las personas residente en el Municipio.','<p>Hay que hacer seguimiento de estas subvenciones. Para el pleno de mancomunidad.</p>','-','3/2018 EXP 10',6,10,NULL,5,NULL),(15,'2018-01-20','2018-05-31','2018-02-20 17:19:19','2018-02-25 14:56:11','Y8auJv','Subvenciones para la realización y mejora de infraestructuras e instalaciones hidráulicas que incrementen la eficiencia del uso de agua en regadío','http://sede.diputacionalicante.es/documentos/emeri/Convocatorias/00038.pdf','http://sede.diputacionalicante.es/documentos/emeri/ConvocatoriasImpresos/00034.pdf','','DA','<50.000 80%','Subvenciones a favor de entidades de riego de la provincia de Alicante para la realización y mejora de infraestructuras e instalaciones hidráulicas y otras inversiones que incrementen la eficiencia del uso del agua en regadío a ejecutar por la Diputación de Alicante.','','-','-',2,2,NULL,5,NULL),(16,'2018-01-20','2018-07-31','2018-02-20 17:22:52','2018-02-25 14:55:57','Ksp87i','Subvenciones a Entidades Locales y Entidades de Riego para la redacción, por la Diputación de proyectos en materia de Ciclo Hidríco.','http://sede.diputacionalicante.es/documentos/emeri/Convocatorias/00049.pdf','http://sede.diputacionalicante.es/documentos/emeri/ConvocatoriasImpresos/00045.pdf','','DA','','Redacción por el Ciclo Hídrico de documentos técnicos, solicitados por las entidades locales y Entidades de Riego de la provincia de Alicante, referentes a actuaciones relativas al Ciclo Hídrico municipal y provincial, tales como proyectos de infraestructuras e instalaciones hidráulicas de competencia local y utilización pública.','','-','-',2,8,NULL,5,NULL),(18,'2017-12-27','2018-09-17','2018-02-20 17:29:12','2018-02-28 16:35:15','lGcEPN','Subvenciones a favor Entidades Locales para coadyugar en la financiación de infraestructuras hidráulicas de abastecimiento y saneamiento. IACH 2018','http://sede.diputacionalicante.es/documentos/emeri/Convocatorias/00041.pdf','http://sede.diputacionalicante.es/documentos/emeri/ConvocatoriasImpresos/00037.pdf','','DA','< 60.000 95%','Subvenciones en 2018 a favor de entidades locales de la provincia de Alicante para coadyuvar en la financiación de infraestructuras hidráulicas de abastecimiento y saneamiento que ejecuten o hubiesen ejecutado las mismas. IACH 2018','TUBERIA SA FOIA','-','2/2017 EXP 38',2,1,NULL,5,NULL),(19,'2017-12-27','2018-06-15','2018-02-20 17:46:26','2018-02-25 14:55:36','m5R1ii','Ayudas para la realización y mejora de infraestructuras hidráulicas de abastecimiento y saneamiento a ejecutar por la Diputación. IDCH 2018','http://sede.diputacionalicante.es/documentos/emeri/Convocatorias/00040.pdf','http://sede.diputacionalicante.es/documentos/emeri/ConvocatoriasImpresos/00036.pdf','http://sede.diputacionalicante.es/detalle-catalogo-servicios/?id=193','DA','> 60.000 95%','Subvenciones a favor de entidades locales de la provincia de Alicante para la realización y mejora de infraestructuras hidráulicas de abastecimiento y saneamiento a ejecutar por la Diputación. IDCH 2018','CONTADORES','-','2/2017 EXP 38',2,4,NULL,5,NULL),(20,'2018-02-21','2018-10-31','2018-02-21 07:26:53','2018-02-25 14:55:27','z7R0fY','Realización de actuaciones relacionadas con la formación y divulgación en materia de responsabilidad social','http://www.gva.es/es/inicio/procedimientos?id_proc=16280','http://www.dogv.gva.es/datos/2016/06/06/pdf/2016_4113.pdf','','GV','','','','-','-',NULL,2,4,5,NULL),(21,'2017-12-20','2018-05-31','2018-02-21 07:59:34','2018-04-10 10:28:06','yzMjDi','Reparación de infraestructuras hidráulicas a ejecutar por los municipios. RACH 2018','http://sede.diputacionalicante.es/documentos/emeri/Convocatorias/00039.pdf','http://sede.diputacionalicante.es/documentos/emeri/ConvocatoriasImpresos/00035.pdf','http://sede.diputacionalicante.es/detalle-catalogo-servicios/?id=191','DA','','Reparación de infraestructuras hidráulicas a ejecutar por los municipios.RACH 2018','JC: 10-04-2018: Estoy gestionando la ayuda de conselleria sobre caminos (ver en subvenciones relacionadas). Estaría bien sincronizarlo para hacer primero la tubería y después asfaltar el camino.\r\n\r\nTUBERIA RAFALET FRANÇOIS','-','2/2017 EXP 38',2,4,NULL,5,NULL),(22,'2018-02-17','2018-03-13','2018-02-21 08:08:12','2018-04-16 18:51:18','UQEH5o','Subvenciones a Instituciones sin fin de lucro en el ámbito del Bienestar Social para la adquisición de equipamiento','http://sede.diputacionalicante.es/documentos/emeri/Convocatorias/00053.pdf','http://sede.diputacionalicante.es/documentos/emeri/ConvocatoriasImpresos/00049.pdf','http://sede.diputacionalicante.es/detalle-catalogo-servicios/?id=58','DA','< 5.000 €','Ayudas económicas para la adquisición de equipamiento general (mobiliario, equipos informáticos, maquinaria de oficina…) y de equipamiento específico (material técnico-rehabilitador).','<p>Familias Alternativas</p>','','--',6,10,NULL,5,NULL),(23,'2018-02-17','2018-03-13','2018-02-21 08:22:53','2018-02-25 14:53:58','63YfZV','Subvenciones a Instituciones sin fin de lucro en el ámbito del Bienestar Social para la adquisición de equipamiento','http://sede.diputacionalicante.es/documentos/emeri/Convocatorias/00053.pdf','http://sede.diputacionalicante.es/documentos/emeri/ConvocatoriasImpresos/00049.pdf','http://sede.diputacionalicante.es/detalle-catalogo-servicios/?id=58','DA','','Ayudas económicas para la adquisición de equipamiento general (mobiliario, equipos informáticos, maquinaria de oficina…) y de equipamiento específico (material técnico-rehabilitador).\r\n\r\nDestinatarios\r\nEntidades privadas sin fin de lucro pertenecientes al ámbito del Bienestar Social','','-','-',6,2,NULL,5,NULL),(24,'2018-02-08','2018-03-26','2018-02-22 10:45:15','2018-03-26 17:18:41','x4zvQx','Solicitud de subvenciones para sostenimiento de gastos corrientes de las mancomunidades de municipios de la Comunitat Valenciana.','http://www.dogv.gva.es/datos/2018/02/21/pdf/2018_1616.pdf','https://www.tramita.gva.es/ctt-att-atr/asistente/iniciarTramite.html?tramite=DGM_SUB&version=1&login=c&idioma=es&idCatGuc=PR&idProcGuc=16274','http://www.gva.es/es/inicio/procedimientos?id_proc=16274','GV','100.000','Coadyuvar al desarrollo integral de las mancomunidades de municipios de la Comunitat Valenciana, a través de la financiación de sus gastos corrientes en bienes y servicios.','JuanCarlos: me quedé sin tiempo para hablarlo con mancomunidad','','-',NULL,10,5,5,NULL),(25,'2018-02-22','2018-03-13','2018-02-22 19:20:06','2018-04-17 20:57:33','9zEI7K','Concesión de Premios a los Mejores Deportistas, al Mejor Técnico y Mejor Club Deportivo de la Provincia.','http://sede.diputacionalicante.es/documentos/emeri/Convocatorias/00055.pdf','','','DA','','Deportistas. Deportistas discapacitados. Jóvenes valores que no superen la edad de 17 años, al 31 de diciembre del año al que se refiere la convocatoria. Técnicos Deportivos. Todos ellos deben ser naturales de la Provincia de Alicante, o acreditar su residencia continuada en la misma, al menos en los tres últimos años. Clubes Deportivos que, legalmente constituidos e inscritos en el registro correspondiente, estén radicados en la Provincia de Alicante, y desarrollen una o varias disciplinas deportivas y se hallen adscritos a la correspondiente Federación.','','','-',7,4,NULL,5,NULL),(26,'2018-02-24','2018-10-31','2018-02-24 18:00:30','2018-02-25 14:52:33','ED2Izm','Solicitud de estancias en balnearios de la Comunidad Valenciana: Programa de Termalismo Valenciano','http://www.gva.es/es/inicio/procedimientos?id_proc=1177','http://www.dogv.gva.es/datos/2018/02/23/pdf/2018_1771.pdf','','GV','200 € persona','La Generalitat contribuirá a la financiación del coste de las plazas con una aportación máxima de 126,5 euros IVA incluido para temporada alta y 200 euros IVA incluido para temporada baja, por plaza a cada uno de los/as beneficiarios/as del programa, abonando dicha cantidad al establecimiento receptor y corriendo por cuenta del la persona beneficiaria, el resto del importe conforme con los precios que se indican en el anexo I de la convocatoria.','Se convocan 10.378 plazas en dos temporadas\r\n\r\nUna vez comprobado el cumplimiento de los requisitos, la adjudicación de plazas se realizará según el orden de presentación de solicitudes que servirá como criterio único en la mencionada adjudicación, así como en el orden de reserva de las personas que no obtengan plaza directa.','','-',NULL,4,7,5,NULL),(27,'2018-02-22','2018-03-22','2018-02-24 18:11:57','2018-03-23 06:54:06','tCRzkv','EMERGE 2018. Programa de subvenciones Iniciativa Social, destinadas a la contratación, para la realización de acciones previstas en planes o procedimientos de emergencias en el ámbito forestal','http://www.gva.es/es/inicio/procedimientos?id_proc=19132','http://www.dogv.gva.es/datos/2018/02/22/pdf/2018_1711.pdf','','GV','66.000 €','El objeto de estas subvenciones es la contratación de personas desempleadas por corporaciones locales de la Comunitat Valenciana para la realización de acciones previstas en planes o procedimientos de emergencias en el ámbito forestal .','@thierry, ¿cuando se solicitó?\r\nestá bien poner aquí en el comentario, cuando se pidió y algún dato al respecto\r\n\r\n23/03/2018- hoy aparece de nuevo la convocatoria, no sé si es que hay que añadir algunos datos a la petición previa','','-',NULL,3,6,5,NULL),(28,'2018-02-26','2018-03-26','2018-02-26 18:14:23','2018-03-23 19:44:46','2txvZt','Red COMDES - Solicitud de autorización para el uso de la Red de Comunicaciones Móviles Digitales de Emergencias y Seguridad de la Comunitat Valenciana','http://www.gva.es/es/inicio/procedimientos?id_proc=18815&version=amp','','','GV','--','Procedimiento de solicitud de autorización temporal para el uso de la Red COMDES. \r\n\r\nLa autorización que se emita en respuesta a esta solicitud habilitará para el uso de la red COMDES con carácter temporal hasta que se apruebe la nueva regulación del uso de la red COMDES, momento en que se procederá a la autorización definitiva según esta regulación establezca.','Hay en rellenar el formulario este\r\nhttp://www.gva.es/downloads/publicados/IN/07246_BI.pdf\r\na través de certificado electrónico\r\n\r\n¿Qué documentación se debe presentar?\r\n- Solicitud de autorización de la entidad solicitante conforme al impreso normalizado debidamente cumplimentado.\r\n\r\n- Se debe adjuntar a la solicitud uno de los dos siguientes documentos en función del tipo de entidad solicitante:\r\n\r\na) Para administraciones titulares de servicios de intervención ante emergencias: acto administrativo que acredite que la administración aprueba solicitar la autorización para el uso de la red COMDES de la Generalitat, y persona a la que se faculta para ello.\r\n\r\nb) Para consorcios: copia del acuerdo de sus órganos de gobierno que acredite que aprueban solicitar la autorización para el uso de la red COMDES de la Generalitat y persona a la que se faculta para ello.\r\n\r\nLa Administración o el consorcio acepta con su solicitud que las prestaciones y funcionalidades de los servicios de comunicaciones que ofrece la Red COMDES, en particular la cobertura y la capacidad, son adecuadas para la operativa de los servicios de intervención que dependen de la misma. Para ello podrá requerir al operador de Red información sobre dichos servicios, y realizar pruebas de funcionamiento con carácter previo a la solicitud de autorización para el uso de la Red.','','-',NULL,4,8,5,NULL),(29,'2018-02-26','2018-03-31','2018-02-26 20:03:53','2018-04-24 08:25:58','m4RMg4','PIMA Residuos y PEMAR','https://drive.google.com/open?id=1TsrLBMyTOKSF3p-579QTmUwNvVlBzElu','','','GV','','Promover actuaciones que permitan reducir las emisiones de gases de efecto invernadero (GEI) y avanzar en la consecución de los\r\nobjetivos de la Directiva 2008/98/CE de Residuos, de la Ley 22/2011, de 28 de julio, de residuos y suelos contaminados, del Plan Estatal Marco de Gestión de Residuos (PEMAR), así como en el cumplimiento de los objetivos relativos a las energías renovables.\r\nCon estas ayudas se promueve especialmente la implantación de proyectos innovadores por parte de entidades locales que están lejos todavía de alcanzar los objetivos comunitarios.','<p>JC: 23-04-2018: La semana anterior visito al Jefe servicio residuos Emili Gombau, me confirma que se pudo enviar la subvenci&oacute;n al ministerio. Tambi&eacute;n hoy mismo Joan Piquer me lo confirma.</p>\r\n<p>JC - 13-04-2018: La envi&eacute; finalmente por correo a Piquer. No tengo noticias. La semana que viene lo volvemos a mirar. JC - 06/04/2018 - estoy a punto de lanzar la subvenci&oacute;n. La subo al gestiona. y bueno, no s&eacute; si el lunes podremos enviarla. Ya veremos. sino, pues ya tenemos avanzado el tema para otro a&ntilde;o. Compostadores dom&eacute;sticos Compostadores para viviendas unifamiliares con jard&iacute;n o huerto en los que se los depositen y se composten los biorresiduos. Deber&aacute;n incorporar, como m&iacute;nimo, la identificaci&oacute;n (con una pegatina o serigraf&iacute;a) de los materiales que se pueden depositar en su interior. 80 &euro;/compostador Actuaciones de formaci&oacute;n y seguimiento del proyecto Las actuaciones de formaci&oacute;n y seguimiento deber&aacute;n incluir un plan de trabajo. En el caso de compostaje comunitario tambi&eacute;n incluir&aacute;n una gu&iacute;a que detalle los biorresiduos objeto de compostaje para cada vivienda participante. En el caso de compostaje dom&eacute;stico tambi&eacute;n incluir&aacute;n un manual de compostaje para cada vivienda participante. 12 &euro;/habitante Contenedores para la v&iacute;a p&uacute;blica (molar&iacute;a con tarjeta) Los contenedores para la recogida separada de biorresiduos en la v&iacute;a p&uacute;blica deber&aacute;n ser, parcial o totalmente, de color marr&oacute;n o incorporar una identificaci&oacute;n de color marr&oacute;n. La resistencia de los contenedores ser&aacute; la equivalente al peso del contenedor lleno de materia org&aacute;nica y &eacute;stos deber&aacute;n permitir la incorporaci&oacute;n de sistemas de identificaci&oacute;n y pesado. El contenedor incluir&aacute; una impresi&oacute;n permanente de los materiales que pueden ser depositados en su interior. 5 &euro;/habitante atendido 29-03-2018 - He hablado con Patricia de Spora. Les env&iacute;o presupuesto con varias cosas. La semana que viene hablaremos.</p>','https://drive.google.com/open?id=1i3uHArLXE5Ph29lfLWQ2rf_eydNBcMnM','3/2018 EXP. 22',NULL,3,3,5,NULL),(30,'2018-02-22','2018-10-31','2018-02-28 17:28:41','2018-02-28 17:28:41','ziN1fK','CAMPAÑA DE MUSICA Y TEATRO 2018','http://sede.diputacionalicante.es/detalle-catalogo-servicios?id=76','','','DA','','','','','3/2018 EXP 11',1,4,NULL,5,NULL),(32,'2018-03-02','2018-03-15','2018-03-02 12:43:13','2018-03-26 17:18:59','AqytPd','Campamentos de verano para jóvenes durante el verano de 2018, modalidad A, dirigida a ayuntamientos de la Comunitat Valenciana, dentro de la campaña Viu L\'Estiu.','http://www.gva.es/es/inicio/procedimientos?id_proc=19258','http://www.dogv.gva.es/datos/2018/02/28/pdf/2018_1901.pdf','http://www.ivaj.gva.es/campamentos','GV','','Ofrecer plazas a los ayuntamientos de la Comunitat Valenciana en el programa Campamentos de verano, dirigido a jóvenes, entre 12 y 17 años, con la finalidad de facilitar a estas entidades la elaboración de programas de ocio educativo donde se promuevan hábitos de vida saludables y actividades de tiempo libre educativo para romper, si procede, dinámicas de desigualdad.\r\n\r\nServicios que se ofrecen:\r\n- Un programa de actividades de multiaventura, tiempo libre, actividades de ocio educativo, formativo y convivencial. En algunos se incluyen actividades náuticas e inglés. La duración depende de la actividad elegida.\r\n- Alojamiento en albergues juveniles de la Comunitat Valenciana o de otras comunidades autónomas.\r\n- Alimentación en régimen de pensión completa, en el que se incluye el desayuno, comida, merienda y cena.\r\n- Servicio especializado de animación sociocultural, en actividades náuticas y de multiaventura.\r\n- Material necesario para realizar las actividades.\r\n- Seguro de responsabilidad civil y de accidentes.\r\n\r\nEn las actividades en otras comunidades autónomas, se incluye el transporte desde Valencia, Alicante o Castellón hasta el albergue donde se alojen. En las actividades que se realizan en la Comunitat Valenciana, el o la joven que participe habrá de llegar por sus propios medios al albergue.','Se envió la subvención al grupo de jóvenes.\r\n\r\nLa dejamos para el año que viene a ver si la podemos promocionar mejor.','','-',NULL,10,9,5,NULL),(33,'2018-03-02','2018-09-15','2018-03-02 12:55:29','2018-03-02 12:55:29','xDGHjV','Convocatoria de ayudas económicas para jóvenes interesados en realizar una estancia de movilidad en países de la Unión Europea. Anualidad 2017.','http://www.gva.es/es/inicio/procedimientos?id_proc=19296','http://www.dogv.gva.es/datos/2018/02/28/pdf/2018_1507.pdf','','GV','','El objeto del Plan de movilidad es fomentar la movilidad transnacional y mejorar el nivel de empleabilidad entre los jóvenes beneficiarios del Sistema Nacional de Garantía Juvenil.\r\n\r\nEstas ayudas estarán cofinanciadas por el Fondo Social Euro-peo (FSE) y la Iniciativa de Empleo Juvenil (IEJ) dentro del Programa operativo de empleo juvenil 2014-2020','','','-',NULL,4,10,5,NULL),(34,'2018-03-01','2018-03-22','2018-03-02 13:28:28','2018-03-21 22:13:20','QX2bVx','EMCUJU- Programa de subvenciones de empleo destinadas a la contratación de personas jóvenes cualificadas por entidades locales, en el marco del Sistema Nacional de Garantía Juvenil, para el ejercicio 2018 (SERVEF)','http://www.gva.es/es/inicio/procedimientos?id_proc=18598','','http://www.dogv.gva.es/datos/2018/02/28/pdf/2018_1909.pdf','GV','31437 €','La concesión de subvenciones para la contratación de las personas jóvenes, que figuren inscritas en el fichero del Sistema Nacional de Garantía Juvenil en el ámbito territorial de la Comunitat Valenciana.','21-03-2018\r\nSeleccionamos dos.\r\nhttps://docs.google.com/document/d/1RN7e4dyRIOLQ2rvm3tuAUtxqErTPStl-izeVvSVz0s8/edit?usp=sharing\r\n\r\n---\r\n\r\nLa concesión de estas subvenciones se tramitará en régimen de concurrencia competitiva.\r\n\r\nson la gente con formación, por ahora tenía claro un par de puestos:\r\n- Mireia, está terminando Integración Social, http://www.todofp.es/que-como-y-donde-estudiar/que-estudiar/familia/loe/servicios-socioculturales-comunidad/integracion-social.html\r\n\r\n- Amos podría venir de informático. Miquel, el hijo de Miquelo, está también estudiando informática, no sé si lo tiene terminado o como lo lleva. Consultar a Amos.\r\n\r\n- dependiendo del periodo en el que empieze pensar de nuevo en Eloi\r\n\r\nmirarlo en Benidorm\r\n- Mantenimiento de Instalaciones Térmicas y de Fluidos. (fajardo mendoza) \r\n- guía, información y asistencia turísticas. (IES MEDITERRANIA, l\'Almadrava)','','-',NULL,3,11,5,NULL),(35,'2018-03-01','2018-03-22','2018-03-03 15:47:28','2018-03-23 19:30:44','DNvFYE','EMPUJU-Programa de subvenciones de empleo destinadas a la contratación de personas jóvenes por entidades locales, en el marco del Sistema Nacional de Garantía Juvenil, para el ejercicio 2018. (SERVEF)','http://www.gva.es/es/inicio/procedimientos?id_proc=18617','http://www.dogv.gva.es/datos/2018/02/28/pdf/2018_1908.pdf','','GV','56130 €','La concesión de subvenciones para la contratación de las personas jóvenes, que figuren inscritas en el fichero del Sistema Nacional de Garantía Juvenil en el ámbito territorial de la Comunitat Valenciana.','21-03-2018\r\nSeleccionamos tres.\r\nhttps://docs.google.com/document/d/1RN7e4dyRIOLQ2rvm3tuAUtxqErTPStl-izeVvSVz0s8/edit?usp=sharing\r\n\r\n-----\r\nLa concesión de estas subvenciones se tramitará en régimen de concurrencia competitiva.','','-',NULL,3,11,5,NULL),(36,'2018-03-07','2018-04-04','2018-03-07 09:02:33','2018-04-03 21:36:31','M5llcE','Subvenciones para la realización de proyectos e iniciativas en materia de recuperación de la memoria histórica en aras a la promoción de la convivencia democrática, desarrolladas por AYUNTAMIENTOS y MANCOMUNIDADES de la Comunitat Valenciana. Año 2018.','http://www.gva.es/es/inicio/procedimientos;jsessionid=lf2WhfpDJSSQ18TjjJ0ZJRvqn2y09f3l20y9qWL3LFwTCnlbBp21!2111063921!1520413155929?id_proc=18172#p_3','','','GV','','Salvaguardar, el conocimiento y difusión de la historia de la lucha de los valencianos y valencianas por sus derechos y libertades democráticas en el período que abarca desde la proclamación de la Segunda República, el 14 de abril de 1931, hasta la entrada en vigor del Estatut d\' Autonomia, el 10 de julio de 1982, en aras a la promoción de la convivencia y del aumento en la calidad de la vida democrática, desarrolladas por ayuntamientos y mancomunidades de la Comunitat Valenciana.','JC 03-04-2018: esta suena para que la mueva un alcalde.','','-',NULL,9,12,5,NULL),(37,'2018-03-06','2018-04-10','2018-03-07 09:05:52','2018-04-09 19:31:09','vW9WHJ','TECG - Solicitud de subvenciones destinadas a la realización de actividades de voluntariado ambiental en prevención de incendios forestales para el ejercicio 2018.','http://www.gva.es/es/inicio/procedimientos?id_proc=661','','','GV','>10.000','Serán subvencionables las actividades de voluntariado ambiental en materia de prevención de incendios forestales, campañas de sensibilización, de educación y concienciación a los visitantes en espacios naturales y forestales, mediante acciones dirigidas a la información a los visitantes acerca del cumplimiento de las distintas normativas aplicables, a la vigilancia disuasoria, y a la aplicación de programas de educación ambiental con especial incidencia en el conocimiento del medio forestal.\r\nLas actividades podrán desarrollarse a lo largo de todo el ejercicio 2018. En el caso de actividades realizadas con anterioridad a la presente convocatoria, para ser subvencionables deberán haberse realizado conforme lo establecido en las bases y constar el conocimiento y autorización por parte de la Conselleria de Agricultura , Medio Ambiente, Cambio Climático y Desarrollo Rural.','JC: 03-04-2018: creo que sería asumible para el año 2019. habría que trabajarlo de todas maneras conjuntamente JOVES, trabajadores forestales.','','-',NULL,10,3,5,NULL),(38,'2018-03-08','2018-03-28','2018-03-08 12:43:18','2018-03-16 00:31:51','E5vN5X','Subvenciones a escuelas de danza dependientes de corporaciones locales o de entidades privadas sin ánimo de lucro de la Comunitat Valenciana para el ejercicio 2018','http://www.gva.es/es/inicio/procedimientos?id_proc=18146','','','GV','','Convocar subvenciones a escuelas de danza de la Comunitat Valenciana, para contribuir a la financiación parcial de estos centros durante el curso académico 2017-2018.','- Figurar inscritas como tales en la sección específica del Registro de Centros Docentes de la Comunitat Valenciana. Las escuelas deben haber solicitado la inscripción antes de la finalización del año de inicio del curso escolar de referencia en la convocatoria de subvención.\r\n- Que el primer día hábil del mes de noviembre del año de inicio del curso escolar de referencia en la convocatoria de subvención, esté iniciada la actividad de la escuela.\r\n- Disponer del número mínimo de profesorado establecido en la normativa vigente reguladora de estos centros. A la hora de otorgar la subvención solo se considerará el profesorado contratado y dado de alta en la Seguridad Social con efecto, al menos, del primer día hábil del mes de noviembre del año de inicio del curso escolar de referencia en la convocatoria de subvención. El profesorado contratado que ejerza otro puesto de trabajo en otro servicio público deberá cumplir con lo que se establece en la normativa vigente sobre incompatibilidades del personal al servicio de las Administraciones Públicas.\r\n- Que el profesorado disponga del requisito de titulación señalado en la normativa vigente reguladora de estos centros.\r\n- Cumplir con todo aquello que establezca la normativa vigente reguladora de estos centros.\r\n- Que la entidad solicitante se encuentra al corriente en el cumplimiento de las obligaciones tributarias y ante la Seguridad Social.\r\n-----','','-',NULL,2,13,5,NULL),(39,'2018-03-08','2018-03-28','2018-03-08 12:46:49','2018-04-06 19:53:35','DVO95p','Subvenciones destinadas a escuelas de música y escuelas de música y danza, dependientes de corporaciones locales o de entidades privadas sin ánimo de lucro de la Comunitat Valenciana para el ejercicio 2018.','http://www.gva.es/es/inicio/procedimientos?id_proc=230','','','GV','','- Figurar inscritas como tales en la sección específica del Registro de Centros Docentes de la Comunitat Valenciana. Las escuelas deben haber solicitado la inscripción antes de la finalización del año de inicio del curso escolar de referencia en la convocatoria de subvención.\r\n\r\n- Que el primer día hábil del mes de noviembre del año de inicio del curso escolar de referencia en la convocatoria de subvención, esté iniciada la actividad de la escuela.\r\n\r\n- Disponer del número mínimo de profesorado establecido en la normativa vigente reguladora de estos centros. A la hora de otorgar la subvención solo se considerará el profesorado contratado y dado de alta en la Seguridad Social con efecto, al menos, del primer día hábil del mes de noviembre del año de inicio del curso escolar de referencia en la convocatoria de subvención. El profesorado contratado que ejerza otro puesto de trabajo en otro servicio público deberá cumplir con lo que se establece en la normativa vigente sobre incompatibilidades del personal al servicio de las Administraciones Públicas.\r\n\r\n- Que el profesorado disponga del requisito de titulación señalado en la normativa vigente reguladora de estos centros.\r\n\r\n- Cumplir con todo aquello que establezca la normativa vigente reguladora de estos centros.\r\n\r\n- Que la entidad solicitante se encuentra al corriente en el cumplimiento de las obligaciones tributarias y ante la Seguridad Social.','verlo en la fireta con Nazari','','-',NULL,8,13,5,NULL),(40,'2018-03-01','2018-04-03','2018-03-08 12:54:49','2018-04-03 21:18:56','Lo8gQm','Plan Ayudas a Ayuntamientos de la Provincia, EATIM y Entidades Deportivas Municipales dependientes de los mismos.','http://sede.diputacionalicante.es/documentos/emeri/Convocatorias/00060.pdf','http://sede.diputacionalicante.es/documentos/emeri/ConvocatoriasImpresos/00058.pdf','http://sede.diputacionalicante.es/detalle-catalogo-servicios/?id=94','DA','2.250,00 €','Ayudas económicas a los Ayuntamientos y/o Entidades Locales de la Provincia de Alicante, así como a las Entidades Deportivas Ayuntamientos, EATIM, Entidades Deportivas Municipales, dependientes de los mismos (Patronatos, Organismos Autónomos Fundaciones Deportivas, etc.), para la realización de actividades deportivas o para el funcionamiento de escuelas deportivas municipales.','el año 2017 se pidio la escola de estiu.\r\nhay que ver que es exactamente eso.\r\n\r\n28-03-2018 - María Vicenta ha pedido la escola. Para el año que viene habrá que ver si seguimos con esto o no. En mi opinión debería ir a algo que tenga que ver con deportes y no la escola d\'estiu.','','3/2018 - 14',7,1,NULL,5,NULL),(41,'2018-03-01','2018-03-20','2018-03-08 13:20:27','2018-03-16 13:46:46','9xSchn','Programa de Actividad Física para Mayores','http://sede.diputacionalicante.es/documentos/emeri/Convocatorias/00058.pdf','http://sede.diputacionalicante.es/documentos/emeri/ConvocatoriasImpresos/00060.pdf','http://sede.diputacionalicante.es/detalle-catalogo-servicios/?id=99','DA','< 1.200 €','Realización de cursos de actividad física moderada en todos los municipios de la Provincia de Alicante con menos de 5000 habitantes, y cuya finalidad será la de impulsar la práctica estable de actividades físico-deportivas entre la población de más edad, contribuyendo a una mejor calidad de vida y mejora de la salud de nuestros mayores.','Personas, preferentemente, mayores de 60 años, residentes en Municipios de la Provincia de Alicante con menos de 5000 habitantes\r\n\r\npedido el 16/03/2018\r\n\r\nyoga. los martes por la tarde.\r\n\r\ndura unos dos meses y medio. tres','','3/2018 - 13',7,1,NULL,5,NULL),(42,'2018-03-01','2018-03-20','2018-03-08 13:23:57','2018-03-16 13:31:38','ndTtcG','Ayudas para la promoción de cursos de natación.','http://sede.diputacionalicante.es/documentos/emeri/Convocatorias/00063.pdf','http://sede.diputacionalicante.es/documentos/emeri/ConvocatoriasImpresos/00056.pdf','http://sede.diputacionalicante.es/detalle-catalogo-servicios/?id=206','DA','< 1.200 €','Ayuda a Ayuntamientos y EATIM, menores de 5.000 habitantes, para la realización de Cursos de Natación - niveles de Iniciación y Perfeccionamiento-.\r\n\r\nNiños de los municipios de Alicante menores de 5.000 habitantes, con edades comprendidas entre 4 y 14 años sea la enseñanza de la natación en sus diferentes fases de aprendizaje: principios básicos, iniciación a los diferentes estilos y perfeccionamiento técnico.','Traducionalmente gestionada por Mariló. \r\nJulio 2017 . Aprobada 66,75 % ( 1230 €) \r\n\r\n\r\npedido el 16/03/2018','https://drive.google.com/open?id=1MoR8PbJNkHkY3Yy1t_ySye-CD9PBR_jN','-',7,1,NULL,5,NULL),(43,'2018-03-13','2018-04-03','2018-03-14 06:38:24','2018-04-16 18:58:49','Ikbupr','Solicitud de subvenciones destinadas a financiar la remodelación y construcción de locales sociales de las sociedades musicales de la Comunitat Valenciana para el ejercicio 2018.','http://www.gva.es/es/inicio/procedimientos?id_proc=15734','','','GV','> 12.000 €','Modalidad remodelación: incluye obras de remodelación y rehabilitación, reforma, mejora, adecuación y modernización de locales sociales en espacios existentes y sus instalaciones.','<p>Sociedades musicales de la Comunitat Valenciana</p>','','-',NULL,8,13,5,NULL),(44,'2018-03-15','2018-03-30','2018-03-15 07:12:31','2018-04-27 05:45:36','8x2yJz','Solicitud de ayudas destinadas a ayuntamientos, mancomunidades de municipios y entidades locales menores de la Comunidad Valenciana y de El Carche que realizan actividades de promoción del uso del valenciano.','http://www.gva.es/es/inicio/procedimientos?id_proc=3219','','','GV','','Las ayudas van dirigidas a subvencionar la realización de programas y actividades de promoción del uso oficial y social del valenciano en el período comprendido entre el 9 de noviembre de 2017, fecha de finalización de la justificación de la convocatoria de subvenciones del año 2017, hasta el 31 de diciembre de 2018.\r\n\r\n2. Programas solicitados.\r\na) Rotulaciones y señalizaciones.\r\nb) Cursos de valenciano.\r\nc) Campañas y acciones de voluntariado lingüístico.\r\nd) Campañas y acciones de acogida lingüística a recién llegados.\r\ne) Actividades culturales.\r\nf) Acciones, actividades y campañas municipales de sensibilización y promoción del uso del valenciano.\r\ng) Creación y funcionamiento de oficinas o servicios de promoción del valenciano.\r\nh) Cláusulas sociales. Disponer de un plan de igualdad y de integración social.\r\ni) Programa del uso del valenciano en las redes sociales de la entidad.','<p>JC: 3-4-2018: Podr&iacute;amos haber pedido un curso de valenciano y actividades culturales en general, pero... &iquest;alguien sabe algo del concejal de cultura? yo no puedo gestionar todas las subvenciones -----</p>','','-',NULL,4,13,5,NULL),(45,'2018-03-16','2018-04-27','2018-03-16 07:47:42','2018-04-16 20:31:56','khEIdA','TECG - Solicitud de ayudas para obras de acondicionamiento de caminos rurales de titularidad de los municipios y entidades locales menores de la Comunidad Valenciana.','http://www.gva.es/es/inicio/procedimientos?id_proc=796','https://www.dogv.gva.es/datos/2018/03/15/pdf/2018_2640.pdf','https://www.dogv.gva.es/datos/2008/11/27/pdf/2008_13750.pdf','GV','< 160.000 80%','La subvención tiene la finalidad de mejorar la infraestructura viaria rural de titularidad municipal Serán obras subvencionables todas aquellas que signifiquen una mejora permanente de la superestructura de los caminos rurales, bien con firme asfáltico, de hormigón o de material granular.\r\nQuedan exceptuados los proyectos que contemplen exclusivamente obras aisladas no incluidas en las de superestructura, y trabajos como los de desyerbe o limpieza de caminos, bacheos y rasanteos aislados.\r\nAdemás, se considerará una inversión desproporcionada a los fines de la ayuda, aquella en que el presupuesto de la mejora de la superestructura de los caminos rurales sea inferior al 60% del presupuesto total de la obra. estas solicitudes, podrá ser reducidas o denegadas.\r\nNo serán auxiliables las mejoras ofertadas por los contratistas.\r\n* Una vez presentada la solicitud, en caso de querer aportar documentos al expediente (AGMIA) se podrá hacer a través del enlace que aparece en el apartado de Información complementaria.','<p>JC: 16-04-2018: Env&iacute;o recordatorio a Josemi, con el usuario y pass para entrar a esta herramienta de subvenciones. Hace unos d&iacute;as le envi&eacute; los datos de la carretera.</p>\r\n<p>JC: 10/04/2018: hablo con Josemi. Creo expediente en gestiona y empiezo a mirar que nos har&aacute; falta. Estos es la documentaci&oacute;n a presentar: - Certificado del municipio o de la entidad local menor, seg&uacute;n la naturaleza del solicitante, en modelo normalizado. - Memoria valorada, firmada digitalmente por persona t&eacute;cnica competente, con un tama&ntilde;o m&aacute;ximo de 5 MB. En vez de la memoria valorada, tambi&eacute;n podr&aacute; presentarse un proyecto t&eacute;cnico, firmado digitalmente, aunque &eacute;ste s&oacute;lo ser&aacute; exigible, posteriormente, a aquellas solicitudes que resulten seleccionadas para su aprobaci&oacute;n. Ambos documentos se ajustar&aacute;n a lo indicado en la Orden 9/2016, de 22 de abril de 2016, de la Conselleria de Agricultura, Medioambiente, Cambio Clim&aacute;tico y Desarrollo Rural, por la que se establece el formato digital para la presentaci&oacute;n de proyectos t&eacute;cnicos. - Memoria acreditativa de la necesidad de la obra, firmada digitalmente, con un tama&ntilde;o m&aacute;ximo de 5 MB. Como m&iacute;nimo, declarar&aacute; y acreditar&aacute; suficientemente la informaci&oacute;n necesaria para poder valorar los siguientes apartados para la priorizaci&oacute;n de la solicitud: a) Indicar si la solicitud contempla &uacute;nicamente inversiones en caminos intermunicipales o en caminos que den servicio directo a zonas de cultivo o explotaci&oacute;n en com&uacute;n. b) Indicar si se da acceso directo a explotaciones ganaderas o a industrias agroalimentarias (bodegas, cooperativas). c) Indicar si existe coherencia con otras l&iacute;neas de subvenci&oacute;n o actuaciones directas de la Conselleria, tales como modernizaci&oacute;n de regad&iacute;os, mejora de infraestructuras ganaderas o cualesquiera otras d) Detallar la necesidad de la obra en base a la poblaci&oacute;n rural y las producciones de la zona a que da servicio el camino o caminos, o cualquier otro factor que contribuya al desarrollo rural de la zona. - En caso de que alg&uacute;n camino objeto de la solicitud, discurra por cualquier zona de afecci&oacute;n (v&iacute;a pecuaria, dominio p&uacute;blico hidr&aacute;ulico, carreteras, espacios de la red Natura 2000 o parajes naturales declarados, etc) se adjuntar&aacute; la autorizaci&oacute;n de ejecuci&oacute;n de la obra, expedida por el &oacute;rgano competente. - En caso de que la cuenta indicada para el pago de la ayuda no est&eacute; dada de alta en la Generalitat, modelo de domiciliaci&oacute;n bancaria, firmado digitalmente, en modelo normalizado ------------------------------------------------------------------------------------------------------------ Menos de 2000 habitantes: 80%. Rafalet El expediente del camino del buscarr&oacute; 13/2015 Haciendo una extrapolaci&oacute;n: El camino del buscarr&oacute; cost&oacute; 60.000 ya con todos los gastos e impuesto, sindo 1316 metros. En Rafalet, el tramo m&iacute;nimo a realizar ser&iacute;a (1001 + 724). desde coll de sa Creu a la curva de Malagana. Y haciendo una regla de tres me sale 80.000&euro;, siendo 15.000 el 20%</p>','','3/2018 - 23',NULL,4,3,5,NULL),(46,'2017-11-28','2017-12-28','2018-03-16 08:27:34','2018-03-16 08:27:34','gefaou','Subvenciones para realización de inventarios de emisiones de referencia....','http://www.dip-alicante.es/MERI/DOC/SUBVENCION/BASES/BASES%20INVENTARIOS%20DE%20EMISIONES.pdf','','','DA','482 €','(16/03/2018) - está aprobada, nos ayudan con 482€.\r\n\r\nahora hay que ver como se hace esto','mirar como gestionar este dinero y ver las otras líneas que había.','https://drive.google.com/open?id=0B-6ZND28b8BsanR3QjlPZ2xEbUk','-',8,5,NULL,5,NULL),(47,'2018-03-08','2018-03-29','2018-03-16 09:10:15','2018-04-14 11:05:24','Bj75Zr','Subvenciones a Ayuntamientos y Entidades de ámbito territorial inferior al municipio (E.A.T.I.M.) para actividades y programas dirigidos a la juventud','http://sede.diputacionalicante.es/documentos/emeri/Convocatorias/00072.pdf','http://sede.diputacionalicante.es/documentos/emeri/ConvocatoriasImpresos/00066.pdf','http://sede.diputacionalicante.es/detalle-catalogo-servicios/?id=212','DA','< 3000 €','Serán objeto de subvención de la presente convocatoria, todas aquellas actividades y\r\nprogramas que vayan dirigidos exclusivamente a la juventud, entendiéndose como tal la\r\nfranja de población comprendida entre los 12 y los 30 años.','el 29/03/2018 parece que se envió la subvención pero no encuentro minuta en el gestiona.\r\n\r\nel año pasado se pidió el tema de la escalada.\r\nsigo pensando en que Girado podría iniciar una escuela deportiva.\r\n\r\n26-03-2018, llamar a Girado\r\nenviar memoria a Mariló','https://drive.google.com/open?id=0B-6ZND28b8BsZlhOQnZHSFpoZFk','3/2018 - 16',9,3,NULL,5,NULL),(48,'2018-03-09','2018-04-03','2018-03-16 09:23:13','2018-04-03 21:26:20','7Rr95h','Subvenciones a Ayuntamiento y a E.A.T.I.M. para programas y actividades para la igualdad de oportunidades y prevención de la violencia de género','http://sede.diputacionalicante.es/documentos/emeri/Convocatorias/00074.pdf','','http://sede.diputacionalicante.es/detalle-catalogo-servicios/?id=214','DA','< 3000 €','Organización y realización de proyectos, programas y/o actividades en materia de\r\nigualdad de oportunidades entre mujeres y hombres y prevención y erradicación de la\r\nviolencia de género','Generalmente se está pidiendo para el  curso de informática. Pero creo que como no va ni un joven ni medio deberíamos cambiar el objetivo de esta subvención.\r\n\r\n26-03-2018, tras hablar con Mariló pensamos que lo indicado sería el curso de pilates. Ella se encarga de pedir que adapten la memoria para adaptarse a la subvención.','','-',9,1,NULL,5,NULL),(49,'2018-03-26','2018-04-18','2018-03-28 09:38:24','2018-04-20 16:19:29','U29zRm','Subvenciones a Ayuntamientos para actividades en materia de ciudadanos extranjeros','http://sede.diputacionalicante.es/detalle-catalogo-servicios/?id=64','http://sede.diputacionalicante.es/documentos/emeri/Convocatorias/00081.pdf','','DA','3.500 €','Subvencionar actividades y programas destinados a integrar al colectivo de extranjeros en los municipios en los que residen.','<p>JC: 20-04-2018: se env&iacute;a a las 12:17 del 18.-04-2018</p>\r\n<p>JC: 17-04-2018: a falta del presupuesto subimos a gestiona el pdf de la memoria y de la solicitud. veo que hay un l&iacute;mite de rango fechas gastos hasta el 1 de octubre. Pido nuevo presupuesto, pero subo el antiguo por si acaso al gestiona.</p>\r\n<p>JC:16-04-2018: Agnieszka redacta la memoria y rellena el formulario de solicitud. Yo hago calculos para el presupuesto y le mando propuesta a Julian. Quemos a la espera para enviar la solicitud ma&ntilde;ana.</p>\r\n<p>JC: 10-04-2018: le pido a Agnieszka que haga una memoria de las actividades que hemos ido desarrollando. La idea es seguir contando con TEO. Viniendo un d&iacute;a todas las semanas del a&ntilde;o sale 2240 &euro;+iva. Teniendo en cuenta que se subvenciona 3500. es una buena opci&oacute;n. 28-03-2018. El a&ntilde;o pasado se pidi&oacute; el curso de valenciano. La verdad es que al final los extranjeros lo han ido dejando porque no les gust&oacute; el m&eacute;todo de la profesora. tendr&iacute;amos dos opciones: - Ser&iacute;a interesante saber cuanto ha durado el curso de valenciano. - por otro lado podr&iacute;amos usar esta subvenci&oacute;n para el huerto ecol&oacute;gico. Aunque tambi&eacute;n podr&iacute;amos esperar a que saliera la de agricultura.</p>','https://drive.google.com/open?id=0B-6ZND28b8BsYWxFN0l0S2N4QlE','3/2018 EXP. 20',10,1,NULL,5,NULL),(50,'2018-03-08','2018-03-29','2018-03-28 10:06:43','2018-03-28 10:06:43','LL2MtC','Subvenciones a Mancomunidades con destino a programas y actividades para la igualdad de oportunidades y prevención de la violencia de género','http://sede.diputacionalicante.es/detalle-catalogo-servicios/?id=112','http://sede.diputacionalicante.es/documentos/emeri/Convocatorias/00070.pdf','','DA','< 2.500 €','Subvenciones para la realización de actividades en materia de igualdad y violencia de género, para la elaboración o implantación de planes de igualdad, para la realización de actividades en materia de juventud y prevención de drogodependencias','No tengo ni idea lo que se ha pedido. Preguntar en el próximo pleno.','','-',9,9,NULL,5,NULL),(51,'2018-03-17','2018-05-16','2018-03-28 10:21:26','2018-04-10 17:49:29','vfwmlE','Ayudas a las Obras y Servicios de Competencia Municipal para 2019','http://sede.diputacionalicante.es/documentos/emeri/Convocatorias/00078.pdf','','http://sede.diputacionalicante.es/detalle-catalogo-servicios/?id=122','DA','240.000 € 95%','La colaboración con los municipios se materializa a través de diversos Programas Provinciales de Cooperación aprobados anualmente por la Diputación, centrándose, fundamentalmente, en los servicios municipales obligatorios y, dentro de éstos, en los que se pueden considerar como básicos: abastecimiento de agua potable, saneamiento de aguas residuales, tratamiento de residuos sólidos, alumbrado público o pavimentación, entre otros, y en general los establecidos en el art. 26.1 de la Ley 7/1985 Reguladora de Bases de Régimen Local. Los Programas de Cooperación Provincial en los que se centra esta Oficina son: \r\n- Plan Provincial de Obras y Servicios de Competencia Municipal. \r\n- Plan Complementario al de Obras y Servicios de Competencia Municipal. \r\n- Plan Especial de Infraestructuras Dotacionales. \r\n- Plan de ahorro Energético en colaboración con la Agencia Provincial de la Energía. \r\n- Subvenciones para inversiones en obras, reparaciones y equipamiento de cooperación municipal.','','','-',3,4,NULL,5,NULL),(52,'2018-03-17','2018-04-05','2018-03-28 10:31:25','2018-04-16 19:00:38','L40Mjc','Ayudas a municipios de la provincia de Alicante, Promoción Turística de la Costa Blanca, anualidad 2018','http://sede.diputacionalicante.es/documentos/emeri/Convocatorias/00077.pdf','','http://sede.diputacionalicante.es/detalle-catalogo-servicios/?id=217','DA','','Regular el procedimiento en régimen de concurrencia competitiva ordinaria para la concesión de subvenciones destinada a coadyuvar en la financiación de los gastos derivados en la promoción turística de la Costa Blanca','<p>JC: 16-04-2018: Al final la convocator&iacute;a incorporaba en una sola todas las l&iacute;neas de subvenci&oacute;n de a&ntilde;os anteriores. As&iacute; que al final solo se pidi&oacute; la de radio. Reservaremos algo para alg&uacute;n folleto.</p>\r\n<p>se suele pedir radio, carteles, tr&iacute;ptico. el a&ntilde;o pasado se concedi&oacute; 1921,77 &euro; (64,06%) creo que podemos seguir pidiendo lo mismo y complicarnos la vida 28-03-2018 - le pregunto a MVicenta a ver como lo lleva? JC: 03-04-2018: lanza finalmente la subvenci&oacute;n como el a&ntilde;o anterior.</p>','','3/2018 - 19',11,3,NULL,5,NULL),(53,'2018-03-06','2018-05-10','2018-03-28 11:17:32','2018-04-16 20:38:59','7NXcZZ','Ayudas a asociaciones y entidades sin fin de lucro de personas mayores en el ámbito de bienestar social, para el desarrollo de actividades formativas, terapéuticas y de convivencia','http://sede.diputacionalicante.es/detalle-catalogo-servicios/?id=60','http://sede.diputacionalicante.es/documentos/emeri/Convocatorias/00067.pdf','','DA','< 1800€','Colaborar en el desarrollo de actividades formativas, terapéuticas y de convivencia que se lleven a cabo en la provincia de Alicante','<p>JC:16-04-2018:&nbsp;Asociaciones sin &aacute;nimo de lucro de personas mayores, jubilados y pensionistas de la provincia de Alicante<br /><strong>Mart&iacute;?</strong> preguntar a <strong>MVicenta</strong></p>','','-',6,4,NULL,5,NULL),(54,'2018-03-06','2018-04-04','2018-03-28 11:20:54','2018-04-03 21:27:52','u5bE9a','Subvenciones destinadas a Entidades sin fin de lucro para el desarrollo de programas a favor de la inclusión social para el sostenimiento de servicios estables','http://sede.diputacionalicante.es/detalle-catalogo-servicios/?id=62','http://sede.diputacionalicante.es/documentos/emeri/Convocatorias/00069.pdf','','DA','< 20.000 €','Fomentar la prestación de servicios sociales en el ámbito de la provincia de Alicante por parte de entidades privadas sin fin de lucro, de interés social y cuya razón principal sea la gestión de servicios de atención directa a las personas socias, usuarias o familiares de estas. Principalmente se dirige al sostenimiento de profesionales adscritos a programas/servicios de carácter estable de información, orientación y asesoramiento; intervención psicosocial e integración laboral de estas entidades.\r\n\r\nDestinatarios:	Entidades privadas sin fin de lucro, de interés social y cuya razón principal es la gestión de servicios de atención directa a las personas socias, usuarias o familiares de estas. Las entidades solicitantes deben desarrollar sus Programas en las siguientes Áreas: discapacidad intelectual, física o sensorial, trastornos de salud mental, menores en situación de protección o riesgo social, colectivos con necesidades sociosanitarias y población vulnerable en general.','Esta para cuando esté funcionando la ONG de Ángel.','','-',6,10,NULL,5,NULL),(55,NULL,'2018-08-31','2018-03-28 11:23:53','2018-03-28 11:23:53','gVxpRb','Ayudas a Clubes y Entidades Deportivas de la provincia para la organización de eventos deportivos de especial interés.','http://sede.diputacionalicante.es/detalle-catalogo-servicios/?id=207','http://sede.diputacionalicante.es/documentos/emeri/Convocatorias/00064.pdf','','DA','> 1.500 €','Ayudas a Clubes y Entidades Deportivas de la provincia de Alicante para la organización de eventos deportivos de especial interés en la provincia de Alicante.','','','-',7,2,NULL,5,NULL),(56,'2018-03-08','2018-03-29','2018-03-28 11:27:42','2018-04-06 09:43:08','OUFERA','Subvenciones a entidades sin fin de lucro para actividades en materia de juventud','http://sede.diputacionalicante.es/detalle-catalogo-servicios/?id=211','http://sede.diputacionalicante.es/documentos/emeri/Convocatorias/00071.pdf','','DA','< 2.500 €','Proyectos presentados por entidades sin fín de lucro de la provincia de Alicante, dirigidos a fomentar el ocio y tiempo libre entre la juventud','Podrán ser objeto de subvención los gastos siguientes:\r\n- Gastos derivados de la organización y ejecución de programas, proyectos y/o actividades\r\ndirigidos a la juventud, salvo lo establecido en la base quinta.\r\n- Gastos de alquiler de salas y/o espacios destinados únicamente a la ejecución de los\r\nprogramas objeto de subvención, siempre y cuando sean distintos de la sede social de la\r\nentidad solicitante.\r\n- Gastos financieros, de asesoría jurídica o financiera, gastos notariales y registrales y los\r\ngastos periciales para la realización del proyecto subvencionado siempre que estén\r\ndirectamente relacionados con la actividad subvencionada y sean indispensables para la\r\nadecuada preparación o ejecución de la misma de acuerdo con el apartado 7 del artícu','','-',9,10,NULL,5,NULL),(57,'2018-03-08','2018-03-29','2018-03-28 11:30:52','2018-03-28 11:30:52','jFZGID','Subvenciones a entidades sin fin de lucro para actividades en materia de prevención de conductas adictivas','http://sede.diputacionalicante.es/detalle-catalogo-servicios/?id=213','http://sede.diputacionalicante.es/documentos/emeri/Convocatorias/00073.pdf','','DA','< 3.000 €','Actuaciones de prevención de las conductas adictivas','- Cursos y talleres de carácter terapéutico o rehabilitador dirigidos a las\r\npersonas afectadas, con la finalidad de mejorar su estado psicofísico\r\ngeneral y su adaptación a las actividades de la vida diaria.\r\n- Cursos y talleres u otro tipo de actuaciones de apoyo dirigidas a los\r\nfamiliares de las personas afectadas.\r\n- Cursos y talleres de formación dirigidos a familiares y cuidadores de\r\nlas personas afectadas al objeto de que puedan procurar una atención\r\nmás cualificada.\r\n- Cursos y talleres de formación en voluntariado de las propias\r\nasociaciones solicitantes, dirigido a actuar sobre el colectivo afectado\r\nobjeto de ésta convocatoria.\r\n- Cursos y talleres dirigidos a la prevención del consumo de alcohol y\r\ndrogas dirigidos a la población menor en general y a menores en\r\nsituación de vulnerabilidad.\r\n- Cursos y talleres de formación a familiares y de intervención con\r\njóvenes escolares para promover un uso adecuado de las nuevas\r\ntecnologías y la prevención del juego de apuestas entre adolescentes.','','-',9,2,NULL,5,NULL),(58,'2018-03-09','2018-04-03','2018-03-28 11:40:55','2018-04-03 21:25:14','AST6RW','Subvenciones a entidades sin fin de lucro para programas y actividades para la igualdad de oportunidades y prevención de la violencia de género','http://sede.diputacionalicante.es/detalle-catalogo-servicios/?id=215','http://sede.diputacionalicante.es/documentos/emeri/Convocatorias/00075.pdf','','DA','< 2.500 €','4.1.- Serán subvencionables aquellas actuaciones de fomento de la igualdad de\r\ngénero relacionadas con los programas y áreas descritas a continuación:\r\n1.- prevención y erradicación de la violencia de género;\r\n2.- formación y/o promoción de empleo de las mujeres, especialmente aquellas que se\r\nencuentran en situación de especial vulnerabilidad;\r\n3.- actuaciones tendentes a la ruptura de roles y estereotipos de género tradicionales,\r\nfomentando el empoderamiento y la participación de las mujeres en la vida pública en\r\ncondiciones de igualdad con respecto los hombres;\r\n4.- actividades dirigidas a la investigación, formación, información y sensibilización\r\nsobre las desigualdades de género incluyendo aquellas actuaciones tendentes al\r\nfomento de las nuevas masculinidades y la promoción de la igualdad de trato y no\r\ndiscriminación por motivos de identidad de género y orientación sexual;\r\n5.- acciones formativas en igualdad de género dirigidas al personal de la entidad\r\nbeneficiaria;\r\n6.- corresponsabilidad doméstica y conciliación de la vida personal, familiar y laboral\r\nde las personas trabajadoras fuera del hogar;\r\n7.- promoción de la inclusión social de algunos colectivos de mujeres en situación de\r\nespecial vulnerabilidad, como las pertenecientes a minorías étnicas, reclusas, víctimas\r\nde violencia de género, de familias monomarentales, etc.\r\n8.- promoción de la salud y la mejora de la calidad de vida de las mujeres no\r\nexcluidas expresamente en la base quinta de esta convocatoria.\r\n4.2.- Podrán ser objeto de subvención, los gastos siguientes:\r\n- Gastos derivados de la organización y ejecución de programas, proyectos y/o\r\nactividades dirigidos a fomentar la igualdad de oportunidades y la prevención\r\nde la violencia de género, incluyendo aquí los gastos del personal destinado a\r\nla ejecución del programa y/o actividad subvencionada, salvo lo establecido en\r\nla base quinta.\r\n- Gastos de alquiler de salas y/o espacios destinados únicamente a la ejecución\r\nde los programas objeto de subvención, siempre y cuando sean distintos de la\r\nsede social de la entidad solicitante.\r\n- Gastos financieros, de asesoría jurídica o financiera, los gastos notariales y\r\nregistrales y los gastos periciales para la realización del proyecto\r\nsubvencionado siempre que estén directamente relacionados con la actividad\r\nsubvencionada y sean indispensables para la adecuada preparación o ejecución\r\nde la misma de acuerdo con el apartado 7 del artículo 31 de la Ley 38/2003, de\r\n17 de noviembre, General de Subvenciones (en adelante LGS).','Hasta que no tengamos ONG en marcha o Joves.....','','-',9,10,NULL,5,NULL),(59,'2018-03-21','2018-04-04','2018-03-28 11:43:56','2018-04-03 21:38:55','OACTF6','Subvenciones a Asociaciones de Madres y Padres del Alumnado de centros educativos de primaria y/o secundaria para la realización proyectos coeducativos','http://sede.diputacionalicante.es/detalle-catalogo-servicios/?id=218','http://sede.diputacionalicante.es/documentos/emeri/Convocatorias/00079.pdf','','DA','< 2.500 €','Subvenciones a Asociaciones de Madres y Padres del Alumnado de centros educativos de primaria y/o secundaria de la provincia de Alicante con destino a la realización de proyectos coeducativos\r\n\r\nDestinatarios:	Asociaciones de Madres y Padres del Alumnado de Centros Educativos','- Los gastos de honorarios de colaboradores/as externos procedentes de la\r\nrealización de talleres, ponencias, conferencias…\r\n- Los gastos relacionados con el alquiler de espacios y elementos técnicos\r\nnecesarios para el desarrollo de la actividad propuesta.\r\n- La adquisición de material didáctico de coeducación como soporte para la\r\nrealización de las actividades propuestas.\r\n- Gastos financieros, de asesoría jurídica o financiera, los gastos notariales y\r\nregistrales y los gastos periciales para la realización del proyecto\r\nsubvencionado siempre que estén directamente relacionados con la actividad\r\nsubvencionada y sean indispensables para la adecuada preparación o ejecución\r\nde la misma de acuerdo con el apartado 7 del artículo 31 de la Ley 38/2003, de\r\n17 de noviembre, General de Subvenciones (en adelante LGS).\r\n- En general, los gastos corrientes relacionados con el objeto de la subvención y\r\nque no estén excluidos expresamente en la base sexta de la convocatoria.','','-',9,9,NULL,5,NULL),(60,'2018-03-17','2018-04-05','2018-03-28 11:47:21','2018-04-03 21:42:00','kLpqa7','Subvenciones a Entidades sin ánimo de lucro para la Promoción Turística de la Costa Blanca, anualidad 2018','http://sede.diputacionalicante.es/detalle-catalogo-servicios/?id=216','http://sede.diputacionalicante.es/documentos/emeri/Convocatorias/00076.pdf','','DA','< 12.000 € 80%','Regular el procedimiento en régimen de concurrencia competitiva ordinaria para la concesión de subvenciones destinadas a coadyuvar en la financiación de los gastos derivados en la promoción turística de la Costa Blanca','Edición e Impresión de material promocional turístico\r\n• Desarrollo de campañas de promoción turística en redes sociales, entre las que cabe destacar facebook, twitt, insta, you\r\n• Acciones promocionales en los siguientes productos turísticos que ayuden a vertebrar iniciativas en el territorio o reducir la estacionalidad del turismo de la Costa Blanca: Gastronomía, Cultural, Industrial, Oferta Complementaria y Turismo Residencial.\r\n\r\nJC: 03-04-2018: Pues cuando tengamos la asociación de Jóvenes o finalmente Amics museo, o ...','','-',11,10,NULL,5,NULL),(61,'2018-02-22','2018-04-16','2018-03-28 11:49:34','2018-04-06 19:57:56','3QPYcp','Ayudas a Revistas para el año 2018','http://sede.diputacionalicante.es/detalle-catalogo-servicios/?id=203','http://sede.diputacionalicante.es/documentos/emeri/Convocatorias/00057.pdf','','DA','< 1.800 €','El apoyo a la difusión cultural y contribución al enriquecimiento del patrimonio bibliográfico alicantino.','Para  asociaciones culturales. Comentarlo con CERM y AMICS.\r\n\r\nnecesitamos un concejal de cultura','','-',12,10,NULL,5,NULL),(62,'2018-03-30','2018-04-18','2018-03-29 08:44:14','2018-04-20 16:23:29','kXCux9','plan ayudas a municipios de la provincia de alicante con población inferior a 5000 hab. para adquisición de equipamiento y material deportivo 2018','http://sede.diputacionalicante.es/detalle-catalogo-servicios/?id=222','http://sede.diputacionalicante.es/documentos/emeri/Convocatorias/00084.pdf','http://sede.diputacionalicante.es/documentos/emeri/ConvocatoriasImpresos/00079.pdf','DA','< 3000 €','adquisición, durante la anualidad 2018, de equipamiento y/o material deportivo necesarios para el desarrollo del deporte y la práctica de la actividad física en sus diferentes espacios deportivos','<p>JC: 20-04-2018: enviado el d&iacute;a 18 a las 9:46. De todas maneras lo pongo con detalles por definir, porque ha aparecido una porter&iacute;a y por tanto puede que <strong>solo necesitemos comprar dos</strong>. y por tanto necesitaremos <strong>cambiar</strong> el presupuesto <strong>por otra cosa</strong>.</p>\r\n<p>JC: 17-04-2018: Enviado a firmar por MVicenta.</p>\r\n<p>JC: 16-04-2018: Agnieszka termina la memor&iacute;a deportiva y rellena el formulario de solicitud. Ma&ntilde;ana tengo que pedir a MVicenta que lo suba a gestiona y pase por firma.</p>\r\n<p>JC: 9-03-2018 - enviada propuesta a cuatro empresas. Financiable: juego de canastas fijas o m&oacute;viles homologadas de diversas modalidades deportivas, juego de porter&iacute;as conredes fijas o m&oacute;viles homologadas de diversas modalidades deportivas, postes y redes fijos o m&oacute;viles homologados de diversas modalidades deportivas, mesas homologadas de tenis de mesa, mesas anti vand&aacute;licas de exterior para tenis de mesa y ajedrez, tatamis y colchonetas para artes marciales, tapices para gimnasia, corcheras para piscina, aparatos de cardio para gimnasios, material y equipos de musculaci&oacute;n, aparatos de gimnasia, etc. y otros elementos anexos a estos como contrapesos, conjunto de tableros y aro de baloncesto, redes de protecci&oacute;n, banquillo para jugadores, marcadores electr&oacute;nicos, desfibriladores, etc.), incluyendo el necesario para dar un servicio adecuado en espacios anexos como los vestuarios (taquillas, bancos, etc.). ---- a&ntilde;o 2017 2646 &euro; ( 63,04 % - 4197,20 &euro;) Carmen. MVicenta APROBADA. 2 bicicletas est&aacute;ticas . ---- PARA LA PISCINA: - 2 bancos de esos con perchas - 4 bancos peque&ntilde;os para dentro de los vestidores PARA PISTA DEPORTIVA COLEGIO - 2 canastas grandes - 2 porter&iacute;as futbito PARA PISTA DEPORTIVA CASA CULTURA - 2 porterias futbito</p>','https://drive.google.com/open?id=0B-6ZND28b8BsVTBXbHBiNEljZ0k','3/2018 EXP. 25',7,3,NULL,5,NULL),(63,'2018-03-28','2018-04-25','2018-04-06 12:27:09','2018-04-25 06:46:31','ikO42a','cursos del área de emergencias, para el año 2018 del personal de los servicios de intervención frente a emergencias contemplados en la Ley 13/2010, de 23 de noviembre, de la Generalitat, de Protección Civil y Emergencias','http://www.gva.es/es/inicio/procedimientos?id_proc=15178','http://www.dogv.gva.es/datos/2018/03/28/pdf/2018_3113.pdf','','GV','','Se podrán formular las solicitudes de forma individual, salvo en los casos de los cursos destinados a Bomberos Voluntarios, miembros de las Agrupaciones Locales de Voluntarios de Protección Civil y miembros de asociaciones y de entidades que colaboren en las labores de protección civil, donde serán los Consorcios Provinciales de Bomberos, los ayuntamientos y las entidades de que dependa, quienes formulen las solicitudes.','<p>JC: 25-04-2018: tenemos que seguir insistiendo con el tema de crear un grupo de voluntarios de protecci&oacute;n civil.</p>\r\n<p>Los objetivos generales de los diferentes cursos que se convocan, son los siguientes: a) Dotar al alumnado participante en los cursos de un adecuado y actualizado nivel de conocimientos profesionales. b) Proporcionar al alumnado participante las herramientas necesarias para llevar a la pr&aacute;ctica los conocimientos te&oacute;ricos impartidos. c) Adiestrar a los destinatarios participantes en los cometidos de la gesti&oacute;n de emergencias. d) Actualizar los conocimientos t&eacute;cnicos, normativos y legislativos en las distintas &aacute;reas para llevar a cabo sus funciones con eficacia y garant&iacute;a jur&iacute;dica. e) Sensibilizar a los participantes respecto a los diferentes factores que condicionan la eficacia del trabajo. f) Desarrollar los conocimientos y habilidades necesarios para optimizar las relaciones interpersonales en su trabajo y conocer y practicar estrategias y t&aacute;cticas de comunicaci&oacute;n interpersonal que permitan resolver, de manera eficaz, las situaciones de crisis. g) Entrenar al alumnado en h&aacute;bitos para intervenciones profesionales haciendo un uso correcto de sus capacidades. h) Dar a conocer los instrumentos necesarios que permitan el procesamiento de informaci&oacute;n y documentaci&oacute;n b&aacute;sicas de la gesti&oacute;n de emergencias, as&iacute; como las habilidades para el manejo de las nuevas telecomunicaciones.</p>','','-',NULL,10,14,5,NULL),(64,'2018-03-27','2018-04-26','2018-04-06 12:33:33','2018-04-27 08:26:21','bpin9u','Subvenciones destinadas a las entidades locales de la Comunitat Valenciana hasta 5.000 habitantes, para el fomento de la participación ciudadana, la transparencia y el acceso a la información pública, durante el ejercicio 2018','http://www.gva.es/es/inicio/procedimientos;jsessionid=hlw6h7yhNfmGfxM2XhFcbMjyWHZbvk3X2JhM2TlKJlVx03CHWHZ1!295945142!1522217498940?id_proc=19282','','','GV','5.000 €','Facilitar el cumplimiento de los objetivos establecidos tanto en la ley estatal 19/2013 de 9 de diciembre, de Transparencia, Acceso a la Información Pública y Buen Gobierno, como en la ley autonómica 2/2015 de 2 de abril, de Transparencia, Buen Gobierno y Participación Ciudadana, mediante la realización de proyectos o actuaciones concretas que promuevan la participación local ciudadana, tanto individual como colectiva, el fomento del asociacionismo, la transparencia de la actividad pública y el acceso de la ciudadanía a la información pública.','<p>JC: 27-04-2018: se firma y se env&iacute;a telem&aacute;ticamente. 26/04/2018 14.07.54 GVRTE - GV13SUGUS</p>\r\n<p>JC: 26-04-2018: terminamos de rellenar los formularios y los enviamos a Thierry para que firme. Llamo a Thierry para que firme.&nbsp;</p>\r\n<p>JC: 25/04/2018: estuve hablando con Irene, su segunda. Me explic&oacute; como poner los conceptos monetarios. Esta tarde he terminado de rellenar el formulario de presentaci&oacute;n del proyecto. Modalidad 2. Lo he subido al gestiona y env&iacute;o correo a @MVicenta para que ma&ntilde;ana lo terminemos y lo enviemos.</p>\r\n<p>JC: 24/04/2018: llamo a Ana Rodenas. Me llamar&aacute; su responsable de Participaci&oacute;n ciudadana.</p>\r\n<p>JC: 22/04/2018: a lo largo del fin de semana he ido rellenando el formulario de la modalidad 2. Hoy espero recibir la propuesta de la modalidad 2. Tengo que hablar con @MVicenta a ver si tenemos todo el papeleo necesario para poderla enviar.</p>\r\n<p>JC: 20-04-2018: me he leido la ORDEN 4/2016, de 3 de junio de 2016. Est&aacute; un poco cogido con pinzas lo del mural sino involucramos a las distintas asociaciones: amas de casa, j&oacute;venes, amics des museu, empresarios. Esto al menos para la modalidad I. Para redondearlo tendr&iacute;amos que traer a alg&uacute;n experto en asociaciones como el amigo de Angela del Campello.&nbsp;</p>\r\n<p>Respecto a la modalidad II, aunque las especifciaciones ponen m&aacute;s enfasis en la transparencia, bien podr&iacute;amos reforzar los cuatro puntos de la nueva pol&iacute;tica: transparentcia, reutilizaci&oacute;n datos, buen gobierno y toma de decisiones.</p>\r\n<p>JC: 10-04-2018: Se me ocurre que la subvenci&oacute;n podr&iacute;a ir por otra vertiente: - MODALIDAD 2 (entre otras) &middot; la elaboraci&oacute;n de otras herramientas que potencien la transparencia y el acceso de los ciudadanos a la informaci&oacute;n p&uacute;blica &middot; elaboraci&oacute;n de procedimientos telem&aacute;ticos para garantizar el libre acceso de los ciudadanos/as a la informaci&oacute;n Podr&iacute;a pagarnos un 40% de la n&oacute;mina de Amos. Vamos generando interfaces y -MODALIDAD 1 &middot; Proyectos y actuaciones que fomenten la participaci&oacute;n ciudadana y el fortalecimiento del tejido asociativo (modalidad 1). &middot; para la asociaci&oacute;n de j&oacute;venes. pintar un mural en donde el blanco. Juntar esto con los participantes del curso de pintura y Toni Ferri y agitamos. Env&iacute;o correo @ferri para ver si puede coordinar con el resto de pintores del pueblo unas jornadas de convivencia y pintar un mural. As&iacute; que hay que optar por las dos</p>','https://drive.google.com/open?id=1JzmsyTiY7_3IqPGndm--alCVQXeobUGW','3/2018 EXP. 30',NULL,4,4,5,NULL),(65,'2018-03-29','2018-04-23','2018-04-06 21:35:46','2018-04-23 07:31:03','zD3lJz','Solicitud de ayudas del programa mixto de empleo-formación Talleres de Empleo para el ejercicio 2018','http://www.gva.es/es/inicio/procedimientos?id_proc=19286','http://www.dogv.gva.es/datos/2016/07/20/pdf/2016_5792.pdf','','GV','','El programa de Talleres de Empleo se configura como un programa mixto de empleo y formación que tiene por objeto mejorar la empleabilidad de las personas desempleadas a las que va dirigido, mediante la realización de obras o servicios de interés general y/o social que posibiliten al alumnado/trabajador la realización de un trabajo efectivo mediante el contrato para la formación y el aprendizaje, que junto con la formación profesional para el empleo recibida, procure su cualificación profesional y favorezca su inserción laboral.','<p>JC: 23/04/2018: seguimos sin tiempo para definir toda la documentaci&oacute;n necesaria, adem&aacute;s seguimos sin local para el proyecto. Afortunadamente tenemos suficientes operarios para ir tirando. Probamos para la edici&oacute;n 2019.</p>\r\n<p>DESTINATARIOS: Las personas destinatarias de este programa deber&aacute;n cumplir los siguientes requisitos m&iacute;nimos: a) Ser mayor de 25 a&ntilde;os. b) Ser desempleadas, entendi&eacute;ndose como tales a las demandantes de empleo no ocupadas, registradas en un servicio p&uacute;blico de empleo. c) Cumplir los requisitos establecidos en la normativa de aplicaci&oacute;n para formalizar un contrato para la formaci&oacute;n y el aprendizaje. Con car&aacute;cter general, y siempre que cumplan los requisitos m&iacute;nimos exigidos, tendr&aacute;n la consideraci&oacute;n de colectivos prioritarios: las mujeres, en especial las v&iacute;ctimas de violencia de g&eacute;nero, las personas con discapacidad, las personas en situaci&oacute;n o riesgo de exclusi&oacute;n social, las personas mayores de 55 a&ntilde;os, las personas con baja cualificaci&oacute;n y las personas en paro de larga duraci&oacute;n.</p>','','-',NULL,10,6,5,NULL),(66,'2018-03-29','2018-04-29','2018-04-06 21:42:08','2018-04-06 21:42:08','Hx9Kb3','Subvención para intervención arquitectónica en locales destinados a prestación de asistencia sanitaria en municipios de la Comunidad Valenciana. PIAC','http://www.gva.es/es/inicio/procedimientos?id_proc=19364','http://www.dogv.gva.es/datos/2017/09/25/pdf/2017_8284.pdf','','GV','100.000 €','Las subvenciones que se otorguen tendrán la consideración de subvención a fondo perdido, siendo el porcentaje de subvención a aplicar hasta el 100% del importe solicitado, con un límite de 100.000,00 por proyecto, sin que este pueda superar al coste de ejecución del correspondiente proyecto aprobado o el de adjudicación. El número máximo de proyectos subvencionables en cada convocatoria por ayuntamiento será de dos.','Se entenderá por actuaciones de intervención arquitectónica las obras de reforma, reparación, restauración y rehabilitación, así como \r\nlas de conservación y mantenimiento.\r\n\r\nEl importe de la subvención no podrá, en ningún caso, ser de tal cuantía que, aisladamente o en concurrencia con otras subvenciones \r\nde cualquier procedencia, supere el coste real de la obra para la que se concede la subvención','','-',NULL,4,15,5,NULL),(67,'2018-03-02','2018-04-20','2018-04-06 21:50:17','2018-04-17 21:18:39','IQwjKJ','Ayudas en materia de Energías Renovables y Biocarburantes, para el ejercicio 2018.','http://www.gva.es/es/inicio/procedimientos?id_proc=764','http://www.dogv.gva.es/datos/2016/10/25/pdf/2016_8362.pdf','','GV','40%','Impulsar las actuaciones encaminadas a la explotación de los recursos energéticos renovables y fomentar el uso de los biocarburantes en la Comunitat Valenciana.','<p>Nos sirve para todas las ideas sobre energ&iacute;a que llevamos idea desarrollar, <a href=\"http://www.ivace.es/index.php?option=com_content&amp;view=article&amp;id=6683:programa-de-energias-renovables-y-biocarburantes-2018&amp;catid=407:ayudas-2018-ahorro-y-eficiencia-energetica-y-energias-renovables&amp;lang=es&amp;Itemid=100456\">detalles en web ivace.</a></p>\r\n<p>Muy interesante, ya que abarca todas las lineas: piscina, pellets,...</p>','','-',NULL,10,6,5,NULL),(68,'2018-04-04','2018-05-04','2018-04-09 20:09:51','2018-04-20 05:55:41','zIfFbE','Ayudas destinadas a la promoción de la economía sostenible en la Comunitat Valenciana 2018. Economía.','http://www.gva.es/es/inicio/procedimientos?id_proc=18212','http://www.dogv.gva.es/datos/2018/04/03/pdf/2018_3025.pdf','http://www.dogv.gva.es/datos/2017/02/06/pdf/2017_902.pdf','GV','','La concesión de subvenciones destinadas a contribuir a la promoción de la economía sostenible en la Comunitat Valenciana, a través de la financiación de actuaciones de fomento y difusión de la cultura y prácticas de las empresas sociales y de la Economía del Bien Común (EBC).','<p>1.- Actividades de formaci&oacute;n, fomento y difusi&oacute;n de la cultura y pr&aacute;cticas de la empresa social y de la EBC en la Comunitat Valenciana REALIZADAS POR ASOCIACIONES, FUNDACIONES Y OTRAS ENTIDADES Y ORGANIZACIONES SIN &Aacute;NIMO DE LUCRO que tengan entre sus fines la promoci&oacute;n y fomento de los principios vinculados a la empresa social y/o de la EBC, en cualquiera de las siguientes modalidades: a) Actividades de fomento de estudios de aspectos relacionados con la empresa social y con la EBC, como la realizaci&oacute;n de talleres, coloquios, charlas, congresos, encuentros, mesas redondas, simposios, jornadas, seminarios y otras actividades similares, que tengan como finalidad la divulgaci&oacute;n y el intercambio de conocimientos y mejores pr&aacute;cticas entre profesionales y expertos en esas materias. b) Actividades de difusi&oacute;n para mejorar la visibilidad de la empresa social y de la EBC y el impacto que tienen en la sociedad, entendi&eacute;ndose por tales aquellas cuyo objeto sea dar a conocer o divulgar entre la poblaci&oacute;n en general o a colectivos espec&iacute;ficos la cultura y pr&aacute;ctica de la empresa social y de la EBC, mediante campa&ntilde;as de informaci&oacute;n y difusi&oacute;n en medios de comunicaci&oacute;n social, edici&oacute;n de publicaciones y dem&aacute;s documentaci&oacute;n did&aacute;ctica, actividades de &iacute;ndole art&iacute;stica (exposiciones, ciclos de cine, m&uacute;sica, etc) y cualquier otra actividad que contribuya a esta finalidad. c) Actuaciones de innovaci&oacute;n social y emprendimiento social positivos que permitan promover y apoyar ideas que, de manera simult&aacute;nea, resuelvan las necesidades sociales, creen nuevas relaciones sociales y refuercen la creaci&oacute;n de valor econ&oacute;mico. d) Actividades de promoci&oacute;n del emprendimiento social en todos los niveles educativos. 2.- Actuaciones REALIZADAS POR PEQUE&Ntilde;AS Y MEDIANAS EMPRESAS (PYMES) para la implantaci&oacute;n de la cultura y pr&aacute;ctica de la empresa social y de la EBC, consistentes en la elaboraci&oacute;n e implantaci&oacute;n de una memoria de sostenibilidad que contribuya a medir, supervisar y gestionar el rendimiento de las empresas y su impacto en la sociedad en la triple vertiente social, econ&oacute;mica y medioambiental, permitiendo medir el &eacute;xito &eacute;tico de la organizaci&oacute;n y su contribuci&oacute;n al bien com&uacute;n, tales como el Balance del Bien Com&uacute;n, memoria de responsabilidad social, estado no financiero u otras herramientas similares. La memoria de sostenibilidad y su auditor&iacute;a social externa deber&aacute;n ajustarse a lo previsto en los apartados 2, 3 y 4 del art&iacute;culo 19 de la Orden 2/2017 y en los apartados 2 y 3 del resuelvo quinto de la Resoluci&oacute;n de convocatoria 2018. 3.- Actividades de los CENTROS, INSTITUTOS Y ENTES UNIVERSITARIOS dirigidas a financiar los gastos derivados de actividades de investigaci&oacute;n b&aacute;sica sobre la EBC, la empresa social y el emprendimiento e innovaci&oacute;n social, as&iacute; como destinados al impulso de la investigaci&oacute;n aplicada en esas materias, en cualquiera de las siguientes modalidades: a) Investigaci&oacute;n dirigida a profundizar en los conceptos y valores que rigen estos modelos. b) Aplicaci&oacute;n pr&aacute;ctica y desarrollo de las herramientas que llevan impl&iacute;citos estos modelos, como la metodolog&iacute;a para la medici&oacute;n de la contribuci&oacute;n de las empresas al bien com&uacute;n, elaboraci&oacute;n del Balance del Bien Com&uacute;n, y otras herramientas similares. c) Investigaciones y estudios sobre la contribuci&oacute;n real de las empresas sociales y de la EBC a los principales agregados macroecon&oacute;micos, as&iacute; como su valor a&ntilde;adido en comparaci&oacute;n con otros modelos empresariales, sus efectos sobre la resiliencia y sus relaciones con la innovaci&oacute;n social y el emprendimiento. d) Recopilaci&oacute;n de estad&iacute;sticas y construcci&oacute;n de indicadores que doten de mayor reconocimiento y visibilidad a las empresas sociales y al emprendimiento social, y permitan una mejor comprensi&oacute;n de sus modelos, profesionalidad y su papel en la sociedad. e) Formaci&oacute;n especializada en materia de emprendimiento e innovaci&oacute;n social y/o EBC.</p>','','-',NULL,4,6,5,NULL),(69,'2018-03-29','2018-04-19','2018-04-10 09:03:37','2018-04-20 16:34:22','H6vAsW','Subvenciones Ayuntamientos y EATIM para la elaboración y evaluación de Planes de Igualdad de Género','http://sede.diputacionalicante.es/detalle-catalogo-servicios/?id=221','http://sede.diputacionalicante.es/documentos/emeri/Convocatorias/00083.pdf','','DA','< 3.000 €','para coadyuvar a los gastos derivados de los proyectos de elaboración y evaluación de planes de igualdad de género a ejecutar desde el 1 de octubre de 2017 al 30 de septiembre de 2018.','<p>JC: 20-04-2018: Tras conversaci&oacute;n con MVicenta me entero de que ya tenemos plan de igualdad. Se aprob&oacute; en pleno el 3/2017, pero no se ha llevado a cabo ninguna acci&oacute;n. Me descargo documento y lo subo a drive</p>\r\n<p>&nbsp;</p>\r\n<p>JC: 17-4-2018: La semana anterior ya estuve hablando con las personas que conoc&iacute;a que me pod&iacute;an explicar un poco de lo que iba esto de los planes de igualdad. Me recomendaron que me pusiera en contacto con MC Formaci&oacute;n. As&iacute; lo hice, habl&eacute; con una chica que me dijo que me enviar&iacute;a una propuesta (que guardo en Drive). Ahora env&iacute;o correo a Thierry y que sea &eacute;l quien decida. Por mi parte me parece interesante solicitarlo porque parece que en un futuro pr&oacute;ximo, el tener el plan, ser&aacute; requisito imprescindible para acceder a subvenciones.</p>\r\n<p>&nbsp;--</p>\r\n<p>Ser&aacute;n subvencionables los proyectos que tengan como finalidad: 4.1.- La elaboraci&oacute;n de un plan de igualdad de g&eacute;nero, ya sea por vez primera o se trate de un segundo o posterior plan.</p>','https://drive.google.com/open?id=1Zaw_1a2vKEdF2-H_tJDmO32wkz6-4yIE','15/2016 EXP. 18',9,2,NULL,5,NULL),(70,'2017-12-14','2018-02-14','2018-04-10 12:33:38','2018-04-17 19:33:34','vwMMGp','Programa 1: Inversión en adecuación y mejora de los servicios y recursos turísticos','http://www.gva.es/es/inicio/procedimientos?id_proc=2688','','','GV','< 40.000 €','Inversión en adecuación y mejora de los servicios y recursos turísticos','<p>JC: 16-04-2018: a trav&eacute;s del whatsapp me pongo en contacto con Arques y me informa que la subvenci&oacute;n est&aacute; baremandose, pero que llevan mucho l&iacute;o y a&uacute;n tardar&aacute;n en resolver.</p>\r\n<p>JC: 10-04-2018: Haciendo una revisi&oacute;n de las subvenciones.... he llamado a Jordi para ver que puede decirnos de la subvenci&oacute;n. La doy de alta en esta herramienta. Se envi&oacute; el 14/02/2018</p>','https://drive.google.com/open?id=0B-6ZND28b8BsZ3FYTkN2eGpmOWc','3/2018 - EXP 9',NULL,4,16,5,NULL),(71,'2017-12-07','2018-01-31','2018-04-10 17:59:37','2018-04-16 18:32:36','ICPmM8','Convocatoria de subvenciones destinadas a la mejora, ampliación o reparación de instalaciones deportivas en municipios de la comunidad valenciana','http://www.presidencia.gva.es/web/administracion-local/noticias?p_p_id=101_INSTANCE_x1NrD8krzxri&p_p_lifecycle=0&p_p_col_id=column-2&p_p_col_pos=2&p_p_col_count=3&_101_INSTANCE_x1NrD8krzxri_struts_action=%2Fasset_publisher%2Fview_content&_101_INSTANCE_x1NrD8krzxri_assetEntryId=165129810&_101_INSTANCE_x1NrD8krzxri_type=content&_101_INSTANCE_x1NrD8krzxri_groupId=80292207&_101_INSTANCE_x1NrD8krzxri_urlTitle=convocatoria-de-subvenciones-destinadas-a-la-mejora-ampliacion-o-reparacion-de-instalaciones-deportivas-en-municipios-de-la-comunidad-valenciana-','','','GV','100.000 €','- Tipo A: mejora, ampliación o reparación de instalaciones deportivas en municipios de la Comunidad Valenciana hasta 5000 habitantes.','<p>JC: 16/04/2018: llamo a Conchi, me dice que finalmente no es ella quien lleva eso. Me dice que lo llevan en Valencia y me da el contacto de Jose Miguel Sanchez. Hablo con &eacute;l, <strong>me confirma que lleg&oacute;</strong> nuestro expediente, que <strong>tiene buen aspecto</strong> y que seguramente nos lo den.</p>\r\n<p>JC: 10-04-2018: se env&iacute;a el 20 de enero de 2018, a las 9:12 horas. llamo hoy para interesarme (hice alguna llamada en d&iacute;as anteriores) y me dicen que no tienen constancia de nuestra petici&oacute;n. Lo hablo con @tierry y me dice el expediente y que existe la minuta del env&iacute;o. Llamar&eacute; Concepci&oacute;n Lazaro que es con quien habl&eacute;.&nbsp;<strong>asdas</strong>&nbsp;<em>dasas a</em></p>\r\n<p>&nbsp;</p>','https://drive.google.com/drive/folders/0B-6ZND28b8BsWExBMXNuTlVMaDg?usp=sharing','2/2017 CULTURA Y DEPORTES EXP. 37',NULL,3,13,5,NULL),(72,'2018-04-11','2018-05-24','2018-04-12 05:44:52','2018-04-12 05:44:52','cS7kxt','Actuaciones para la conservación y mejora de los Parajes Naturales','http://sede.diputacionalicante.es/detalle-catalogo-servicios/?id=230','','','DA','','Concesión de subvenciones para los gastos derivados de la ejecución por los beneficiarios de las actuaciones de conservación y mejora de los Parajes Naturales Municipales.','JC: 12-04-2018: Pues esta subvención salió hace dos años. por lo que entiendo que es bianual. Es solo para municipios que tengan declarado un paraje natural. en la provincia de Alicante no debe haber más de una docena. El más cercano el arcs de Castells. \r\nYa lo hablé con Sendra, que ellos nos darían asistencia técnica para declarar alguna zona de Tárbena como Paraje Natural Municipal, pero es algo a lo que todavía no he llegado. Puede que después de las prácticas que haga en el ayto saquemos algo en claro. Ya hay una tesis universitaria que abre las puertas a esta figura de protección.','','3/2018 - EXP 24',8,4,NULL,5,NULL),(73,'2018-04-13','2018-05-28','2018-04-13 05:33:59','2018-04-13 05:33:59','mxxznN','TECG- Ayudas a actuaciones que promuevan la integración de la mujer en el ámbito rural.','http://www.gva.es/es/inicio/procedimientos?id_proc=1376','','','GV','','Se concederán ayudas para las actividades que se indican en el apartado \"Información Complementaria\", que promuevan la integración y la igualdad de oportunidades de la mujer en el ámbito rural.','Solo para organizaciones profesionales agrarias que integren organizaciones de mujeres, u organizaciones de mujeres con personalidad jurídica propia.\r\n\r\nACTIVIDADES SUBVENCIONABLES\r\n- Actividades de participación y fomento del asociacionismo. Se consideran como tales la celebración de conferencias y charlas, la realización de jornadas y congresos y la concurrencia a exposiciones y ferias, actividades realizadas por la propia organización en el ámbito de la Comunidad Valenciana.\r\n- Asistencia a jornadas o actos por representantes de las organizaciones solicitantes, cuando éstos se celebren fuera de la Comunidad Valenciana.\r\nEn la celebración de conferencias y charlas, así como la realización de jornadas y congresos, y la concurrencia a exposiciones y ferias, la subvención podrá ser hasta un máximo del 100% por lo que respecta al pago de los gastos correspondientes a ponentes externos a la organización, y hasta un máximo del 70% para el resto de las actividades, sin que pueda superar en el cómputo de subvención concedida por las actividades propuestas de este concepto el 80% de los gastos.\r\n- Viajes de estudio e intercambio en otras zonas geográficas (ámbito español o superior).\r\nPor la realización de viajes de estudio e intercambio en otras zonas geográficas la subvención será hasta un máximo del 70% del coste.\r\n- Actividades de promoción. Realización de cursos, talleres de trabajo y edición de material de divulgación y su distribución.\r\nLa subvención será hasta de un máximo del 80% del coste cuando se trate de la edición de material divulgativo y su distribución, y hasta un máximo del 70% por cualquier otro tipo de actividad dentro de este concepto.\r\n- Actividades complementarias. Aquellas relacionadas con el fomento del turismo rural, medio ambiente, la artesanía, o la promoción de los productos agroalimentarios propios.\r\nLa subvención será hasta de un máximo del 50% del coste.','','-',NULL,2,3,5,NULL),(74,'2018-04-10','2018-04-24','2018-04-13 05:41:50','2018-04-13 05:41:50','WglPXf','Ayudas a asociaciones juveniles y entidades prestadoras de servicios a la juventud con ámbito de actuación en la Comunitat Valenciana para el año 2018 (IVAJ)','http://www.gva.es/es/inicio/procedimientos?id_proc=221','','','GV','','Ayudas a asociaciones juveniles y entidades prestadoras de servicios a la juventud con ámbito de actuación en la Comunitat Valenciana para el año 2018 (IVAJ)','Requisitos\r\n\r\nPodrán obtener la condición de beneficiarios de estas ayudas las asociaciones juveniles y las entidades prestadoras de servicios a la juventud que cumplan con los siguientes requisitos:\r\n- Tener una implantación territorial en, al menos, quince localidades de dos provincias de la Comunitat Valenciana.\r\n- Estar inscritas en el Censo de Asociaciones Juveniles y Entidades Prestadoras de Servicios a la Juventud de la Comunitat Valenciana.\r\nDicha inscripción deberá haberse producido con anterioridad a la fecha de finalización del plazo de presentación de solicitudes.','','-',NULL,2,17,5,NULL),(75,'2018-04-13','2018-05-28','2018-04-13 05:52:42','2018-04-13 05:52:42','vltGKd','TECG - Solicitud de ayudas para las comunidades de regantes y otras entidades de riego en relación con el fomento de la utilización racional del agua en aprovechamientos hidráulicos y regadíos.','http://www.gva.es/es/inicio/procedimientos?id_proc=562','','','GV','50 %','Consolidar y modernizar los regadíos de la Comunitat Valenciana, al tiempo que se promueven prácticas de cultivo en común.\r\n\r\nSerán obras subvencionables todas aquellas que contribuyan a la optimización del uso y gestión de los recursos hídricos, mediante la implantación del riego localizado, incremento de la capacidad de embalse, ahorro de agua, aumento de la eficiencia en su utilización y mejora de la rentabilidad de las explotaciones agrarias.','Habría que despestar a las asociaciones de regantes, que creo que hay hasta tres en el pueblo.','','-',NULL,10,3,5,NULL),(76,'2018-04-12','2018-05-25','2018-04-13 19:28:25','2018-04-13 19:28:25','uJXLrs','TECG - Ayudas a las asociaciones de protección y defensa de los animales.','http://www.gva.es/es/inicio/procedimientos;jsessionid=pRRChRGN254VtvmhGRLtsGfNpp3pJxy2kVq3w5vzh5RTRWs2fhPB!1094503321!1523647597692?id_proc=861','','','DA','7.200 €','Asociaciones de protección y defensa de los animales sin ánimo de lucro, legalmente constituidas e inscritas en el Registro de Asociaciones de la Conselleria de Justicia, Administración Pública, Reformas Democráticas y Libertades Públicas, y que tengan por principal finalidad la defensa y protección de los animales y desarrollen algunas de las actividades relacionadas en el apartado de \'Información Complementaria\', en el ámbito territorial de la Comunitat Valenciana.','Las ayudas por beneficiario serán del 60% del coste global presupuestado, para el conjunto de las actividades para las que soliciten ayudas de gastos de funcionamiento, con una cuantía máxima por beneficiario de 7.200 euros, y del 80% del coste global presupuestado para las inversiones referentes a construcción y adecuación de instalaciones con una cuantía máxima de la ayuda por beneficiario de 12.000 euros.','','-',NULL,2,NULL,5,NULL),(77,'2018-04-12','2018-05-11','2018-04-13 19:31:57','2018-04-13 19:31:57','C56v6w','TECG - Subvenciones destinadas a programas y proyectos educativos y de formación y divulgación para estrategias de dinamización agroecológicas en el ámbito de la Comunitat Valenciana (modalidad A y modalidad B)','http://www.gva.es/es/inicio/procedimientos?id_proc=18691','','','GV','< 60.000 €','Podrán solicitar las subvenciones objeto de regulación, aquellas Entidades Asociativas Agrarias, Asociaciones, Fundaciones y empresas del sector agroalimentario que cumplan y acrediten los requisitos para obtener la condición de beneficiario según lo establecido en la base segunda y tercera de la de la Orden 32/2017, de 29 de diciembre.','JC: Podría funcionar para IMO o TEO.\r\n\r\nLos objetivos específicos a los que habrán de adecuarse los proyectos y programas de la modalidad A son:\r\n- Proyecto que promuevan los procesos educativos y actividades pedagógicas para trabajar los objetivos de un consumo ecológico y responsable, en y desde las instituciones y centros educativos, públicos o sostenidos con fondos públicos,\r\n- Proyecto que promuevan en el alumnado y en el conjunto de la comunidad educativa conocimientos, valores y actitudes capaces de generar una cultura del consumo ecológico y responsable comprometida con la lucha contra el cambio climático,\r\n- Proyecto que promuevan la transición hacia un nuevo modelo agroalimentario incluyente, equitativo y sostenible.\r\n\r\nLos objetivos específicos a los que habrán de adecuarse los proyectos y programas de la modalidad B son:\r\n- Intervenciones orientadas a la sensibilización de la sociedad en su conjunto, o determinados sectores de la misma en particular, que promuevan y aumenten la concienciación y el compromiso ciudadano solidario con la consecución del consumo ecológico y responsable comprometido con la lucha contra el cambio climático, así como con la transición hacia un nuevo modelo agroalimentario incluyente, equitativo y sostenible.','','-',NULL,4,3,5,NULL),(78,'2017-02-01','2017-02-20','2018-04-13 19:47:01','2018-04-14 13:58:54','rpvdTy','Gasto corriente agricultura y sostenimiento medio rural','','','','DA','< 2.500','Limpieza y conservación mediante desbroce y roturación de terrenos de titularidad municipal destinados a cultivo. Desbroce o limpieza de márgenes de accesos a zonas rurales o agrícolas de titularidad municipal o a título de dueño. Reparación simple, conservación o mantenimiento de acequias, márgenes, muretes, construcciones agrícolas tradicionales, conducciones de regadío en\r\ncanal abierto y redes de drenaje y avenamiento de titularidad municipal o a título de dueño.\r\nActuaciones formativas en materia de: agricultura ecológica, producción integrada, comercialización de productos agrícolas, prácticas culturales (plantación, riego, poda, injertos, labrado, post-cosecha, tratamientos fitosanitarios) y obtención del camé oficial de manipulador de plaguicidas de uso fitosanitario de nivel básico, conforme a las especificaciones del Decreto 3012015 de 06 de marzo por el que se desarrollan determinados aspectos administrativos relativos a los productos fitosanitarios en la Comunitat Valenciana.','JC: 13-04-2018: pensar para la subvención de este año en el corazón verde y el carnet fitosanitario.\r\n\r\nDesbroce y limpieza de márgenes del Camí Picassaries y actuaciones formativas \" Curso de Introducción a la agricultura ecológica y tradicional\" y \"curso de prácticas culturales; plantación, riego, poda, injertos, labrado, postcosecha, tratamientos\"  ( 4987,76 € ) (  750 € por curso y 1000 € por el resto ) .\r\n\r\nel plazo para presentar la justificación y abono es el 31 de octubre.\r\n\r\nrealmente el desbroce ahora mismo no es prioritario. tengo que hablar con Montllor para ver como hacemos lo del curso. Creo que lo intenresante sería ampliar el de agricultura ecológica, pero para eso necesitaríamos un bancal con agua lo suficientemente grande. Tengo que llamarle para más detalles.','https://drive.google.com/open?id=0B-6ZND28b8BsNlZzNFFNd2hBTEE','-',13,7,NULL,5,NULL),(79,'2018-04-11','2018-04-25','2018-04-13 20:19:30','2018-04-13 20:19:30','XWcu5R','Subvenciones para el fomento del valenciano para las instituciones, entidades y asociaciones sin finalidad lucrativa y para las personas jurídicas públicas y privadas que realicen proyectos singulares de fomento del multilingüismo en el ámbito social.','http://www.gva.es/es/inicio/procedimientos?id_proc=276','','','GV','','Para Amics des Museu o el CERM\r\nConvocar, para 2018, las subvenciones para el fomento del valenciano para asociaciones cívicas sin finalidad lucrativa, sindicatos, asociaciones profesionales, universidades, redes universitarias y otras entidades sin ánimo de lucro, entidades del exterior de la Comunitat Valenciana y para las personas jurídicas, públicas y privadas, que realicen proyectos singulares de fomento del multilingüismo en el ámbito social.','El importe en concepto de ayudas para esta modalidad será de 980.000 euros. El importe será con cargo a la línea S0091000, «Ayudas al fomento del valenciano y a proyectos singulares de fomento del multilingüismo en el ámbito social», del presupuesto de 2018 de la Generalitat Valenciana.','','-',NULL,4,13,5,NULL),(80,'2018-04-11','2018-07-10','2018-04-13 20:29:30','2018-04-13 20:29:30','89fqan','TECE - Solicitud de subvenciones para la mejora de las condiciones del interior de las viviendas, en el marco del Plan de Reforma Interior de Vivienda. Plan RENHATA.','http://www.gva.es/es/inicio/procedimientos?id_proc=18507','','','GV','> 2.000 €','Cualquier persona física, propietaria, usufructuaria o arrendataria de una vivienda situada en la Comunitat Valenciana. \r\n\r\n1. Reforma de los cuartos húmedos (cocinas, baños, etc...), con el fin de adecuarlos a las condiciones actuales de habitabilidad, incluyendo, si es necesario, la adaptación de las instalaciones a la normativa vigente.\r\n\r\n2. Reforma de la vivienda para adaptarla a personas con diversidad funcional y movilidad reducida.','1. El edificio en el momento de la solicitud debe tener una antigüedad superior a 20 años. No será necesario cumplir esta condición en el caso de actuaciones de adaptación de la vivienda para personas con diversidad funcional con un grado de discapacidad superior al 50%.\r\n\r\n2. Que la vivienda se destine a residencia habitual y permanente de su propietario, inquilino o usufructuario. Lo que se considerará acreditado al estar empadronado con anterioridad a la solicitud de las ayudas.\r\n\r\nLas obras subvencionables podrán recibir las siguientes subvenciones:\r\n\r\na) Una subvención básica, para todos los solicitantes que cumplan los requisitos para recibir las ayudas y aporten toda la documentación requerida, del 5 por 100 del presupuesto protegible de las obras, con un máximo de 600 euros.\r\n\r\nb) Una subvención adicional, en función de los puntos obtenidos en el baremación de las solicitudes, con los porcentajes y las cuantías máximas siguientes:\r\n\r\n- Puntuación: entre 1 y 5 puntos; porcentaje sobre presupuesto protegido: 25%; cuantía máxima subvención adicional: 3.000 euros.\r\n- Puntuación: entre 6 y 10 puntos; porcentaje sobre presupuesto protegido: 30%; cuantía máxima subvención adicional: 3.600 euros.\r\n- Puntuación: entre 11 y 15 puntos; porcentaje sobre presupuesto protegido: 35%; cuantía máxima subvención adicional: 4.200 euros.','','-',NULL,4,18,5,NULL),(81,'2018-04-09','2018-04-30','2018-04-13 21:20:32','2018-04-27 07:05:07','y1R5L3','Subvenciones para inversiones en restauración de zonas degradadas por el vertido incontrolado de residuos','http://sede.diputacionalicante.es/detalle-catalogo-servicios/?id=229','http://sede.diputacionalicante.es/documentos/emeri/Convocatorias/00087.pdf','http://sede.diputacionalicante.es/documentos/emeri/ConvocatoriasImpresos/00081.pdf','DA','< 20.000 €','A efectos de esta convocatoria, se entiende como restauración de zonas degradadas por el vertido incontrolado de residuos la adecuación de aquellas zonas de acceso libre en las que se haya producido vertido de residuos sin autorización, a fin de retirar los residuos vertidos y acondicionar la zona para su integración paisajística y erradicación del foco de vertido','<p>JC: 25-04-2018: Hablo con Maril&oacute;, que me remite a Fernando, para que me haga un documento de cesi&oacute;n. Viene a firmarlo Jos&eacute; Molines. Lo dejo en la mesa de @Thierry para que lo firme. El viernes que lo firme @Maril&oacute; y lanzamo la subvenci&oacute;n</p>\r\n<p>JC: 17-04-2018: Leo las bases y es para vertidos:</p>\r\n<p>17 RESIDUOS DE LA CONSTRUCCION Y DEMOLICION (INCLUIDA LA TIERRA EXCAVADA DE ZONAS CONTAMINADAS)</p>\r\n<p>20 RESIDUOS MUNICIPALES (RESIDUOS DOMESTICOS Y RESIDUOS ASIMILABLES PROCEDENTES DE LOS COMERCIOS, INDUSTRIAS E INSTITUCIONES), INCLUIDAS LAS FRACCIONES RECOGIDAS SELECTIVAMENTE</p>\r\n<p>Y siguiendo leyendo se podr&iacute;a decir que tenemos todo lo necesario. Lo que si que tendr&aacute; que ver Josemi y Fernando es:</p>\r\n<p>-Acreditativo de la clasificaci&oacute;n y calificaci&oacute;n urban&iacute;stica de la parcela y/o parcelas afectadas por la actuaci&oacute;n.<br />- Acreditativo de la titularidad y disponibilidad de los terrenos y su puesta a disposici&oacute;n de esta Excma. Diputaci&oacute;n Provincial para la ejecuci&oacute;n de la actuaci&oacute;n.<br />- Acreditativo de estar en posesi&oacute;n de las autorizaciones o concesiones administrativas y de particulares que fueran precisas para permitir la iniciaci&oacute;n de la obra, si bien, en el caso de que no sean necesarias, deber&aacute; certificarse en dicho<br />t&eacute;rmino.<br />- Acreditativo de que las actuaciones previstas se adaptan al planeamiento urban&iacute;stico de dicha zona.</p>\r\n<p>----</p>\r\n<p>Las actuaciones subvencionadas ser&aacute;n ejecutadas por la Excma. Diputaci&oacute;n Provincial de Alicante, que se encargar&aacute; tambi&eacute;n de la redacci&oacute;n de los proyectos simplificados o memorias valoradas, de acuerdo con lo establecido en la normativa de contrataci&oacute;n de las Administraciones P&uacute;blicas, junto con la documentaci&oacute;n complementaria que los Servicios T&eacute;cnicos estimen realizar para la adecuada tramitaci&oacute;n del expediente, as&iacute; como de la coordinaci&oacute;n de seguridad y salud de la obra. Por tanto, la Excma. Diputaci&oacute;n Provincial de Alicante subvencionara en el 100% las actuaciones. Asimismo, la Excma. Diputaci&oacute;n se encargar&aacute; de la contrataci&oacute;n y direcci&oacute;n de las obras necesarias.</p>','https://drive.google.com/drive/folders/0B-6ZND28b8BsNjNJQkFpS3EyLVk?usp=sharing','3/2018 EXP. 27',15,4,NULL,5,NULL),(82,'2018-04-09','2018-04-30','2018-04-13 21:24:48','2018-04-20 12:17:12','fWz9YY','Asistencia en la gestión del inventario de bienes y derechos de las Entidades Locales','http://sede.diputacionalicante.es/detalle-catalogo-servicios/?id=159','http://sede.diputacionalicante.es/documentos/emeri/Convocatorias/00086.pdf','http://sede.diputacionalicante.es/documentos/emeri/ConvocatoriasImpresos/00080.pdf','DA','','La implantación de un sistema de gestión patrimonial e instalación del programa de gestión del patrimonio vinculado a la contabilidad','<p>JC: 13-04-2018: preguntar a Fernando si lo necesita o lo ve interesante</p>','','-',14,4,NULL,5,NULL),(83,'2018-04-17','2018-05-30','2018-04-17 09:48:23','2018-04-17 09:48:23','XxVsXE','Convocatoria de subvenciones para el ejercicio 2018 a entidades privadas sin ánimo de lucro para la realización de proyectos dirigidos a la integración social de personas inmigrantes.','http://www.gva.es/es/inicio/procedimientos?id_proc=2962','','','GV','','Las ayudas se otorgarán en concepto de subvención para la financiación de los gastos corrientes derivados de la realización de proyectos de integración social de personas inmigrantes que se desarrollen en el ámbito territorial de la Comunitat Valenciana en el ejercicio 2018, que se enmarquen en alguno de los siguientes programas:\r\nA.1. Acogida integral, incluyendo alojamiento y manutención.\r\nA.2. Primera acogida y acompañamiento, inserción sociolaboral, mediación intercultural, promoción de la interculturalidad y escuelas de acogida.\r\nA.3. Intervención social con población inmigrante a través de un sistema de trabajo en red.','<p>Entidades privadas sin &aacute;nimo de lucro. Familias Alternativas?</p>','','-',NULL,4,7,5,NULL),(84,'2018-04-17','2018-05-09','2018-04-17 09:50:39','2018-04-17 09:50:39','HnrlmV','TECG - Solicitud de ayudas a las asociaciones de defensa medioambiental con actividad en la Comunitat Valenciana para la difusión de las buenas prácticas en el uso del agua.','http://www.gva.es/es/inicio/procedimientos?id_proc=18420','','','GV','< 10.000 €','Difundir los buenos usos del agua en la Comunitat Valenciana.\r\nAsociaciones con actividad en la Comunitat Valenciana, que incluyan en sus estatutos finalidades y/o actividades de defensa medioambiental','<p>Para asociaci&oacute;n medioambiental o de j&oacute;venes</p>','','-',NULL,4,3,5,NULL),(85,'2018-04-19','2018-05-21','2018-04-19 11:04:01','2018-04-20 05:53:39','PPbXxQ','TECG - Ayudas a la distribución de frutas, hortalizas y leche al alumnado de centros escolares en la Comunitat Valenciana.','http://www.gva.es/es/inicio/procedimientos?id_proc=14922','','','GV','','Fomentar el consumo de frutas y hortalizas, frutas y hortalizas transformadas y productos del plátano, y leche y productos lácteos en los niños de edades tempranas, así como mejorar sus hábitos de consumo hacia el consumo de productos más saludables y, al mismo tiempo, concienciar a los menores de la importancia de consumir productos locales y producidos mediante fórmulas medioambientalmente sostenibles y respetuosas con el medio ambiente.','','','-',NULL,4,3,5,NULL),(86,'2018-04-19','2018-04-10','2018-04-20 12:14:31','2018-04-20 12:14:31','ApynmW','Subvenciones a ayuntamientos y E.A.T.I.M. para actividades en materia de prevención de conductas adictivas','http://sede.diputacionalicante.es/detalle-catalogo-servicios/?id=232','','','DA','','Otros años han sido 1500 €','<p>JC: 20-04-2018 : El a&ntilde;o pasado se pidi&oacute; curso de pintura con Toni Ferri, se solicitaron 1500 &euro; y se termin&oacute; cobrando 819,53 El a&ntilde;o anterior se pidi&oacute; Cer&aacute;mica.&nbsp;</p>\r\n<p>Este a&ntilde;o se pedir&aacute; <strong>Cer&aacute;mica para los ni&ntilde;os, pintura para los adultos</strong></p>\r\n<p>APROBADO 819,53 &euro; - USO ADECUADO DE LAS TECNOLOGIAS Y PREVENCION DEL JUEGO DE APUESTAS . Ver que se hizo otros a&ntilde;os. otros a&ntilde;os la cer&aacute;mica. Vamos a pedir uno nuevo de pintura.</p>\r\n<p>Se pide uso adecuado de las tecnologias= curso pintura a Ferri. Solicitado. 1500&euro;</p>','','-',9,4,NULL,5,NULL),(87,'2018-04-16','2018-05-05','2018-04-20 16:15:21','2018-04-23 16:14:39','TZptIs','Fomento y desarrollo - Línea 1.- Ferias y otros eventos comerciales.','http://sede.diputacionalicante.es/detalle-catalogo-servicios/?id=103','http://sede.diputacionalicante.es/documentos/emeri/Convocatorias/00090.pdf','','DA','< 6000 €','Podrán solicitar las subvenciones objeto de la presente línea los Ayuntamientos y Entidades locales menores de la provincia de Alicante con población inferior a 50.000 habitantes.','<p>JC: 23-04-2018: el a&ntilde;o pasado se solicit&oacute;: Telas, actuaci&oacute;n. Fireta. Colla de dol&ccedil;ainers. y mas cosas. reuni&oacute;n 15 abril. 27/06/2017 llega resoluci&oacute;n. 5.571,00 - 92,85%</p>\r\n<p>Se encarga Mar&iacute;a Vicenta en petici&oacute;n continuista.</p>\r\n<p>Son subvencionables dentro de esta l&iacute;nea, las actuaciones de gasto corriente para la realizaci&oacute;n de ferias y otros eventos comerciales que se especifican a continuaci&oacute;n:<br />- Asistencia t&eacute;cnica para la organizaci&oacute;n y montaje de la totalidad de la feria o evento comercial. Cuando se contrate la totalidad de la feria con un &uacute;nico proveedor.<br />Cuando la feria se organice desde la propia entidad:<br />- Alquiler de stands y/o carpas.<br />- Publicidad y promoci&oacute;n de la feria o evento comercial.<br />- Alquiler de iluminaci&oacute;n de la feria o evento comercial.<br />- Sonido y megafon&iacute;a de la feria o evento comercial.<br />- Realizaci&oacute;n de degustaciones de productos aut&oacute;ctonos locales y cuya cuant&iacute;a no podr&aacute; superar el 10% del resupuesto total de la feria o evento comercial.<br />- Actividades complementarias como por ejemplo representaciones art&iacute;sticas y musicales, ludotecas e hinchables, que se desarrollen dentro de la feria o evento comercial, como parte integrante del evento principal y cuya cuant&iacute;a<br />no podr&aacute; superar el 30% del presupuesto total del mismo.<br />- Decoraci&oacute;n.<br />No ser&aacute;n subvencionables<br />- Gastos de personal al servicio de las entidades peticionarias,<br />- Gastos de material de oficina, ni los gastos generales de funcionamiento de la entidad.<br />- Alquiler de mesas y sillas.<br />- Alquiler de WC<br />- Servicios de vigilancia.<br />- Servicios de limpieza.<br />- Comidas y bebidas que no entren en la categor&iacute;a de productos aut&oacute;ctonos locales (productos t&iacute;picos de la zona)</p>','','-',16,4,NULL,5,NULL),(88,'2018-04-16','2018-05-14','2018-04-23 16:17:37','2018-04-26 07:53:05','P55SQB','Fomento y desarrollo - Línea 2.- Plan de modernización de mercados municipales','http://sede.diputacionalicante.es/detalle-catalogo-servicios/?id=103','','','DA','','','','','-',16,4,NULL,5,NULL),(89,'2018-04-16','2018-05-15','2018-04-23 16:36:09','2018-04-23 16:36:09','F8fxKa','Fomento y desarrollo - Línea 3.- Promoción económica','http://sede.diputacionalicante.es/detalle-catalogo-servicios/?id=103','','','DA','< 4000','Gastos de organización de concursos y premios para proyectos empresariales 3\r\nElaboración de materiales para el asesoramiento empresarial, orientación laboral o búsqueda de empleo que sirvan de apoyo para los agentes de empleo y desarrollo local en el servicio de sus funciones 1\r\nGastos de organización de cursos para fomento del empleo y emprendedurismo y para la consolidación de la pequeña y mediana empresa con un límite máximo de 1.000 euros por curso. 2\r\nGastos de organización de jornadas, foros y congresos para el empleo, el desarrollo local y el empresarial. 4\r\nRealización de actuaciones de dinamización y diversificación de la economía local 5','<p>JC: 23-04-2018: El a&ntilde;o pasado:&nbsp; World Caf&eacute; y pagos premios mujeres emprendedoras. hay que definir las fechas de los world caf&eacute;s. &ldquo;Dinamizacion y fomento de la participaci&oacute;n en el sector agricola y empresaria &ldquo;l</p>\r\n<p>Env&iacute;o correo a los empresarios y voy rumiando ideas.</p>','','-',16,4,NULL,5,NULL),(90,'2018-04-16','2018-05-15','2018-04-23 16:49:43','2018-04-23 16:49:43','XECdbA','Fomento de la agricultura y sostenimiento del medio rural. Línea 4','http://sede.diputacionalicante.es/detalle-catalogo-servicios/?id=103','','','DA','> 2500','Actuaciones formativas en materia de: agricultura ecológica, producción integrada, comercialización de productos agrícolas, prácticas culturales y obtención del carné oficial de manipulador de plaguicidas de uso fitosanitario de nivel básico 1\r\nLimpieza y conservación mediante desbroce y roturación de terrenos de titularidad municipal destinados a cultivo 2\r\nDesbroce o limpieza de márgenes de accesos a zonas rurales o agrícolas de titularidad municipal 3\r\nReparación simple, conservación o mantenimiento de acequias, márgenes, muretes, construcciones agrícolas tradicionales, conducciones de regadío en canal abierto y redes de drenaje y avenamiento de titularidad municipal 5','<p>JC: 23-04-2018: El a&ntilde;o pasado se hizo el desbroce camino font taronger y el curso de huerto ecol&oacute;gico.</p>','','-',16,4,NULL,5,NULL),(91,'2018-04-16','2018-05-15','2018-04-23 16:59:51','2018-04-23 16:59:51','ElbxuV','Huertos urbanos municipales. Línea 5','http://sede.diputacionalicante.es/detalle-catalogo-servicios/?id=103','','','DA','< 1500','Actividades formativas a los usuarios de huertos urbanos municipales en materia de agricultura (agricultura ecológica, prácticas culturales:\r\nplantación, riego, poda, injertos, labrado, tratamientos fitosanitarios), así como las actuaciones formativas para la obtención del carné oficial de manipulador de plaguicidas de uso fitosanitario de nivel básico, conforme a las especificaciones del Decreto 30/2015 de 06 de marzo por el que se desarrollan determinados aspectos dministrativos\r\nrelativos a los productos fitosanitarios en la Comunitat Valenciana. Se establece un límite de 750 € por curso con un máximo de dos.\r\n- Trabajos de preparación y roturación de terreno en huertos urbanos municipales.\r\n- Señalética horizontal para la identificación del huerto, división de parcelas del huerto y marcado de caminales.\r\n- Reparación simple y adecuación del sistema de riego del huerto urbano.\r\n- Reparación simple y conservación de caminales del huerto urbano.\r\n- Reparación simple y conservación de almacenes y casetas ubicadas en huertos urbanos.\r\n- Trabajos de preparación y roturación de terrenos en huertos escolares municipales.\r\nNo serán subvencionables:\r\n- Gastos de personal al servicio de las entidades peticionarias.\r\n- Gastos de material de oficina y los gastos generales de funcionamiento de la entidad.','','','-',16,2,NULL,5,NULL),(92,'2018-04-24','2018-05-23','2018-04-24 10:40:15','2018-04-27 06:52:50','1q2Nx4','Ayudas para la digitalización y la restauración de la documentación histórica y la mejora de las instalaciones de los archivos municipales de la Comunitat Valenciana.','http://www.gva.es/es/inicio/procedimientos?id_proc=16631','','','GV','> 600 50%','Contribuir a la financiación de los gastos derivados de la digitalización y de la restauración de documentos existentes en el archivo municipal anteriores al año 1940 y que se encuentren en mal estado, así como los gastos derivados de la compra o adquisición de equipamiento para la correcta conservación y utilización de los fondos documentales exisitentes en los archivos municipales.\r\n\r\nEl tipo de equipamiento será de uso exclusivo para el archivo y consistirá exclusivamente en estanterías metálicas de ángulo ranurado, armarios compactos móviles sobre raíles, planeros horizontales, deshumidificadores y termohigrómetros.\r\n\r\nQueda totalmente excluido de esta convocatoria el mobiliario de oficina.','<p>JC: 27-04-2018: Le pido a Agnieszka que profundice en la subvenci&oacute;n.</p>\r\n<p>JC: 24-04-2018: El a&ntilde;o pasado ya se mir&oacute; el tema de mejorar las instalaciones con la adquisici&oacute;n de unas estanterias, pero era un poco caro. Nos encontramos en el mismo caso.&nbsp;<br />Hecho un vistazo al archivo y bueno, lo de las estanter&iacute;as hay que tomarselo con calma. lo que si que veo que ser&iacute;a interesante ser&iacute;an un <strong><a href=\"https://es.wikipedia.org/wiki/Higr%C3%B3metro\">higr&oacute;metro</a></strong>, y renovar alg&uacute;n <strong>deshumificador</strong>.</p>\r\n<p>habr&aacute; que comprarlos y&nbsp; enviar la subvenci&oacute;n. Menos de 20 d&iacute;as.</p>\r\n<p>- La aportaci&oacute;n de la Conselleria de Educaci&oacute;n, Investigaci&oacute;n, Cultura y Deporte ser&aacute; como m&aacute;ximo del cincuenta por ciento (50%) del coste de la inversi&oacute;n que se realice <strong>entre el 25 de enero de 2017 y la fecha de finalizaci&oacute;n de presentaci&oacute;n de solicitudes</strong>, ambos inclusive. Los beneficiarios deber&aacute;n aportar, con cargo a su presupuesto, la parte no financiada por la Generalitat.</p>','https://drive.google.com/open?id=0B-6ZND28b8BsTnNPdk0tcmN6dTQ','-',NULL,4,13,5,NULL),(93,'2018-04-24','2018-05-23','2018-04-24 12:33:46','2018-04-25 20:32:58','fCAUSw','Construcción e Instalación de centros de Compostaje Comunitario.','http://sede.diputacionalicante.es/detalle-catalogo-servicios/?id=234','http://sede.diputacionalicante.es/documentos/emeri/Convocatorias/00095.pdf','','DA','< 10000 €','Ayudas para los gastos derivados de la ejecución por la Diputación Provincial de Alicante de las inversiones cuyo fin sea la instalación de un centro de compostaje comunitario.','<p>JC: 24-04-2018: hay que leer bien las bases, pero podr&iacute;a ser un segundo paso hacia la compostera municipal. Teniendo en cuenta que el hogar provincial dan de comer a unas 400 personas y usan una de estas composteras, podr&iacute;amos dar covertura a al menos la mitad del pueblo. Hay que buscar una ubicaci&oacute;n que nos venga bien. quiz&aacute;s el tema del camino viejo, encima del barraca.&nbsp;</p>\r\n<p>- La adecuaci&oacute;n del espacio donde se instalar&aacute; el centro de compostaje. Queda incluida la preparaci&oacute;n del terreno, la colocaci&oacute;n&nbsp; de un suelo de celos&iacute;a de hormig&oacute;n, la instalaci&oacute;n de una estructura para poder colocar un vallado perimetral y una cubierta, as&iacute; como una puerta con control de acceso.<br />- Carteler&iacute;a informativa sobre el proceso de compostaje.<br />- Cajones est&aacute;ticos de 1m3 colocados de manera que las paredes laterales internas de los cajones sean compartidas.<br />- Cajones para el almacenamiento de material estructurante.<br />-Contenedores con tapa de color marr&oacute;n para el almacenamiento debiorresiduos.<br />-Herramientas y utensilios para llevar a cabo las tareas de compostaje.</p>','https://drive.google.com/open?id=1OJpgsJEsbhGx0mIpmuKXy7DLxIr-89s6','3/2018 EXP. 31',15,4,NULL,5,NULL),(94,'2018-04-25','2018-05-15','2018-04-25 06:27:31','2018-04-25 06:27:31','MpMiTK','TECG - Ayudas para mejorar las condiciones de producción y comercialización de miel en la Comunidad Valenciana.','http://www.gva.es/es/inicio/procedimientos?id_proc=1209','','','GV','','Se convocan ayudas dirigidas a los titulares de explotaciones apícolas de la Comunitat Valenciana para que realicen inversiones y actuaciones con objeto de mejorar las condiciones de producción y comercialización de la miel para la vigente campaña FEAGA','','','-',NULL,4,3,5,NULL),(95,'2018-04-23','2018-05-14','2018-04-25 20:11:09','2018-04-25 20:22:42','T3CV7s','Obras de mejora de masas forestales (montes) de propiedad municipal','http://sede.diputacionalicante.es/detalle-catalogo-servicios/?id=233','http://sede.diputacionalicante.es/documentos/emeri/Convocatorias/00094.pdf','','DA','40.000','Concesión de subvenciones destinadas a la ejecución de obras de mejora de masas forestales (montes) de propiedad municipal en la provincia de Alicante, como pueden ser los siguientes: montes arbolados fosilizados, debilitados sin apenas crecimiento y con gran peligro de incendio; encinares degradados sin verdaderos árboles; montes sometidos a fuertes procesos erosivos; montes afectados por daños abióticos y cualquier otro tipo estado del monte que justifique su mejora paisajística','<p>JC: 25-04-2018: Subvenci&oacute;n muy interesante para complementar los trabajos que se est&aacute;n realizando en sacos. Muy en la l&iacute;nea que ya estamos realizando all&iacute;. Super.</p>\r\n<p>b) Tratamientos selv&iacute;colas de la vigorizaci&oacute;n del arbolado y mejora paisaj&iacute;stica:<br />Para zonas con una densidad de arbolado excesiva, q ue provoca una gran debilidad, estancamiento en el crecimiento, vulnerabilidad fre nte a plagas y peligro de incendios. Para ello se favorecer&aacute;n mediante claras a los mejores &aacute;rboles que pasar&iacute;an a ser dominantes, capaces de crecer ya sin peligro de estancamiento y con ello hacer crecer el monte, poner en valor su paisaje y reducir el riesgo de incendios.&nbsp;</p>\r\n<p>d) Repoblaciones forestales en terrenos de inter&eacute;s paisaj&iacute;stico, con un dise&ntilde;o del paisaje vegetal adaptado al medio. Tambi&eacute;n repoblaciones diversificadoras de monte arbolado, potenciado especies de inter&eacute;s donde sean escasas.</p>\r\n<p>e) Mejoras para la fauna dentro del monte: recuperaci&oacute;n de bancales agr&iacute;colas abandonados, destin&aacute;ndolos para siembras para la fauna, que al mismo tiempo actuar&iacute;an como fajas cortafuegos; recuperaci&oacute;n de antiguas fuentes y manantiales, o creaci&oacute;n de peque&ntilde;as charcas de llenado por escorrent&iacute;a; instalaci&oacute;n de nidales para peque&ntilde;as aves insect&iacute;voras, majanos para conejos o must&eacute;lidos, cajas refugio para murci&eacute;lagos, creaci&oacute;n de peque&ntilde;as charcas de llenado por escorrent&iacute;a y m&iacute;nimo mantenimiento, mantenimiento en pie de &aacute;rboles con huecos y agujeros de inter&eacute;s<br />para la nidificaci&oacute;n; mantenimiento de &aacute;rboles maduros muertos tumbados en el suelo, por la gran cantidad de insectos y larvas que es capaz de generar, adem&aacute;s de refugio en sus huecos; etc.</p>','https://drive.google.com/open?id=1-JG8x2wuc3X0nlS1aVsfYf0GEXizLveb','3/2018 EXP. 29',8,4,NULL,5,NULL),(97,'2018-04-26','2018-05-15','2018-04-26 06:07:38','2018-04-26 06:07:38','7OZQl9','Solicitud de ayudas a las entidades locales y entidades sin ánimo de lucro de la Comunitat Valenciana que promocionen la integración de los colectivos de la diversidad a través de la actividad física y el deporte.','http://www.gva.es/es/inicio/procedimientos?id_proc=18630','','','GV','10.000','El objeto de las ayudas es la concesión de las subvenciones destinadas a entidades locales y entidades sin ánimo de lucro para actuaciones y proyectos que promocionen la integración de los colectivos de la diversidad a través de la actividad física y el deporte que se realicen del 1 de enero al 30 octubre de 2018, excluyendo la participación en competiciones oficiales.\r\n\r\nNo se encuadrarán en estas subvenciones aquellos proyectos que vayan dirigidos a la población en general o a un segmento por edad y únicamente engloben una participación abierta a personas de colectivos de la diversidad.','<p>JC: 25-04-2018: en principio creo que no proceder&aacute;. He creado el usuario @Angel para gestionar este tipo de cosas con Familias Alternativas, pero bueno, no s&eacute; que pasa que no aparece en el listado de usuarios. Lo vamos mirando pero creo que no hay mucho donde rascar aqu&iacute;.&nbsp;</p>','','-',NULL,4,13,5,NULL),(98,'2018-04-26','2018-05-18','2018-04-26 06:21:11','2018-04-26 06:21:11','m4q3Gh','Solicitud de subvenciones destinadas a financiar la reforma y modernización de instalaciones y equipamiento de espacios escénicos existentes en 2018','http://www.gva.es/es/inicio/procedimientos?id_proc=19122','','','GV','< 70.000','Las subvenciones que se convoca tienen como finalidad financiar inversiones que tengan por objeto la ejecución de obras de reforma y modernización de instalaciones y equipamiento de salas o espacios escénicos existentes, que se ejecuten íntegramente en 2018.\r\nEl objeto de la inversión podrá comprender la ejecución de cualquier clase de obra de rehabilitación o mejora del espacio escénico, incluso su ampliación mediante la habilitación de espacios anexos al mismo. También pueden incluirse actuaciones referidas a las instalaciones escénicas y al equipamiento de la sala en un sentido amplio.','<p>JC: 25-04-2018: Podr&iacute;amos aprovechar el proyecto del escenario que hicimos para diputaci&oacute;n.</p>','','-',NULL,4,13,5,NULL),(99,'2018-04-26','2018-05-26','2018-04-26 06:26:37','2018-04-26 06:26:37','d6rmtj','Subvenciones a organizaciones no gubernamentales para el desarrollo (ONGD), para la financiación de proyectos de cooperación internacional para el desarrollo a ejecutar en países y poblaciones estructuralmente empobrecidos.','http://www.gva.es/es/inicio/procedimientos?id_proc=16844','','','GV','400.000','Convocar las subvenciones, en régimen de concurrencia competitiva, para la financiación de gastos corrientes y de inversión de proyectos de cooperación internacional para el desarrollo a ejecutar en países y poblaciones estructuralmente empobrecidos, destinadas a Organizaciones No Gubernamentales para el Desarrollo (en adelante ONGD).','','','-',NULL,4,4,5,NULL),(100,'2018-04-26','2018-05-18','2018-04-26 06:30:55','2018-04-26 06:34:58','kxEITt','Subvenciones para actuaciones de conservación y protección de los bienes inmuebles del Patrimonio Cultural de la Comunitat Valenciana','http://www.gva.es/es/inicio/procedimientos?id_proc=16662','','','GV','40.000 90%','El objeto de estas subvenciones es cofinanciar las actuaciones que se vayan a realizar sobre bienes de naturaleza inmueble: arqueológico, arquitectónico, etnológico y paleontológico, del patrimonio Cultural de la Comunidad Valenciana considerados Bienes de Interés Cultural o de Relevancia Local, y cuyos trabajos sean destinados a su protección, conservación y o recuperación dentro del marco de las atribuciones que corresponde ejercer a la Conselleria competente en materia de cultura.','<p>JC: 26-04-2018: Para alguna de las fuentes, est&aacute; claro. Como ibamos detr&aacute;s del <strong>Pou de Ses Peres</strong>, bien podr&iacute;a ir para ella.</p>','','-',NULL,4,13,5,NULL);
/*!40000 ALTER TABLE `myapp_subvencion` ENABLE KEYS */;
UNLOCK TABLES;

--
-- Table structure for table `myapp_subvencion_colectivo`
--

DROP TABLE IF EXISTS `myapp_subvencion_colectivo`;
/*!40101 SET @saved_cs_client     = @@character_set_client */;
/*!40101 SET character_set_client = utf8 */;
CREATE TABLE `myapp_subvencion_colectivo` (
  `id` int(11) NOT NULL AUTO_INCREMENT,
  `subvencion_id` int(11) NOT NULL,
  `colectivo_id` int(11) NOT NULL,
  PRIMARY KEY (`id`),
  UNIQUE KEY `myapp_subvencion_colecti_subvencion_id_colectivo__17c51914_uniq` (`subvencion_id`,`colectivo_id`),
  KEY `myapp_subvencion_col_colectivo_id_0843b2bc_fk_myapp_col` (`colectivo_id`),
  CONSTRAINT `myapp_subvencion_col_colectivo_id_0843b2bc_fk_myapp_col` FOREIGN KEY (`colectivo_id`) REFERENCES `myapp_colectivo` (`id`),
  CONSTRAINT `myapp_subvencion_col_subvencion_id_9a7f0a88_fk_myapp_sub` FOREIGN KEY (`subvencion_id`) REFERENCES `myapp_subvencion` (`id`)
) ENGINE=InnoDB AUTO_INCREMENT=108 DEFAULT CHARSET=latin1;
/*!40101 SET character_set_client = @saved_cs_client */;

--
-- Dumping data for table `myapp_subvencion_colectivo`
--

LOCK TABLES `myapp_subvencion_colectivo` WRITE;
/*!40000 ALTER TABLE `myapp_subvencion_colectivo` DISABLE KEYS */;
INSERT INTO `myapp_subvencion_colectivo` VALUES (19,1,1),(20,2,1),(21,3,1),(22,4,1),(23,5,1),(24,6,1),(17,9,1),(18,10,1),(75,11,3),(77,12,1),(76,12,3),(9,13,1),(78,14,1),(79,14,2),(60,21,1),(80,22,3),(26,24,2),(84,25,4),(16,27,1),(42,29,1),(25,32,1),(2,34,1),(1,35,1),(44,36,1),(47,37,1),(6,39,1),(7,39,3),(15,40,1),(14,41,1),(13,42,1),(74,43,1),(3,43,3),(4,44,1),(5,44,2),(8,45,1),(10,46,1),(11,47,1),(12,48,1),(27,49,1),(28,50,2),(29,51,1),(30,52,1),(81,53,1),(31,53,3),(43,54,1),(32,54,3),(33,55,3),(48,56,1),(34,56,3),(35,57,3),(36,58,1),(37,58,3),(45,59,1),(38,59,3),(46,60,1),(39,60,3),(52,61,1),(40,61,3),(41,62,1),(49,63,1),(50,63,3),(99,63,4),(51,64,1),(90,64,2),(91,64,3),(53,65,1),(54,66,1),(55,67,1),(85,67,4),(57,68,1),(58,68,3),(59,69,1),(61,70,1),(62,71,1),(63,72,1),(64,73,3),(65,74,3),(66,75,3),(67,76,3),(68,77,3),(69,78,1),(70,79,3),(71,80,4),(72,81,1),(73,82,1),(82,83,3),(83,84,3),(86,85,1),(87,85,4),(88,86,1),(89,87,1),(92,88,1),(93,89,1),(94,90,1),(95,91,1),(96,92,1),(97,93,1),(98,94,4),(100,95,1),(102,97,1),(103,97,3),(104,98,1),(105,99,3),(106,100,1),(107,100,3);
/*!40000 ALTER TABLE `myapp_subvencion_colectivo` ENABLE KEYS */;
UNLOCK TABLES;

--
-- Table structure for table `myapp_subvencion_responsable`
--

DROP TABLE IF EXISTS `myapp_subvencion_responsable`;
/*!40101 SET @saved_cs_client     = @@character_set_client */;
/*!40101 SET character_set_client = utf8 */;
CREATE TABLE `myapp_subvencion_responsable` (
  `id` int(11) NOT NULL AUTO_INCREMENT,
  `subvencion_id` int(11) NOT NULL,
  `responsable_id` int(11) NOT NULL,
  PRIMARY KEY (`id`),
  UNIQUE KEY `myapp_subvencion_respons_subvencion_id_responsabl_ec5cc6c8_uniq` (`subvencion_id`,`responsable_id`),
  KEY `myapp_subvencion_res_responsable_id_47d4dc29_fk_myapp_res` (`responsable_id`),
  CONSTRAINT `myapp_subvencion_res_responsable_id_47d4dc29_fk_myapp_res` FOREIGN KEY (`responsable_id`) REFERENCES `myapp_responsable` (`id`),
  CONSTRAINT `myapp_subvencion_res_subvencion_id_acf12feb_fk_myapp_sub` FOREIGN KEY (`subvencion_id`) REFERENCES `myapp_subvencion` (`id`)
) ENGINE=InnoDB AUTO_INCREMENT=221 DEFAULT CHARSET=latin1;
/*!40101 SET character_set_client = @saved_cs_client */;

--
-- Dumping data for table `myapp_subvencion_responsable`
--

LOCK TABLES `myapp_subvencion_responsable` WRITE;
/*!40000 ALTER TABLE `myapp_subvencion_responsable` DISABLE KEYS */;
INSERT INTO `myapp_subvencion_responsable` VALUES (1,1,1),(2,1,2),(3,2,2),(4,2,3),(5,2,4),(6,3,2),(7,3,3),(8,3,4),(9,4,2),(10,4,3),(11,4,4),(12,5,1),(13,5,2),(14,6,1),(15,6,2),(22,9,1),(23,10,1),(24,11,1),(25,11,2),(26,12,1),(27,12,2),(28,12,3),(29,13,1),(30,13,2),(31,14,1),(32,14,2),(33,15,2),(34,15,3),(35,16,3),(36,18,3),(37,19,3),(42,19,6),(38,20,1),(39,21,3),(43,21,6),(40,22,1),(41,23,1),(44,24,1),(45,25,1),(46,26,1),(47,27,1),(106,27,3),(48,27,5),(49,28,1),(54,28,3),(50,28,5),(51,29,1),(52,29,3),(53,29,6),(55,30,2),(56,30,4),(61,32,1),(62,32,2),(63,32,3),(64,33,1),(65,33,3),(66,34,1),(67,34,3),(68,34,5),(69,34,9),(70,35,1),(71,35,3),(72,35,5),(73,35,9),(74,36,1),(75,36,3),(76,37,1),(77,38,1),(78,38,3),(79,38,4),(80,39,2),(81,39,3),(82,39,4),(83,40,1),(84,40,2),(85,41,1),(86,41,5),(87,42,1),(88,42,5),(89,43,1),(90,43,3),(91,43,4),(92,44,1),(93,44,2),(94,44,3),(95,44,5),(218,44,13),(96,45,1),(97,45,3),(98,45,6),(99,46,1),(100,46,3),(101,46,6),(102,47,1),(107,47,5),(104,48,1),(108,48,5),(109,49,1),(110,49,5),(111,50,1),(112,51,1),(113,51,3),(114,51,6),(115,52,1),(116,52,2),(117,53,1),(173,53,2),(119,54,1),(120,54,3),(121,55,1),(122,56,1),(123,56,3),(124,57,1),(125,58,1),(126,59,1),(127,59,2),(128,60,1),(129,60,5),(130,61,1),(131,61,4),(132,62,1),(133,62,2),(134,62,3),(156,62,10),(135,63,1),(136,63,3),(137,64,1),(188,64,2),(138,65,1),(139,65,3),(140,66,1),(141,66,3),(142,66,6),(180,67,1),(181,67,3),(143,68,1),(144,68,3),(145,69,1),(146,69,3),(147,70,1),(177,70,10),(148,71,1),(149,71,3),(150,71,6),(151,72,1),(152,73,1),(153,73,3),(154,74,1),(155,75,1),(157,76,1),(158,76,3),(159,77,1),(160,78,1),(161,78,2),(162,79,1),(164,79,5),(163,79,10),(165,80,1),(166,80,3),(167,80,6),(168,81,1),(219,81,2),(220,81,5),(179,81,6),(178,81,9),(169,82,1),(170,82,3),(171,82,5),(172,82,9),(174,83,1),(175,83,5),(176,84,1),(182,85,1),(183,85,2),(184,86,1),(185,86,2),(186,87,1),(187,87,2),(189,88,1),(190,88,2),(191,89,1),(192,89,2),(193,89,5),(194,90,1),(195,90,2),(196,91,1),(197,92,1),(198,92,3),(199,92,6),(208,92,10),(200,93,1),(201,93,5),(202,93,6),(203,94,1),(204,95,1),(205,95,2),(209,97,1),(210,98,1),(211,98,2),(212,98,5),(213,99,1),(214,99,5),(215,100,1),(217,100,5),(216,100,10);
/*!40000 ALTER TABLE `myapp_subvencion_responsable` ENABLE KEYS */;
UNLOCK TABLES;

--
-- Table structure for table `myapp_subvencion_se_relaciona_con`
--

DROP TABLE IF EXISTS `myapp_subvencion_se_relaciona_con`;
/*!40101 SET @saved_cs_client     = @@character_set_client */;
/*!40101 SET character_set_client = utf8 */;
CREATE TABLE `myapp_subvencion_se_relaciona_con` (
  `id` int(11) NOT NULL AUTO_INCREMENT,
  `from_subvencion_id` int(11) NOT NULL,
  `to_subvencion_id` int(11) NOT NULL,
  PRIMARY KEY (`id`),
  UNIQUE KEY `myapp_subvencion_se_rela_from_subvencion_id_to_su_7ed8ee58_uniq` (`from_subvencion_id`,`to_subvencion_id`),
  KEY `myapp_subvencion_se__to_subvencion_id_169e25e8_fk_myapp_sub` (`to_subvencion_id`),
  CONSTRAINT `myapp_subvencion_se__from_subvencion_id_3a736acd_fk_myapp_sub` FOREIGN KEY (`from_subvencion_id`) REFERENCES `myapp_subvencion` (`id`),
  CONSTRAINT `myapp_subvencion_se__to_subvencion_id_169e25e8_fk_myapp_sub` FOREIGN KEY (`to_subvencion_id`) REFERENCES `myapp_subvencion` (`id`)
) ENGINE=InnoDB AUTO_INCREMENT=114 DEFAULT CHARSET=latin1;
/*!40101 SET character_set_client = @saved_cs_client */;

--
-- Dumping data for table `myapp_subvencion_se_relaciona_con`
--

LOCK TABLES `myapp_subvencion_se_relaciona_con` WRITE;
/*!40000 ALTER TABLE `myapp_subvencion_se_relaciona_con` DISABLE KEYS */;
INSERT INTO `myapp_subvencion_se_relaciona_con` VALUES (40,1,44),(35,3,43),(36,5,43),(69,6,45),(97,6,81),(113,6,98),(14,9,10),(83,9,67),(53,9,68),(104,9,95),(13,10,9),(84,10,67),(105,10,95),(16,11,12),(19,11,14),(15,12,11),(20,12,14),(45,13,45),(17,14,11),(18,14,12),(22,15,16),(21,16,15),(62,21,45),(24,27,28),(30,27,35),(86,27,67),(23,28,27),(87,29,67),(57,29,68),(92,29,93),(29,34,35),(28,35,27),(27,35,34),(41,38,38),(42,38,39),(43,39,38),(38,39,43),(72,40,71),(110,40,97),(111,41,97),(31,43,3),(32,43,5),(34,43,39),(68,43,45),(39,44,1),(67,45,6),(44,45,13),(63,45,21),(66,45,43),(106,45,95),(85,46,67),(56,46,68),(47,48,50),(60,48,69),(46,50,48),(61,50,69),(55,54,68),(73,62,71),(77,67,9),(78,67,10),(80,67,27),(81,67,29),(79,67,46),(76,67,72),(48,68,9),(52,68,29),(51,68,46),(50,68,54),(58,69,48),(59,69,50),(70,71,40),(71,71,62),(82,72,67),(103,72,95),(75,77,78),(93,77,93),(95,77,94),(74,78,77),(96,81,6),(91,81,93),(89,93,29),(90,93,77),(88,93,81),(94,94,77),(107,94,95),(99,95,9),(100,95,10),(101,95,45),(98,95,72),(102,95,94),(108,97,40),(109,97,41),(112,98,6);
/*!40000 ALTER TABLE `myapp_subvencion_se_relaciona_con` ENABLE KEYS */;
UNLOCK TABLES;

--
-- Table structure for table `myapp_subvencion_users_like`
--

DROP TABLE IF EXISTS `myapp_subvencion_users_like`;
/*!40101 SET @saved_cs_client     = @@character_set_client */;
/*!40101 SET character_set_client = utf8 */;
CREATE TABLE `myapp_subvencion_users_like` (
  `id` int(11) NOT NULL AUTO_INCREMENT,
  `subvencion_id` int(11) NOT NULL,
  `user_id` int(11) NOT NULL,
  PRIMARY KEY (`id`),
  UNIQUE KEY `myapp_subvencion_users_like_subvencion_id_user_id_39f3428c_uniq` (`subvencion_id`,`user_id`),
  KEY `myapp_subvencion_users_like_user_id_675de01f_fk_auth_user_id` (`user_id`),
  CONSTRAINT `myapp_subvencion_use_subvencion_id_e7f439b2_fk_myapp_sub` FOREIGN KEY (`subvencion_id`) REFERENCES `myapp_subvencion` (`id`),
  CONSTRAINT `myapp_subvencion_users_like_user_id_675de01f_fk_auth_user_id` FOREIGN KEY (`user_id`) REFERENCES `auth_user` (`id`)
) ENGINE=InnoDB AUTO_INCREMENT=18 DEFAULT CHARSET=latin1;
/*!40101 SET character_set_client = @saved_cs_client */;

--
-- Dumping data for table `myapp_subvencion_users_like`
--

LOCK TABLES `myapp_subvencion_users_like` WRITE;
/*!40000 ALTER TABLE `myapp_subvencion_users_like` DISABLE KEYS */;
INSERT INTO `myapp_subvencion_users_like` VALUES (4,6,2),(7,9,5),(16,64,5),(9,81,5),(17,92,5),(13,93,5),(15,100,5);
/*!40000 ALTER TABLE `myapp_subvencion_users_like` ENABLE KEYS */;
UNLOCK TABLES;

--
-- Table structure for table `notify_notification`
--

DROP TABLE IF EXISTS `notify_notification`;
/*!40101 SET @saved_cs_client     = @@character_set_client */;
/*!40101 SET character_set_client = utf8 */;
CREATE TABLE `notify_notification` (
  `id` int(11) NOT NULL AUTO_INCREMENT,
  `actor_object_id` int(10) unsigned DEFAULT NULL,
  `actor_text` varchar(50) DEFAULT NULL,
  `actor_url_text` varchar(200) DEFAULT NULL,
  `verb` longtext NOT NULL,
  `description` varchar(255) DEFAULT NULL,
  `nf_type` varchar(20) NOT NULL,
  `target_object_id` int(10) unsigned DEFAULT NULL,
  `target_text` varchar(50) DEFAULT NULL,
  `target_url_text` varchar(200) DEFAULT NULL,
  `obj_object_id` int(10) unsigned DEFAULT NULL,
  `obj_text` varchar(50) DEFAULT NULL,
  `obj_url_text` varchar(200) DEFAULT NULL,
  `extra` longtext,
  `created` datetime NOT NULL,
  `read` tinyint(1) NOT NULL,
  `deleted` tinyint(1) NOT NULL,
  `actor_content_type_id` int(11) DEFAULT NULL,
  `obj_content_type_id` int(11) DEFAULT NULL,
  `recipient_id` int(11) NOT NULL,
  `target_content_type_id` int(11) DEFAULT NULL,
  PRIMARY KEY (`id`),
  KEY `notify_notification_actor_content_type_i_1a428036_fk_django_co` (`actor_content_type_id`),
  KEY `notify_notification_obj_content_type_id_93f677d5_fk_django_co` (`obj_content_type_id`),
  KEY `notify_notification_recipient_id_07222ca5_fk_auth_user_id` (`recipient_id`),
  KEY `notify_notification_target_content_type__55b5712a_fk_django_co` (`target_content_type_id`),
  CONSTRAINT `notify_notification_actor_content_type_i_1a428036_fk_django_co` FOREIGN KEY (`actor_content_type_id`) REFERENCES `django_content_type` (`id`),
  CONSTRAINT `notify_notification_obj_content_type_id_93f677d5_fk_django_co` FOREIGN KEY (`obj_content_type_id`) REFERENCES `django_content_type` (`id`),
  CONSTRAINT `notify_notification_recipient_id_07222ca5_fk_auth_user_id` FOREIGN KEY (`recipient_id`) REFERENCES `auth_user` (`id`),
  CONSTRAINT `notify_notification_target_content_type__55b5712a_fk_django_co` FOREIGN KEY (`target_content_type_id`) REFERENCES `django_content_type` (`id`)
) ENGINE=InnoDB AUTO_INCREMENT=1861 DEFAULT CHARSET=latin1;
/*!40101 SET character_set_client = @saved_cs_client */;

--
-- Dumping data for table `notify_notification`
--

LOCK TABLES `notify_notification` WRITE;
/*!40000 ALTER TABLE `notify_notification` DISABLE KEYS */;
INSERT INTO `notify_notification` VALUES (1,2,NULL,NULL,'ha creado un nuevo responsable: \"Amos\"',NULL,'crear',NULL,NULL,NULL,NULL,NULL,NULL,NULL,'2018-02-06 13:47:10',0,1,4,NULL,1,NULL),(2,1,NULL,NULL,'ha creado un nuevo responsable: \"Personal\"',NULL,'crear',NULL,NULL,NULL,NULL,NULL,NULL,NULL,'2018-02-06 13:48:11',0,1,4,NULL,2,NULL),(3,1,NULL,NULL,'ha editado una subvención: \"Campaña de Música als Pobless\"',NULL,'edit',NULL,NULL,NULL,NULL,NULL,NULL,NULL,'2018-02-06 13:48:58',0,1,4,NULL,2,NULL),(4,1,NULL,NULL,'ha editado una subvención: \"Campaña de Música als Pobles\"',NULL,'edit',NULL,NULL,NULL,NULL,NULL,NULL,NULL,'2018-02-06 13:49:10',0,1,4,NULL,2,NULL),(5,1,NULL,NULL,'ha creado un nuevo responsable: \"Prueba1\"',NULL,'crear',NULL,NULL,NULL,NULL,NULL,NULL,NULL,'2018-02-06 13:53:47',0,1,4,NULL,2,NULL),(6,1,NULL,NULL,'ha creado un nuevo departameto: \"Prueba1\"',NULL,'crear',NULL,NULL,NULL,NULL,NULL,NULL,NULL,'2018-02-06 13:53:55',0,1,4,NULL,2,NULL),(7,1,NULL,NULL,'ha creado un nuevo departamento: \"Prueba1Prueba1Prueba1Prueba1Prueba1Prueba1Prueba1Prueba1Prueba1Prueba1\"',NULL,'crear',NULL,NULL,NULL,NULL,NULL,NULL,NULL,'2018-02-06 13:54:04',0,1,4,NULL,2,NULL),(8,1,NULL,NULL,'ha creado un nuevo estado: \"Prueba1Prueba1Prueba1Prueba1Prueba1Prueba1Prueba1Prueba1Prueba1Prueba1Prueba1Prueba1\"',NULL,'crear',NULL,NULL,NULL,NULL,NULL,NULL,NULL,'2018-02-06 13:54:15',0,1,4,NULL,2,NULL),(9,1,NULL,NULL,'ha creado un nuevo responsable: \"pRÚEBA1pRÚEBA1pRÚEBA1pRÚEBA1pRÚEBA1pRÚEBA1pRÚEBA1pRÚEBA1pRÚEBA1pRÚEBA1pRÚEBA1\"',NULL,'crear',NULL,NULL,NULL,NULL,NULL,NULL,NULL,'2018-02-06 13:54:26',0,1,4,NULL,2,NULL),(10,1,NULL,NULL,'ha creado un nuevo departameto: \"pRÚEBA1pRÚEBA1pRÚEBA1pRÚEBA1pRÚEBA1pRÚEBA1pRÚEBA1\"',NULL,'crear',NULL,NULL,NULL,NULL,NULL,NULL,NULL,'2018-02-06 13:54:34',0,1,4,NULL,2,NULL),(11,1,NULL,NULL,'ha creado un nuevo departamento: \"pRÚEBA1pRÚEBA1pRÚEBA1pRÚEBA1pRÚEBA1pRÚEBA1pRÚEBA1pRÚEBA1\"',NULL,'crear',NULL,NULL,NULL,NULL,NULL,NULL,NULL,'2018-02-06 13:54:40',0,1,4,NULL,2,NULL),(12,1,NULL,NULL,'ha creado un nuevo estado: \"pRÚEBA1pRÚEBA1pRÚEBA1pRÚEBA1pRÚEBA1pRÚEBA1pRÚEBA1pRÚEBA1\"',NULL,'crear',NULL,NULL,NULL,NULL,NULL,NULL,NULL,'2018-02-06 13:54:47',0,1,4,NULL,2,NULL),(13,1,NULL,NULL,'ha creado una nueva subvención: \"pRÚEBA1pRÚEBA1pRÚEBA1pRÚEBA1pRÚEBA1pRÚEBA1\"',NULL,'crear',NULL,NULL,NULL,NULL,NULL,NULL,NULL,'2018-02-06 13:55:28',0,1,4,NULL,2,NULL),(14,1,NULL,NULL,'ha creado un nuevo responsable: \"Amos\"',NULL,'crear',NULL,NULL,NULL,NULL,NULL,NULL,NULL,'2018-02-07 09:42:07',0,1,4,NULL,2,NULL),(15,1,NULL,NULL,'ha creado una nueva subvención: \"Subvención de Amos\"',NULL,'crear',NULL,NULL,NULL,NULL,NULL,NULL,NULL,'2018-02-07 09:42:40',0,1,4,NULL,2,NULL),(16,1,NULL,NULL,'ha creado un nuevo responsable: \"Amos\"',NULL,'crear',NULL,NULL,NULL,NULL,NULL,NULL,NULL,'2018-02-07 11:45:24',0,1,4,NULL,2,NULL),(17,3,NULL,NULL,'ha editado una subvención: \"Equipamiento de Instalaciones Culturales de titularidad municipal\"',NULL,'edit',NULL,NULL,NULL,NULL,NULL,NULL,NULL,'2018-02-15 10:51:39',0,0,4,NULL,1,NULL),(18,3,NULL,NULL,'ha editado una subvención: \"Equipamiento de Instalaciones Culturales de titularidad municipal\"',NULL,'edit',NULL,NULL,NULL,NULL,NULL,NULL,NULL,'2018-02-15 10:51:39',0,1,4,NULL,2,NULL),(19,3,NULL,NULL,'ha editado una subvención: \"Equipamiento de Instalaciones Culturales de titularidad municipal\"',NULL,'edit',NULL,NULL,NULL,NULL,NULL,NULL,NULL,'2018-02-15 10:51:39',0,0,4,NULL,4,NULL),(20,3,NULL,NULL,'ha editado una subvención: \"equipamiento instalaciones culturales municipales\"',NULL,'edit',NULL,NULL,NULL,NULL,NULL,NULL,NULL,'2018-02-15 11:43:53',0,0,4,NULL,1,NULL),(21,3,NULL,NULL,'ha editado una subvención: \"equipamiento instalaciones culturales municipales\"',NULL,'edit',NULL,NULL,NULL,NULL,NULL,NULL,NULL,'2018-02-15 11:43:53',0,1,4,NULL,2,NULL),(22,3,NULL,NULL,'ha editado una subvención: \"equipamiento instalaciones culturales municipales\"',NULL,'edit',NULL,NULL,NULL,NULL,NULL,NULL,NULL,'2018-02-15 11:43:53',0,0,4,NULL,4,NULL),(23,3,NULL,NULL,'ha editado una subvención: \"Actividades culturales, musicales y escénicas 2018\"',NULL,'edit',NULL,NULL,NULL,NULL,NULL,NULL,NULL,'2018-02-15 11:44:40',0,0,4,NULL,1,NULL),(24,3,NULL,NULL,'ha editado una subvención: \"Actividades culturales, musicales y escénicas 2018\"',NULL,'edit',NULL,NULL,NULL,NULL,NULL,NULL,NULL,'2018-02-15 11:44:40',0,1,4,NULL,2,NULL),(25,3,NULL,NULL,'ha editado una subvención: \"Actividades culturales, musicales y escénicas 2018\"',NULL,'edit',NULL,NULL,NULL,NULL,NULL,NULL,NULL,'2018-02-15 11:44:40',0,0,4,NULL,4,NULL),(26,3,NULL,NULL,'ha editado una subvención: \"Actividades culturales, musicales y escénicas 2018\"',NULL,'edit',NULL,NULL,NULL,NULL,NULL,NULL,NULL,'2018-02-15 11:45:03',0,0,4,NULL,1,NULL),(27,3,NULL,NULL,'ha editado una subvención: \"Actividades culturales, musicales y escénicas 2018\"',NULL,'edit',NULL,NULL,NULL,NULL,NULL,NULL,NULL,'2018-02-15 11:45:03',0,1,4,NULL,2,NULL),(28,3,NULL,NULL,'ha editado una subvención: \"Actividades culturales, musicales y escénicas 2018\"',NULL,'edit',NULL,NULL,NULL,NULL,NULL,NULL,NULL,'2018-02-15 11:45:03',0,0,4,NULL,4,NULL),(29,3,NULL,NULL,'ha editado una subvención: \"equipamiento instalaciones culturales municipales\"',NULL,'edit',NULL,NULL,NULL,NULL,NULL,NULL,NULL,'2018-02-15 11:46:44',0,0,4,NULL,1,NULL),(30,3,NULL,NULL,'ha editado una subvención: \"equipamiento instalaciones culturales municipales\"',NULL,'edit',NULL,NULL,NULL,NULL,NULL,NULL,NULL,'2018-02-15 11:46:44',0,1,4,NULL,2,NULL),(31,3,NULL,NULL,'ha editado una subvención: \"equipamiento instalaciones culturales municipales\"',NULL,'edit',NULL,NULL,NULL,NULL,NULL,NULL,NULL,'2018-02-15 11:46:44',0,0,4,NULL,4,NULL),(32,3,NULL,NULL,'ha editado una subvención: \"Equipamiento de Instalaciones Culturales de titularidad municipal\"',NULL,'edit',NULL,NULL,NULL,NULL,NULL,NULL,NULL,'2018-02-15 11:47:52',0,0,4,NULL,1,NULL),(33,3,NULL,NULL,'ha editado una subvención: \"Equipamiento de Instalaciones Culturales de titularidad municipal\"',NULL,'edit',NULL,NULL,NULL,NULL,NULL,NULL,NULL,'2018-02-15 11:47:52',0,1,4,NULL,2,NULL),(34,3,NULL,NULL,'ha editado una subvención: \"Equipamiento de Instalaciones Culturales de titularidad municipal\"',NULL,'edit',NULL,NULL,NULL,NULL,NULL,NULL,NULL,'2018-02-15 11:47:52',0,0,4,NULL,4,NULL),(35,3,NULL,NULL,'ha editado una subvención: \"Equipamiento de Instalaciones Culturales de titularidad municipal\"',NULL,'edit',NULL,NULL,NULL,NULL,NULL,NULL,NULL,'2018-02-15 13:20:23',0,0,4,NULL,1,NULL),(36,3,NULL,NULL,'ha editado una subvención: \"Equipamiento de Instalaciones Culturales de titularidad municipal\"',NULL,'edit',NULL,NULL,NULL,NULL,NULL,NULL,NULL,'2018-02-15 13:20:23',0,1,4,NULL,2,NULL),(37,3,NULL,NULL,'ha editado una subvención: \"Equipamiento de Instalaciones Culturales de titularidad municipal\"',NULL,'edit',NULL,NULL,NULL,NULL,NULL,NULL,NULL,'2018-02-15 13:20:23',0,0,4,NULL,4,NULL),(38,3,NULL,NULL,'ha editado una subvención: \"equipamiento instalaciones culturales municipales\"',NULL,'edit',NULL,NULL,NULL,NULL,NULL,NULL,NULL,'2018-02-15 13:21:24',0,0,4,NULL,1,NULL),(39,3,NULL,NULL,'ha editado una subvención: \"equipamiento instalaciones culturales municipales\"',NULL,'edit',NULL,NULL,NULL,NULL,NULL,NULL,NULL,'2018-02-15 13:21:24',0,1,4,NULL,2,NULL),(40,3,NULL,NULL,'ha editado una subvención: \"equipamiento instalaciones culturales municipales\"',NULL,'edit',NULL,NULL,NULL,NULL,NULL,NULL,NULL,'2018-02-15 13:21:24',0,0,4,NULL,4,NULL),(47,2,NULL,NULL,'ha creado un nuevo estado: \"Aprobada\"',NULL,'crear',NULL,NULL,NULL,NULL,NULL,NULL,NULL,'2018-02-18 12:42:45',0,0,4,NULL,1,NULL),(48,2,NULL,NULL,'ha creado un nuevo estado: \"Aprobada\"',NULL,'crear',NULL,NULL,NULL,NULL,NULL,NULL,NULL,'2018-02-18 12:42:45',0,0,4,NULL,3,NULL),(49,2,NULL,NULL,'ha creado un nuevo estado: \"Aprobada\"',NULL,'crear',NULL,NULL,NULL,NULL,NULL,NULL,NULL,'2018-02-18 12:42:45',0,0,4,NULL,4,NULL),(50,2,NULL,NULL,'ha creado un nuevo estado: \"Aprobada\"',NULL,'crear',NULL,NULL,NULL,NULL,NULL,NULL,NULL,'2018-02-18 12:42:45',0,0,4,NULL,5,NULL),(51,2,NULL,NULL,'ha creado un nuevo estado: \"Cerrada a espera de resolución\"',NULL,'crear',NULL,NULL,NULL,NULL,NULL,NULL,NULL,'2018-02-18 12:42:49',0,0,4,NULL,1,NULL),(52,2,NULL,NULL,'ha creado un nuevo estado: \"Cerrada a espera de resolución\"',NULL,'crear',NULL,NULL,NULL,NULL,NULL,NULL,NULL,'2018-02-18 12:42:49',0,0,4,NULL,3,NULL),(53,2,NULL,NULL,'ha creado un nuevo estado: \"Cerrada a espera de resolución\"',NULL,'crear',NULL,NULL,NULL,NULL,NULL,NULL,NULL,'2018-02-18 12:42:49',0,0,4,NULL,4,NULL),(54,2,NULL,NULL,'ha creado un nuevo estado: \"Cerrada a espera de resolución\"',NULL,'crear',NULL,NULL,NULL,NULL,NULL,NULL,NULL,'2018-02-18 12:42:49',0,0,4,NULL,5,NULL),(55,2,NULL,NULL,'ha creado un nuevo estado: \"Definiéndose\"',NULL,'crear',NULL,NULL,NULL,NULL,NULL,NULL,NULL,'2018-02-18 12:42:52',0,0,4,NULL,1,NULL),(56,2,NULL,NULL,'ha creado un nuevo estado: \"Definiéndose\"',NULL,'crear',NULL,NULL,NULL,NULL,NULL,NULL,NULL,'2018-02-18 12:42:52',0,0,4,NULL,3,NULL),(57,2,NULL,NULL,'ha creado un nuevo estado: \"Definiéndose\"',NULL,'crear',NULL,NULL,NULL,NULL,NULL,NULL,NULL,'2018-02-18 12:42:52',0,0,4,NULL,4,NULL),(58,2,NULL,NULL,'ha creado un nuevo estado: \"Definiéndose\"',NULL,'crear',NULL,NULL,NULL,NULL,NULL,NULL,NULL,'2018-02-18 12:42:52',0,0,4,NULL,5,NULL),(59,2,NULL,NULL,'ha creado un nuevo estado: \"Desestimada\"',NULL,'crear',NULL,NULL,NULL,NULL,NULL,NULL,NULL,'2018-02-18 12:42:55',0,0,4,NULL,1,NULL),(60,2,NULL,NULL,'ha creado un nuevo estado: \"Desestimada\"',NULL,'crear',NULL,NULL,NULL,NULL,NULL,NULL,NULL,'2018-02-18 12:42:55',0,0,4,NULL,3,NULL),(61,2,NULL,NULL,'ha creado un nuevo estado: \"Desestimada\"',NULL,'crear',NULL,NULL,NULL,NULL,NULL,NULL,NULL,'2018-02-18 12:42:55',0,0,4,NULL,4,NULL),(62,2,NULL,NULL,'ha creado un nuevo estado: \"Desestimada\"',NULL,'crear',NULL,NULL,NULL,NULL,NULL,NULL,NULL,'2018-02-18 12:42:55',0,0,4,NULL,5,NULL),(63,2,NULL,NULL,'ha creado un nuevo estado: \"Ejecutada y terminada\"',NULL,'crear',NULL,NULL,NULL,NULL,NULL,NULL,NULL,'2018-02-18 12:42:59',0,0,4,NULL,1,NULL),(64,2,NULL,NULL,'ha creado un nuevo estado: \"Ejecutada y terminada\"',NULL,'crear',NULL,NULL,NULL,NULL,NULL,NULL,NULL,'2018-02-18 12:42:59',0,0,4,NULL,3,NULL),(65,2,NULL,NULL,'ha creado un nuevo estado: \"Ejecutada y terminada\"',NULL,'crear',NULL,NULL,NULL,NULL,NULL,NULL,NULL,'2018-02-18 12:42:59',0,0,4,NULL,4,NULL),(66,2,NULL,NULL,'ha creado un nuevo estado: \"Ejecutada y terminada\"',NULL,'crear',NULL,NULL,NULL,NULL,NULL,NULL,NULL,'2018-02-18 12:42:59',0,0,4,NULL,5,NULL),(67,2,NULL,NULL,'ha creado un nuevo estado: \"Limbo\"',NULL,'crear',NULL,NULL,NULL,NULL,NULL,NULL,NULL,'2018-02-18 12:43:02',0,0,4,NULL,1,NULL),(68,2,NULL,NULL,'ha creado un nuevo estado: \"Limbo\"',NULL,'crear',NULL,NULL,NULL,NULL,NULL,NULL,NULL,'2018-02-18 12:43:02',0,0,4,NULL,3,NULL),(69,2,NULL,NULL,'ha creado un nuevo estado: \"Limbo\"',NULL,'crear',NULL,NULL,NULL,NULL,NULL,NULL,NULL,'2018-02-18 12:43:02',0,0,4,NULL,4,NULL),(70,2,NULL,NULL,'ha creado un nuevo estado: \"Limbo\"',NULL,'crear',NULL,NULL,NULL,NULL,NULL,NULL,NULL,'2018-02-18 12:43:02',0,0,4,NULL,5,NULL),(71,2,NULL,NULL,'ha creado un nuevo estado: \"No aplicable\"',NULL,'crear',NULL,NULL,NULL,NULL,NULL,NULL,NULL,'2018-02-18 12:43:05',0,0,4,NULL,1,NULL),(72,2,NULL,NULL,'ha creado un nuevo estado: \"No aplicable\"',NULL,'crear',NULL,NULL,NULL,NULL,NULL,NULL,NULL,'2018-02-18 12:43:05',0,0,4,NULL,3,NULL),(73,2,NULL,NULL,'ha creado un nuevo estado: \"No aplicable\"',NULL,'crear',NULL,NULL,NULL,NULL,NULL,NULL,NULL,'2018-02-18 12:43:05',0,0,4,NULL,4,NULL),(74,2,NULL,NULL,'ha creado un nuevo estado: \"No aplicable\"',NULL,'crear',NULL,NULL,NULL,NULL,NULL,NULL,NULL,'2018-02-18 12:43:05',0,0,4,NULL,5,NULL),(75,2,NULL,NULL,'ha creado un nuevo estado: \"No aplicable\"',NULL,'crear',NULL,NULL,NULL,NULL,NULL,NULL,NULL,'2018-02-18 12:43:09',0,0,4,NULL,1,NULL),(76,2,NULL,NULL,'ha creado un nuevo estado: \"No aplicable\"',NULL,'crear',NULL,NULL,NULL,NULL,NULL,NULL,NULL,'2018-02-18 12:43:09',0,0,4,NULL,3,NULL),(77,2,NULL,NULL,'ha creado un nuevo estado: \"No aplicable\"',NULL,'crear',NULL,NULL,NULL,NULL,NULL,NULL,NULL,'2018-02-18 12:43:09',0,0,4,NULL,4,NULL),(78,2,NULL,NULL,'ha creado un nuevo estado: \"No aplicable\"',NULL,'crear',NULL,NULL,NULL,NULL,NULL,NULL,NULL,'2018-02-18 12:43:09',0,0,4,NULL,5,NULL),(79,2,NULL,NULL,'ha creado un nuevo estado: \"Solicitada con detalles por definir\"',NULL,'crear',NULL,NULL,NULL,NULL,NULL,NULL,NULL,'2018-02-18 12:43:13',0,0,4,NULL,1,NULL),(80,2,NULL,NULL,'ha creado un nuevo estado: \"Solicitada con detalles por definir\"',NULL,'crear',NULL,NULL,NULL,NULL,NULL,NULL,NULL,'2018-02-18 12:43:13',0,0,4,NULL,3,NULL),(81,2,NULL,NULL,'ha creado un nuevo estado: \"Solicitada con detalles por definir\"',NULL,'crear',NULL,NULL,NULL,NULL,NULL,NULL,NULL,'2018-02-18 12:43:13',0,0,4,NULL,4,NULL),(82,2,NULL,NULL,'ha creado un nuevo estado: \"Solicitada con detalles por definir\"',NULL,'crear',NULL,NULL,NULL,NULL,NULL,NULL,NULL,'2018-02-18 12:43:13',0,0,4,NULL,5,NULL),(83,5,NULL,NULL,'ha creado un nuevo departamento (Generalitat): \"Conselleria de Agricultura, Medio Ambiente, Cambio Climático y Desarrollo Rural\"',NULL,'crear',NULL,NULL,NULL,NULL,NULL,NULL,NULL,'2018-02-18 17:20:35',0,0,4,NULL,1,NULL),(84,5,NULL,NULL,'ha creado un nuevo departamento (Generalitat): \"Conselleria de Agricultura, Medio Ambiente, Cambio Climático y Desarrollo Rural\"',NULL,'crear',NULL,NULL,NULL,NULL,NULL,NULL,NULL,'2018-02-18 17:20:35',0,1,4,NULL,2,NULL),(85,5,NULL,NULL,'ha creado un nuevo departamento (Generalitat): \"Conselleria de Agricultura, Medio Ambiente, Cambio Climático y Desarrollo Rural\"',NULL,'crear',NULL,NULL,NULL,NULL,NULL,NULL,NULL,'2018-02-18 17:20:35',0,0,4,NULL,3,NULL),(86,5,NULL,NULL,'ha creado un nuevo departamento (Generalitat): \"Conselleria de Agricultura, Medio Ambiente, Cambio Climático y Desarrollo Rural\"',NULL,'crear',NULL,NULL,NULL,NULL,NULL,NULL,NULL,'2018-02-18 17:20:35',0,0,4,NULL,4,NULL),(87,5,NULL,NULL,'ha creado una nueva subvención: \"Ayudas para la aplicación de medidas de gestión forestal sostenible en el marco del Programa de Desarrollo Rural de la Comunitat Valenciana 2014-2020\"',NULL,'crear',NULL,NULL,NULL,NULL,NULL,NULL,NULL,'2018-02-18 17:25:58',0,0,4,NULL,1,NULL),(88,5,NULL,NULL,'ha creado una nueva subvención: \"Ayudas para la aplicación de medidas de gestión forestal sostenible en el marco del Programa de Desarrollo Rural de la Comunitat Valenciana 2014-2020\"',NULL,'crear',NULL,NULL,NULL,NULL,NULL,NULL,NULL,'2018-02-18 17:25:58',0,1,4,NULL,2,NULL),(89,5,NULL,NULL,'ha creado una nueva subvención: \"Ayudas para la aplicación de medidas de gestión forestal sostenible en el marco del Programa de Desarrollo Rural de la Comunitat Valenciana 2014-2020\"',NULL,'crear',NULL,NULL,NULL,NULL,NULL,NULL,NULL,'2018-02-18 17:25:58',0,0,4,NULL,3,NULL),(90,5,NULL,NULL,'ha creado una nueva subvención: \"Ayudas para la aplicación de medidas de gestión forestal sostenible en el marco del Programa de Desarrollo Rural de la Comunitat Valenciana 2014-2020\"',NULL,'crear',NULL,NULL,NULL,NULL,NULL,NULL,NULL,'2018-02-18 17:25:58',0,0,4,NULL,4,NULL),(91,5,NULL,NULL,'ha editado una subvención: \"Equipamiento de Instalaciones Culturales de titularidad municipal\"',NULL,'edit',NULL,NULL,NULL,NULL,NULL,NULL,NULL,'2018-02-18 18:31:38',0,0,4,NULL,1,NULL),(92,5,NULL,NULL,'ha editado una subvención: \"Equipamiento de Instalaciones Culturales de titularidad municipal\"',NULL,'edit',NULL,NULL,NULL,NULL,NULL,NULL,NULL,'2018-02-18 18:31:38',0,1,4,NULL,2,NULL),(93,5,NULL,NULL,'ha editado una subvención: \"Equipamiento de Instalaciones Culturales de titularidad municipal\"',NULL,'edit',NULL,NULL,NULL,NULL,NULL,NULL,NULL,'2018-02-18 18:31:38',0,0,4,NULL,3,NULL),(94,5,NULL,NULL,'ha editado una subvención: \"Equipamiento de Instalaciones Culturales de titularidad municipal\"',NULL,'edit',NULL,NULL,NULL,NULL,NULL,NULL,NULL,'2018-02-18 18:31:38',0,0,4,NULL,4,NULL),(95,5,NULL,NULL,'ha creado una nueva subvención: \"Ayudas destinadas para la redacción de nuevos Planes Locales de Prevención de Incendios Forestales (PLPIF) o para la revisión de los ya aprobados\"',NULL,'crear',NULL,NULL,NULL,NULL,NULL,NULL,NULL,'2018-02-20 07:32:39',0,0,4,NULL,1,NULL),(96,5,NULL,NULL,'ha creado una nueva subvención: \"Ayudas destinadas para la redacción de nuevos Planes Locales de Prevención de Incendios Forestales (PLPIF) o para la revisión de los ya aprobados\"',NULL,'crear',NULL,NULL,NULL,NULL,NULL,NULL,NULL,'2018-02-20 07:32:39',0,1,4,NULL,2,NULL),(97,5,NULL,NULL,'ha creado una nueva subvención: \"Ayudas destinadas para la redacción de nuevos Planes Locales de Prevención de Incendios Forestales (PLPIF) o para la revisión de los ya aprobados\"',NULL,'crear',NULL,NULL,NULL,NULL,NULL,NULL,NULL,'2018-02-20 07:32:39',0,0,4,NULL,3,NULL),(98,5,NULL,NULL,'ha creado una nueva subvención: \"Ayudas destinadas para la redacción de nuevos Planes Locales de Prevención de Incendios Forestales (PLPIF) o para la revisión de los ya aprobados\"',NULL,'crear',NULL,NULL,NULL,NULL,NULL,NULL,NULL,'2018-02-20 07:32:39',0,0,4,NULL,4,NULL),(99,5,NULL,NULL,'ha creado una nueva subvención: \"entidades sin fin de lucro, dentro del ámbito de los servicios sociales, para la realización de actividades de carácter formativo, terapéutico y/o rehabilitador\"',NULL,'crear',NULL,NULL,NULL,NULL,NULL,NULL,NULL,'2018-02-20 08:20:59',0,0,4,NULL,1,NULL),(100,5,NULL,NULL,'ha creado una nueva subvención: \"entidades sin fin de lucro, dentro del ámbito de los servicios sociales, para la realización de actividades de carácter formativo, terapéutico y/o rehabilitador\"',NULL,'crear',NULL,NULL,NULL,NULL,NULL,NULL,NULL,'2018-02-20 08:20:59',0,1,4,NULL,2,NULL),(101,5,NULL,NULL,'ha creado una nueva subvención: \"entidades sin fin de lucro, dentro del ámbito de los servicios sociales, para la realización de actividades de carácter formativo, terapéutico y/o rehabilitador\"',NULL,'crear',NULL,NULL,NULL,NULL,NULL,NULL,NULL,'2018-02-20 08:20:59',0,0,4,NULL,3,NULL),(102,5,NULL,NULL,'ha creado una nueva subvención: \"entidades sin fin de lucro, dentro del ámbito de los servicios sociales, para la realización de actividades de carácter formativo, terapéutico y/o rehabilitador\"',NULL,'crear',NULL,NULL,NULL,NULL,NULL,NULL,NULL,'2018-02-20 08:20:59',0,0,4,NULL,4,NULL),(103,5,NULL,NULL,'ha creado una nueva subvención: \"entidades sin ánimo de lucro en el ámbito del bienestar social para el desarrollo de actividades de promoción de la convivencia a través del ocio y el tiempo libre\"',NULL,'crear',NULL,NULL,NULL,NULL,NULL,NULL,NULL,'2018-02-20 08:52:35',0,0,4,NULL,1,NULL),(104,5,NULL,NULL,'ha creado una nueva subvención: \"entidades sin ánimo de lucro en el ámbito del bienestar social para el desarrollo de actividades de promoción de la convivencia a través del ocio y el tiempo libre\"',NULL,'crear',NULL,NULL,NULL,NULL,NULL,NULL,NULL,'2018-02-20 08:52:35',0,1,4,NULL,2,NULL),(105,5,NULL,NULL,'ha creado una nueva subvención: \"entidades sin ánimo de lucro en el ámbito del bienestar social para el desarrollo de actividades de promoción de la convivencia a través del ocio y el tiempo libre\"',NULL,'crear',NULL,NULL,NULL,NULL,NULL,NULL,NULL,'2018-02-20 08:52:35',0,0,4,NULL,3,NULL),(106,5,NULL,NULL,'ha creado una nueva subvención: \"entidades sin ánimo de lucro en el ámbito del bienestar social para el desarrollo de actividades de promoción de la convivencia a través del ocio y el tiempo libre\"',NULL,'crear',NULL,NULL,NULL,NULL,NULL,NULL,NULL,'2018-02-20 08:52:35',0,0,4,NULL,4,NULL),(107,5,NULL,NULL,'ha creado una nueva subvención: \"Ayudas no dinerarias para reparaciones y conservación de caminos de titularidad no provincial a ejecutar por la Diputación\"',NULL,'crear',NULL,NULL,NULL,NULL,NULL,NULL,NULL,'2018-02-20 09:04:53',0,0,4,NULL,1,NULL),(108,5,NULL,NULL,'ha creado una nueva subvención: \"Ayudas no dinerarias para reparaciones y conservación de caminos de titularidad no provincial a ejecutar por la Diputación\"',NULL,'crear',NULL,NULL,NULL,NULL,NULL,NULL,NULL,'2018-02-20 09:04:53',0,1,4,NULL,2,NULL),(109,5,NULL,NULL,'ha creado una nueva subvención: \"Ayudas no dinerarias para reparaciones y conservación de caminos de titularidad no provincial a ejecutar por la Diputación\"',NULL,'crear',NULL,NULL,NULL,NULL,NULL,NULL,NULL,'2018-02-20 09:04:53',0,0,4,NULL,3,NULL),(110,5,NULL,NULL,'ha creado una nueva subvención: \"Ayudas no dinerarias para reparaciones y conservación de caminos de titularidad no provincial a ejecutar por la Diputación\"',NULL,'crear',NULL,NULL,NULL,NULL,NULL,NULL,NULL,'2018-02-20 09:04:53',0,0,4,NULL,4,NULL),(111,5,NULL,NULL,'ha editado una subvención: \"Ayudas no dinerarias para reparaciones y conservación de caminos de titularidad no provincial a ejecutar por la Diputación\"',NULL,'edit',NULL,NULL,NULL,NULL,NULL,NULL,NULL,'2018-02-20 09:06:00',0,0,4,NULL,1,NULL),(112,5,NULL,NULL,'ha editado una subvención: \"Ayudas no dinerarias para reparaciones y conservación de caminos de titularidad no provincial a ejecutar por la Diputación\"',NULL,'edit',NULL,NULL,NULL,NULL,NULL,NULL,NULL,'2018-02-20 09:06:00',0,1,4,NULL,2,NULL),(113,5,NULL,NULL,'ha editado una subvención: \"Ayudas no dinerarias para reparaciones y conservación de caminos de titularidad no provincial a ejecutar por la Diputación\"',NULL,'edit',NULL,NULL,NULL,NULL,NULL,NULL,NULL,'2018-02-20 09:06:00',0,0,4,NULL,3,NULL),(114,5,NULL,NULL,'ha editado una subvención: \"Ayudas no dinerarias para reparaciones y conservación de caminos de titularidad no provincial a ejecutar por la Diputación\"',NULL,'edit',NULL,NULL,NULL,NULL,NULL,NULL,NULL,'2018-02-20 09:06:00',0,0,4,NULL,4,NULL),(115,5,NULL,NULL,'subvención, Subvenciones destinadas a ayuntamientos y mancomunidades para la realización de actividades de promoción social dirigidas a colectivos vulnerables y para la adquisición de equipamiento destinado a centros y otros espacios municipales de uso social',NULL,'crear',NULL,NULL,NULL,NULL,NULL,NULL,NULL,'2018-02-20 17:09:00',0,0,4,NULL,1,NULL),(116,5,NULL,NULL,'subvención, Subvenciones destinadas a ayuntamientos y mancomunidades para la realización de actividades de promoción social dirigidas a colectivos vulnerables y para la adquisición de equipamiento destinado a centros y otros espacios municipales de uso social',NULL,'crear',NULL,NULL,NULL,NULL,NULL,NULL,NULL,'2018-02-20 17:09:00',0,1,4,NULL,2,NULL),(117,5,NULL,NULL,'subvención, Subvenciones destinadas a ayuntamientos y mancomunidades para la realización de actividades de promoción social dirigidas a colectivos vulnerables y para la adquisición de equipamiento destinado a centros y otros espacios municipales de uso social',NULL,'crear',NULL,NULL,NULL,NULL,NULL,NULL,NULL,'2018-02-20 17:09:00',0,0,4,NULL,3,NULL),(118,5,NULL,NULL,'subvención, Subvenciones destinadas a ayuntamientos y mancomunidades para la realización de actividades de promoción social dirigidas a colectivos vulnerables y para la adquisición de equipamiento destinado a centros y otros espacios municipales de uso social',NULL,'crear',NULL,NULL,NULL,NULL,NULL,NULL,NULL,'2018-02-20 17:09:00',0,0,4,NULL,4,NULL),(119,5,NULL,NULL,'subvención, Subvenciones destinadas a ayuntamientos y mancomunidades para la realización de actividades de promoción social dirigidas a colectivos vulnerables y para la adquisición de equipamiento destinado a centros y otros espacios municipales de uso social',NULL,'crear',NULL,NULL,NULL,NULL,NULL,NULL,NULL,'2018-02-20 17:09:00',0,0,4,NULL,5,NULL),(120,5,NULL,NULL,'subvención, Subvenciones para la realización y mejora de infraestructuras e instalaciones hidráulicas que incrementen la eficiencia del uso de agua en regadío',NULL,'crear',NULL,NULL,NULL,NULL,NULL,NULL,NULL,'2018-02-20 17:19:19',0,0,4,NULL,1,NULL),(121,5,NULL,NULL,'subvención, Subvenciones para la realización y mejora de infraestructuras e instalaciones hidráulicas que incrementen la eficiencia del uso de agua en regadío',NULL,'crear',NULL,NULL,NULL,NULL,NULL,NULL,NULL,'2018-02-20 17:19:19',0,1,4,NULL,2,NULL),(122,5,NULL,NULL,'subvención, Subvenciones para la realización y mejora de infraestructuras e instalaciones hidráulicas que incrementen la eficiencia del uso de agua en regadío',NULL,'crear',NULL,NULL,NULL,NULL,NULL,NULL,NULL,'2018-02-20 17:19:19',0,0,4,NULL,3,NULL),(123,5,NULL,NULL,'subvención, Subvenciones para la realización y mejora de infraestructuras e instalaciones hidráulicas que incrementen la eficiencia del uso de agua en regadío',NULL,'crear',NULL,NULL,NULL,NULL,NULL,NULL,NULL,'2018-02-20 17:19:19',0,0,4,NULL,4,NULL),(124,5,NULL,NULL,'subvención, Subvenciones para la realización y mejora de infraestructuras e instalaciones hidráulicas que incrementen la eficiencia del uso de agua en regadío',NULL,'crear',NULL,NULL,NULL,NULL,NULL,NULL,NULL,'2018-02-20 17:19:19',0,0,4,NULL,5,NULL),(125,5,NULL,NULL,'subvención, Subvenciones a Entidades Locales y Entidades de Riego para la redacción, por la Diputación de proyectos en materia de Ciclo Hidríco.',NULL,'crear',NULL,NULL,NULL,NULL,NULL,NULL,NULL,'2018-02-20 17:22:52',0,0,4,NULL,1,NULL),(126,5,NULL,NULL,'subvención, Subvenciones a Entidades Locales y Entidades de Riego para la redacción, por la Diputación de proyectos en materia de Ciclo Hidríco.',NULL,'crear',NULL,NULL,NULL,NULL,NULL,NULL,NULL,'2018-02-20 17:22:52',0,1,4,NULL,2,NULL),(127,5,NULL,NULL,'subvención, Subvenciones a Entidades Locales y Entidades de Riego para la redacción, por la Diputación de proyectos en materia de Ciclo Hidríco.',NULL,'crear',NULL,NULL,NULL,NULL,NULL,NULL,NULL,'2018-02-20 17:22:52',0,0,4,NULL,3,NULL),(128,5,NULL,NULL,'subvención, Subvenciones a Entidades Locales y Entidades de Riego para la redacción, por la Diputación de proyectos en materia de Ciclo Hidríco.',NULL,'crear',NULL,NULL,NULL,NULL,NULL,NULL,NULL,'2018-02-20 17:22:52',0,0,4,NULL,4,NULL),(129,5,NULL,NULL,'subvención, Subvenciones a Entidades Locales y Entidades de Riego para la redacción, por la Diputación de proyectos en materia de Ciclo Hidríco.',NULL,'crear',NULL,NULL,NULL,NULL,NULL,NULL,NULL,'2018-02-20 17:22:52',0,0,4,NULL,5,NULL),(135,5,NULL,NULL,'subvención, Subvenciones a favor Entidades Locales para coadyugar en la financiación de infraestructuras hidráulicas de abastecimiento y saneamiento.',NULL,'crear',NULL,NULL,NULL,NULL,NULL,NULL,NULL,'2018-02-20 17:29:12',0,0,4,NULL,1,NULL),(136,5,NULL,NULL,'subvención, Subvenciones a favor Entidades Locales para coadyugar en la financiación de infraestructuras hidráulicas de abastecimiento y saneamiento.',NULL,'crear',NULL,NULL,NULL,NULL,NULL,NULL,NULL,'2018-02-20 17:29:12',0,1,4,NULL,2,NULL),(137,5,NULL,NULL,'subvención, Subvenciones a favor Entidades Locales para coadyugar en la financiación de infraestructuras hidráulicas de abastecimiento y saneamiento.',NULL,'crear',NULL,NULL,NULL,NULL,NULL,NULL,NULL,'2018-02-20 17:29:12',0,0,4,NULL,3,NULL),(138,5,NULL,NULL,'subvención, Subvenciones a favor Entidades Locales para coadyugar en la financiación de infraestructuras hidráulicas de abastecimiento y saneamiento.',NULL,'crear',NULL,NULL,NULL,NULL,NULL,NULL,NULL,'2018-02-20 17:29:12',0,0,4,NULL,4,NULL),(139,5,NULL,NULL,'subvención, Subvenciones a favor Entidades Locales para coadyugar en la financiación de infraestructuras hidráulicas de abastecimiento y saneamiento.',NULL,'crear',NULL,NULL,NULL,NULL,NULL,NULL,NULL,'2018-02-20 17:29:12',0,0,4,NULL,5,NULL),(140,5,NULL,NULL,'subvención, Subvenciones para la realización y mejora de infraestructuras e instalaciones hidráulicas que incrementen la eficiencia del uso de agua en regadío',NULL,'edit',NULL,NULL,NULL,NULL,NULL,NULL,NULL,'2018-02-20 17:40:49',0,0,4,NULL,1,NULL),(141,5,NULL,NULL,'subvención, Subvenciones para la realización y mejora de infraestructuras e instalaciones hidráulicas que incrementen la eficiencia del uso de agua en regadío',NULL,'edit',NULL,NULL,NULL,NULL,NULL,NULL,NULL,'2018-02-20 17:40:49',0,1,4,NULL,2,NULL),(142,5,NULL,NULL,'subvención, Subvenciones para la realización y mejora de infraestructuras e instalaciones hidráulicas que incrementen la eficiencia del uso de agua en regadío',NULL,'edit',NULL,NULL,NULL,NULL,NULL,NULL,NULL,'2018-02-20 17:40:49',0,0,4,NULL,3,NULL),(143,5,NULL,NULL,'subvención, Subvenciones para la realización y mejora de infraestructuras e instalaciones hidráulicas que incrementen la eficiencia del uso de agua en regadío',NULL,'edit',NULL,NULL,NULL,NULL,NULL,NULL,NULL,'2018-02-20 17:40:49',0,0,4,NULL,4,NULL),(144,5,NULL,NULL,'subvención, Subvenciones para la realización y mejora de infraestructuras e instalaciones hidráulicas que incrementen la eficiencia del uso de agua en regadío',NULL,'edit',NULL,NULL,NULL,NULL,NULL,NULL,NULL,'2018-02-20 17:40:49',0,0,4,NULL,5,NULL),(145,5,NULL,NULL,'subvención, Ayudas para la realización y mejora de infraestructuras hidráulicas de abastecimiento y saneamiento a ejecutar por la Diputación.',NULL,'crear',NULL,NULL,NULL,NULL,NULL,NULL,NULL,'2018-02-20 17:46:26',0,0,4,NULL,1,NULL),(146,5,NULL,NULL,'subvención, Ayudas para la realización y mejora de infraestructuras hidráulicas de abastecimiento y saneamiento a ejecutar por la Diputación.',NULL,'crear',NULL,NULL,NULL,NULL,NULL,NULL,NULL,'2018-02-20 17:46:26',0,1,4,NULL,2,NULL),(147,5,NULL,NULL,'subvención, Ayudas para la realización y mejora de infraestructuras hidráulicas de abastecimiento y saneamiento a ejecutar por la Diputación.',NULL,'crear',NULL,NULL,NULL,NULL,NULL,NULL,NULL,'2018-02-20 17:46:26',0,0,4,NULL,3,NULL),(148,5,NULL,NULL,'subvención, Ayudas para la realización y mejora de infraestructuras hidráulicas de abastecimiento y saneamiento a ejecutar por la Diputación.',NULL,'crear',NULL,NULL,NULL,NULL,NULL,NULL,NULL,'2018-02-20 17:46:26',0,0,4,NULL,4,NULL),(149,5,NULL,NULL,'subvención, Ayudas para la realización y mejora de infraestructuras hidráulicas de abastecimiento y saneamiento a ejecutar por la Diputación.',NULL,'crear',NULL,NULL,NULL,NULL,NULL,NULL,NULL,'2018-02-20 17:46:26',0,0,4,NULL,5,NULL),(150,5,NULL,NULL,'departamento (Generalitat), \"Conselleria de Transparencia, Responsabilidad Social, Participación y Cooperación\"',NULL,'crear',NULL,NULL,NULL,NULL,NULL,NULL,NULL,'2018-02-21 07:24:44',0,0,4,NULL,1,NULL),(151,5,NULL,NULL,'departamento (Generalitat), \"Conselleria de Transparencia, Responsabilidad Social, Participación y Cooperación\"',NULL,'crear',NULL,NULL,NULL,NULL,NULL,NULL,NULL,'2018-02-21 07:24:44',0,1,4,NULL,2,NULL),(152,5,NULL,NULL,'departamento (Generalitat), \"Conselleria de Transparencia, Responsabilidad Social, Participación y Cooperación\"',NULL,'crear',NULL,NULL,NULL,NULL,NULL,NULL,NULL,'2018-02-21 07:24:44',0,0,4,NULL,3,NULL),(153,5,NULL,NULL,'departamento (Generalitat), \"Conselleria de Transparencia, Responsabilidad Social, Participación y Cooperación\"',NULL,'crear',NULL,NULL,NULL,NULL,NULL,NULL,NULL,'2018-02-21 07:24:44',0,0,4,NULL,4,NULL),(154,5,NULL,NULL,'departamento (Generalitat), \"Conselleria de Transparencia, Responsabilidad Social, Participación y Cooperación\"',NULL,'crear',NULL,NULL,NULL,NULL,NULL,NULL,NULL,'2018-02-21 07:24:44',0,0,4,NULL,5,NULL),(155,5,NULL,NULL,'subvención, Realización de actuaciones relacionadas con la formación y divulgación en materia de responsabilidad social',NULL,'crear',NULL,NULL,NULL,NULL,NULL,NULL,NULL,'2018-02-21 07:26:53',0,0,4,NULL,1,NULL),(156,5,NULL,NULL,'subvención, Realización de actuaciones relacionadas con la formación y divulgación en materia de responsabilidad social',NULL,'crear',NULL,NULL,NULL,NULL,NULL,NULL,NULL,'2018-02-21 07:26:53',0,1,4,NULL,2,NULL),(157,5,NULL,NULL,'subvención, Realización de actuaciones relacionadas con la formación y divulgación en materia de responsabilidad social',NULL,'crear',NULL,NULL,NULL,NULL,NULL,NULL,NULL,'2018-02-21 07:26:53',0,0,4,NULL,3,NULL),(158,5,NULL,NULL,'subvención, Realización de actuaciones relacionadas con la formación y divulgación en materia de responsabilidad social',NULL,'crear',NULL,NULL,NULL,NULL,NULL,NULL,NULL,'2018-02-21 07:26:53',0,0,4,NULL,4,NULL),(159,5,NULL,NULL,'subvención, Realización de actuaciones relacionadas con la formación y divulgación en materia de responsabilidad social',NULL,'crear',NULL,NULL,NULL,NULL,NULL,NULL,NULL,'2018-02-21 07:26:53',0,0,4,NULL,5,NULL),(160,5,NULL,NULL,'subvención, Subvenciones a favor Entidades Locales para coadyugar en la financiación de infraestructuras hidráulicas de abastecimiento y saneamiento.',NULL,'edit',NULL,NULL,NULL,NULL,NULL,NULL,NULL,'2018-02-21 07:53:04',0,0,4,NULL,1,NULL),(161,5,NULL,NULL,'subvención, Subvenciones a favor Entidades Locales para coadyugar en la financiación de infraestructuras hidráulicas de abastecimiento y saneamiento.',NULL,'edit',NULL,NULL,NULL,NULL,NULL,NULL,NULL,'2018-02-21 07:53:04',0,1,4,NULL,2,NULL),(162,5,NULL,NULL,'subvención, Subvenciones a favor Entidades Locales para coadyugar en la financiación de infraestructuras hidráulicas de abastecimiento y saneamiento.',NULL,'edit',NULL,NULL,NULL,NULL,NULL,NULL,NULL,'2018-02-21 07:53:04',0,0,4,NULL,3,NULL),(163,5,NULL,NULL,'subvención, Subvenciones a favor Entidades Locales para coadyugar en la financiación de infraestructuras hidráulicas de abastecimiento y saneamiento.',NULL,'edit',NULL,NULL,NULL,NULL,NULL,NULL,NULL,'2018-02-21 07:53:04',0,0,4,NULL,4,NULL),(164,5,NULL,NULL,'subvención, Subvenciones a favor Entidades Locales para coadyugar en la financiación de infraestructuras hidráulicas de abastecimiento y saneamiento.',NULL,'edit',NULL,NULL,NULL,NULL,NULL,NULL,NULL,'2018-02-21 07:53:04',0,0,4,NULL,5,NULL),(165,5,NULL,NULL,'subvención, Reparación de infraestructuras hidráulicas a ejecutar por los municipios',NULL,'crear',NULL,NULL,NULL,NULL,NULL,NULL,NULL,'2018-02-21 07:59:34',0,0,4,NULL,1,NULL),(166,5,NULL,NULL,'subvención, Reparación de infraestructuras hidráulicas a ejecutar por los municipios',NULL,'crear',NULL,NULL,NULL,NULL,NULL,NULL,NULL,'2018-02-21 07:59:34',0,1,4,NULL,2,NULL),(167,5,NULL,NULL,'subvención, Reparación de infraestructuras hidráulicas a ejecutar por los municipios',NULL,'crear',NULL,NULL,NULL,NULL,NULL,NULL,NULL,'2018-02-21 07:59:34',0,0,4,NULL,3,NULL),(168,5,NULL,NULL,'subvención, Reparación de infraestructuras hidráulicas a ejecutar por los municipios',NULL,'crear',NULL,NULL,NULL,NULL,NULL,NULL,NULL,'2018-02-21 07:59:34',0,0,4,NULL,4,NULL),(169,5,NULL,NULL,'subvención, Reparación de infraestructuras hidráulicas a ejecutar por los municipios',NULL,'crear',NULL,NULL,NULL,NULL,NULL,NULL,NULL,'2018-02-21 07:59:34',0,0,4,NULL,5,NULL),(170,5,NULL,NULL,'subvención, Subvenciones a Instituciones sin fin de lucro en el ámbito del Bienestar Social para la adquisición de equipamiento',NULL,'crear',NULL,NULL,NULL,NULL,NULL,NULL,NULL,'2018-02-21 08:08:12',0,0,4,NULL,1,NULL),(171,5,NULL,NULL,'subvención, Subvenciones a Instituciones sin fin de lucro en el ámbito del Bienestar Social para la adquisición de equipamiento',NULL,'crear',NULL,NULL,NULL,NULL,NULL,NULL,NULL,'2018-02-21 08:08:12',0,1,4,NULL,2,NULL),(172,5,NULL,NULL,'subvención, Subvenciones a Instituciones sin fin de lucro en el ámbito del Bienestar Social para la adquisición de equipamiento',NULL,'crear',NULL,NULL,NULL,NULL,NULL,NULL,NULL,'2018-02-21 08:08:12',0,0,4,NULL,3,NULL),(173,5,NULL,NULL,'subvención, Subvenciones a Instituciones sin fin de lucro en el ámbito del Bienestar Social para la adquisición de equipamiento',NULL,'crear',NULL,NULL,NULL,NULL,NULL,NULL,NULL,'2018-02-21 08:08:12',0,0,4,NULL,4,NULL),(174,5,NULL,NULL,'subvención, Subvenciones a Instituciones sin fin de lucro en el ámbito del Bienestar Social para la adquisición de equipamiento',NULL,'crear',NULL,NULL,NULL,NULL,NULL,NULL,NULL,'2018-02-21 08:08:12',0,0,4,NULL,5,NULL),(175,5,NULL,NULL,'subvención, Reparación de infraestructuras hidráulicas a ejecutar por los municipios',NULL,'edit',NULL,NULL,NULL,NULL,NULL,NULL,NULL,'2018-02-21 08:14:26',0,0,4,NULL,1,NULL),(176,5,NULL,NULL,'subvención, Reparación de infraestructuras hidráulicas a ejecutar por los municipios',NULL,'edit',NULL,NULL,NULL,NULL,NULL,NULL,NULL,'2018-02-21 08:14:26',0,1,4,NULL,2,NULL),(177,5,NULL,NULL,'subvención, Reparación de infraestructuras hidráulicas a ejecutar por los municipios',NULL,'edit',NULL,NULL,NULL,NULL,NULL,NULL,NULL,'2018-02-21 08:14:26',0,0,4,NULL,3,NULL),(178,5,NULL,NULL,'subvención, Reparación de infraestructuras hidráulicas a ejecutar por los municipios',NULL,'edit',NULL,NULL,NULL,NULL,NULL,NULL,NULL,'2018-02-21 08:14:26',0,0,4,NULL,4,NULL),(179,5,NULL,NULL,'subvención, Reparación de infraestructuras hidráulicas a ejecutar por los municipios',NULL,'edit',NULL,NULL,NULL,NULL,NULL,NULL,NULL,'2018-02-21 08:14:26',0,0,4,NULL,5,NULL),(180,5,NULL,NULL,'subvención, Subvenciones a Instituciones sin fin de lucro en el ámbito del Bienestar Social para la adquisición de equipamiento',NULL,'crear',NULL,NULL,NULL,NULL,NULL,NULL,NULL,'2018-02-21 08:22:53',0,0,4,NULL,1,NULL),(181,5,NULL,NULL,'subvención, Subvenciones a Instituciones sin fin de lucro en el ámbito del Bienestar Social para la adquisición de equipamiento',NULL,'crear',NULL,NULL,NULL,NULL,NULL,NULL,NULL,'2018-02-21 08:22:53',0,1,4,NULL,2,NULL),(182,5,NULL,NULL,'subvención, Subvenciones a Instituciones sin fin de lucro en el ámbito del Bienestar Social para la adquisición de equipamiento',NULL,'crear',NULL,NULL,NULL,NULL,NULL,NULL,NULL,'2018-02-21 08:22:53',0,0,4,NULL,3,NULL),(183,5,NULL,NULL,'subvención, Subvenciones a Instituciones sin fin de lucro en el ámbito del Bienestar Social para la adquisición de equipamiento',NULL,'crear',NULL,NULL,NULL,NULL,NULL,NULL,NULL,'2018-02-21 08:22:53',0,0,4,NULL,4,NULL),(184,5,NULL,NULL,'subvención, Subvenciones a Instituciones sin fin de lucro en el ámbito del Bienestar Social para la adquisición de equipamiento',NULL,'crear',NULL,NULL,NULL,NULL,NULL,NULL,NULL,'2018-02-21 08:22:53',0,0,4,NULL,5,NULL),(185,3,NULL,NULL,'subvención, Ayudas para la realización y mejora de infraestructuras hidráulicas de abastecimiento y saneamiento a ejecutar por la Diputación.',NULL,'edit',NULL,NULL,NULL,NULL,NULL,NULL,NULL,'2018-02-21 11:02:33',0,0,4,NULL,1,NULL),(186,3,NULL,NULL,'subvención, Ayudas para la realización y mejora de infraestructuras hidráulicas de abastecimiento y saneamiento a ejecutar por la Diputación.',NULL,'edit',NULL,NULL,NULL,NULL,NULL,NULL,NULL,'2018-02-21 11:02:33',0,1,4,NULL,2,NULL),(187,3,NULL,NULL,'subvención, Ayudas para la realización y mejora de infraestructuras hidráulicas de abastecimiento y saneamiento a ejecutar por la Diputación.',NULL,'edit',NULL,NULL,NULL,NULL,NULL,NULL,NULL,'2018-02-21 11:02:33',0,0,4,NULL,3,NULL),(188,3,NULL,NULL,'subvención, Ayudas para la realización y mejora de infraestructuras hidráulicas de abastecimiento y saneamiento a ejecutar por la Diputación.',NULL,'edit',NULL,NULL,NULL,NULL,NULL,NULL,NULL,'2018-02-21 11:02:33',0,0,4,NULL,4,NULL),(189,3,NULL,NULL,'subvención, Ayudas para la realización y mejora de infraestructuras hidráulicas de abastecimiento y saneamiento a ejecutar por la Diputación.',NULL,'edit',NULL,NULL,NULL,NULL,NULL,NULL,NULL,'2018-02-21 11:02:33',0,0,4,NULL,5,NULL),(190,3,NULL,NULL,'subvención, Subvenciones a favor Entidades Locales para coadyugar en la financiación de infraestructuras hidráulicas de abastecimiento y saneamiento. IACH 2018',NULL,'edit',NULL,NULL,NULL,NULL,NULL,NULL,NULL,'2018-02-21 11:43:14',0,0,4,NULL,1,NULL),(191,3,NULL,NULL,'subvención, Subvenciones a favor Entidades Locales para coadyugar en la financiación de infraestructuras hidráulicas de abastecimiento y saneamiento. IACH 2018',NULL,'edit',NULL,NULL,NULL,NULL,NULL,NULL,NULL,'2018-02-21 11:43:14',0,1,4,NULL,2,NULL),(192,3,NULL,NULL,'subvención, Subvenciones a favor Entidades Locales para coadyugar en la financiación de infraestructuras hidráulicas de abastecimiento y saneamiento. IACH 2018',NULL,'edit',NULL,NULL,NULL,NULL,NULL,NULL,NULL,'2018-02-21 11:43:14',0,0,4,NULL,3,NULL),(193,3,NULL,NULL,'subvención, Subvenciones a favor Entidades Locales para coadyugar en la financiación de infraestructuras hidráulicas de abastecimiento y saneamiento. IACH 2018',NULL,'edit',NULL,NULL,NULL,NULL,NULL,NULL,NULL,'2018-02-21 11:43:14',0,0,4,NULL,4,NULL),(194,3,NULL,NULL,'subvención, Subvenciones a favor Entidades Locales para coadyugar en la financiación de infraestructuras hidráulicas de abastecimiento y saneamiento. IACH 2018',NULL,'edit',NULL,NULL,NULL,NULL,NULL,NULL,NULL,'2018-02-21 11:43:14',0,0,4,NULL,5,NULL),(195,3,NULL,NULL,'subvención, Ayudas para la realización y mejora de infraestructuras hidráulicas de abastecimiento y saneamiento a ejecutar por la Diputación. IDCH 2018',NULL,'edit',NULL,NULL,NULL,NULL,NULL,NULL,NULL,'2018-02-21 11:45:01',0,0,4,NULL,1,NULL),(196,3,NULL,NULL,'subvención, Ayudas para la realización y mejora de infraestructuras hidráulicas de abastecimiento y saneamiento a ejecutar por la Diputación. IDCH 2018',NULL,'edit',NULL,NULL,NULL,NULL,NULL,NULL,NULL,'2018-02-21 11:45:01',0,1,4,NULL,2,NULL),(197,3,NULL,NULL,'subvención, Ayudas para la realización y mejora de infraestructuras hidráulicas de abastecimiento y saneamiento a ejecutar por la Diputación. IDCH 2018',NULL,'edit',NULL,NULL,NULL,NULL,NULL,NULL,NULL,'2018-02-21 11:45:01',0,0,4,NULL,3,NULL),(198,3,NULL,NULL,'subvención, Ayudas para la realización y mejora de infraestructuras hidráulicas de abastecimiento y saneamiento a ejecutar por la Diputación. IDCH 2018',NULL,'edit',NULL,NULL,NULL,NULL,NULL,NULL,NULL,'2018-02-21 11:45:01',0,0,4,NULL,4,NULL),(199,3,NULL,NULL,'subvención, Ayudas para la realización y mejora de infraestructuras hidráulicas de abastecimiento y saneamiento a ejecutar por la Diputación. IDCH 2018',NULL,'edit',NULL,NULL,NULL,NULL,NULL,NULL,NULL,'2018-02-21 11:45:01',0,0,4,NULL,5,NULL),(200,3,NULL,NULL,'subvención, Reparación de infraestructuras hidráulicas a ejecutar por los municipios. RACH 2018',NULL,'edit',NULL,NULL,NULL,NULL,NULL,NULL,NULL,'2018-02-21 11:48:31',0,0,4,NULL,1,NULL),(201,3,NULL,NULL,'subvención, Reparación de infraestructuras hidráulicas a ejecutar por los municipios. RACH 2018',NULL,'edit',NULL,NULL,NULL,NULL,NULL,NULL,NULL,'2018-02-21 11:48:31',0,1,4,NULL,2,NULL),(202,3,NULL,NULL,'subvención, Reparación de infraestructuras hidráulicas a ejecutar por los municipios. RACH 2018',NULL,'edit',NULL,NULL,NULL,NULL,NULL,NULL,NULL,'2018-02-21 11:48:31',0,0,4,NULL,3,NULL),(203,3,NULL,NULL,'subvención, Reparación de infraestructuras hidráulicas a ejecutar por los municipios. RACH 2018',NULL,'edit',NULL,NULL,NULL,NULL,NULL,NULL,NULL,'2018-02-21 11:48:31',0,0,4,NULL,4,NULL),(204,3,NULL,NULL,'subvención, Reparación de infraestructuras hidráulicas a ejecutar por los municipios. RACH 2018',NULL,'edit',NULL,NULL,NULL,NULL,NULL,NULL,NULL,'2018-02-21 11:48:31',0,0,4,NULL,5,NULL),(205,3,NULL,NULL,'subvención, Subvenciones para la realización y mejora de infraestructuras e instalaciones hidráulicas que incrementen la eficiencia del uso de agua en regadío',NULL,'edit',NULL,NULL,NULL,NULL,NULL,NULL,NULL,'2018-02-21 11:49:21',0,0,4,NULL,1,NULL),(206,3,NULL,NULL,'subvención, Subvenciones para la realización y mejora de infraestructuras e instalaciones hidráulicas que incrementen la eficiencia del uso de agua en regadío',NULL,'edit',NULL,NULL,NULL,NULL,NULL,NULL,NULL,'2018-02-21 11:49:21',0,1,4,NULL,2,NULL),(207,3,NULL,NULL,'subvención, Subvenciones para la realización y mejora de infraestructuras e instalaciones hidráulicas que incrementen la eficiencia del uso de agua en regadío',NULL,'edit',NULL,NULL,NULL,NULL,NULL,NULL,NULL,'2018-02-21 11:49:21',0,0,4,NULL,3,NULL),(208,3,NULL,NULL,'subvención, Subvenciones para la realización y mejora de infraestructuras e instalaciones hidráulicas que incrementen la eficiencia del uso de agua en regadío',NULL,'edit',NULL,NULL,NULL,NULL,NULL,NULL,NULL,'2018-02-21 11:49:21',0,0,4,NULL,4,NULL),(209,3,NULL,NULL,'subvención, Subvenciones para la realización y mejora de infraestructuras e instalaciones hidráulicas que incrementen la eficiencia del uso de agua en regadío',NULL,'edit',NULL,NULL,NULL,NULL,NULL,NULL,NULL,'2018-02-21 11:49:21',0,0,4,NULL,5,NULL),(210,3,NULL,NULL,'subvención, Ayudas no dinerarias para reparaciones y conservación de caminos de titularidad no provincial a ejecutar por la Diputación',NULL,'edit',NULL,NULL,NULL,NULL,NULL,NULL,NULL,'2018-02-21 11:51:14',0,0,4,NULL,1,NULL),(211,3,NULL,NULL,'subvención, Ayudas no dinerarias para reparaciones y conservación de caminos de titularidad no provincial a ejecutar por la Diputación',NULL,'edit',NULL,NULL,NULL,NULL,NULL,NULL,NULL,'2018-02-21 11:51:14',0,1,4,NULL,2,NULL),(212,3,NULL,NULL,'subvención, Ayudas no dinerarias para reparaciones y conservación de caminos de titularidad no provincial a ejecutar por la Diputación',NULL,'edit',NULL,NULL,NULL,NULL,NULL,NULL,NULL,'2018-02-21 11:51:14',0,0,4,NULL,3,NULL),(213,3,NULL,NULL,'subvención, Ayudas no dinerarias para reparaciones y conservación de caminos de titularidad no provincial a ejecutar por la Diputación',NULL,'edit',NULL,NULL,NULL,NULL,NULL,NULL,NULL,'2018-02-21 11:51:14',0,0,4,NULL,4,NULL),(214,3,NULL,NULL,'subvención, Ayudas no dinerarias para reparaciones y conservación de caminos de titularidad no provincial a ejecutar por la Diputación',NULL,'edit',NULL,NULL,NULL,NULL,NULL,NULL,NULL,'2018-02-21 11:51:14',0,0,4,NULL,5,NULL),(215,3,NULL,NULL,'subvención, Actividades culturales de especial relieve',NULL,'edit',NULL,NULL,NULL,NULL,NULL,NULL,NULL,'2018-02-21 12:57:19',0,0,4,NULL,1,NULL),(216,3,NULL,NULL,'subvención, Actividades culturales de especial relieve',NULL,'edit',NULL,NULL,NULL,NULL,NULL,NULL,NULL,'2018-02-21 12:57:19',0,1,4,NULL,2,NULL),(217,3,NULL,NULL,'subvención, Actividades culturales de especial relieve',NULL,'edit',NULL,NULL,NULL,NULL,NULL,NULL,NULL,'2018-02-21 12:57:19',0,0,4,NULL,3,NULL),(218,3,NULL,NULL,'subvención, Actividades culturales de especial relieve',NULL,'edit',NULL,NULL,NULL,NULL,NULL,NULL,NULL,'2018-02-21 12:57:19',0,0,4,NULL,4,NULL),(219,3,NULL,NULL,'subvención, Actividades culturales de especial relieve',NULL,'edit',NULL,NULL,NULL,NULL,NULL,NULL,NULL,'2018-02-21 12:57:19',0,0,4,NULL,5,NULL),(220,3,NULL,NULL,'subvención, Actividades culturales, musicales y escénicas 2018',NULL,'edit',NULL,NULL,NULL,NULL,NULL,NULL,NULL,'2018-02-21 13:02:15',0,0,4,NULL,1,NULL),(221,3,NULL,NULL,'subvención, Actividades culturales, musicales y escénicas 2018',NULL,'edit',NULL,NULL,NULL,NULL,NULL,NULL,NULL,'2018-02-21 13:02:15',0,1,4,NULL,2,NULL),(222,3,NULL,NULL,'subvención, Actividades culturales, musicales y escénicas 2018',NULL,'edit',NULL,NULL,NULL,NULL,NULL,NULL,NULL,'2018-02-21 13:02:15',0,0,4,NULL,3,NULL),(223,3,NULL,NULL,'subvención, Actividades culturales, musicales y escénicas 2018',NULL,'edit',NULL,NULL,NULL,NULL,NULL,NULL,NULL,'2018-02-21 13:02:15',0,0,4,NULL,4,NULL),(224,3,NULL,NULL,'subvención, Actividades culturales, musicales y escénicas 2018',NULL,'edit',NULL,NULL,NULL,NULL,NULL,NULL,NULL,'2018-02-21 13:02:15',0,0,4,NULL,5,NULL),(225,3,NULL,NULL,'subvención, Actividades culturales de especial relieve',NULL,'edit',NULL,NULL,NULL,NULL,NULL,NULL,NULL,'2018-02-21 13:02:50',0,0,4,NULL,1,NULL),(226,3,NULL,NULL,'subvención, Actividades culturales de especial relieve',NULL,'edit',NULL,NULL,NULL,NULL,NULL,NULL,NULL,'2018-02-21 13:02:50',0,1,4,NULL,2,NULL),(227,3,NULL,NULL,'subvención, Actividades culturales de especial relieve',NULL,'edit',NULL,NULL,NULL,NULL,NULL,NULL,NULL,'2018-02-21 13:02:50',0,0,4,NULL,3,NULL),(228,3,NULL,NULL,'subvención, Actividades culturales de especial relieve',NULL,'edit',NULL,NULL,NULL,NULL,NULL,NULL,NULL,'2018-02-21 13:02:50',0,0,4,NULL,4,NULL),(229,3,NULL,NULL,'subvención, Actividades culturales de especial relieve',NULL,'edit',NULL,NULL,NULL,NULL,NULL,NULL,NULL,'2018-02-21 13:02:50',0,0,4,NULL,5,NULL),(230,5,NULL,NULL,'subvención, Solicitud de subvenciones para sostenimiento de gastos corrientes de las mancomunidades de municipios de la Comunitat Valenciana.',NULL,'crear',NULL,NULL,NULL,NULL,NULL,NULL,NULL,'2018-02-22 10:45:15',0,0,4,NULL,1,NULL),(231,5,NULL,NULL,'subvención, Solicitud de subvenciones para sostenimiento de gastos corrientes de las mancomunidades de municipios de la Comunitat Valenciana.',NULL,'crear',NULL,NULL,NULL,NULL,NULL,NULL,NULL,'2018-02-22 10:45:15',0,1,4,NULL,2,NULL),(232,5,NULL,NULL,'subvención, Solicitud de subvenciones para sostenimiento de gastos corrientes de las mancomunidades de municipios de la Comunitat Valenciana.',NULL,'crear',NULL,NULL,NULL,NULL,NULL,NULL,NULL,'2018-02-22 10:45:15',0,0,4,NULL,3,NULL),(233,5,NULL,NULL,'subvención, Solicitud de subvenciones para sostenimiento de gastos corrientes de las mancomunidades de municipios de la Comunitat Valenciana.',NULL,'crear',NULL,NULL,NULL,NULL,NULL,NULL,NULL,'2018-02-22 10:45:15',0,0,4,NULL,4,NULL),(234,5,NULL,NULL,'subvención, Solicitud de subvenciones para sostenimiento de gastos corrientes de las mancomunidades de municipios de la Comunitat Valenciana.',NULL,'crear',NULL,NULL,NULL,NULL,NULL,NULL,NULL,'2018-02-22 10:45:15',0,0,4,NULL,5,NULL),(235,5,NULL,NULL,'departamento (Generalitat), \"Dirección General de Administración Local, de la Presidencia de la Generalitat\"',NULL,'crear',NULL,NULL,NULL,NULL,NULL,NULL,NULL,'2018-02-22 10:49:30',0,0,4,NULL,1,NULL),(236,5,NULL,NULL,'departamento (Generalitat), \"Dirección General de Administración Local, de la Presidencia de la Generalitat\"',NULL,'crear',NULL,NULL,NULL,NULL,NULL,NULL,NULL,'2018-02-22 10:49:30',0,1,4,NULL,2,NULL),(237,5,NULL,NULL,'departamento (Generalitat), \"Dirección General de Administración Local, de la Presidencia de la Generalitat\"',NULL,'crear',NULL,NULL,NULL,NULL,NULL,NULL,NULL,'2018-02-22 10:49:30',0,0,4,NULL,3,NULL),(238,5,NULL,NULL,'departamento (Generalitat), \"Dirección General de Administración Local, de la Presidencia de la Generalitat\"',NULL,'crear',NULL,NULL,NULL,NULL,NULL,NULL,NULL,'2018-02-22 10:49:30',0,0,4,NULL,4,NULL),(239,5,NULL,NULL,'departamento (Generalitat), \"Dirección General de Administración Local, de la Presidencia de la Generalitat\"',NULL,'crear',NULL,NULL,NULL,NULL,NULL,NULL,NULL,'2018-02-22 10:49:30',0,0,4,NULL,5,NULL),(240,5,NULL,NULL,'subvención, Solicitud de subvenciones para sostenimiento de gastos corrientes de las mancomunidades de municipios de la Comunitat Valenciana.',NULL,'edit',NULL,NULL,NULL,NULL,NULL,NULL,NULL,'2018-02-22 10:50:34',0,0,4,NULL,1,NULL),(241,5,NULL,NULL,'subvención, Solicitud de subvenciones para sostenimiento de gastos corrientes de las mancomunidades de municipios de la Comunitat Valenciana.',NULL,'edit',NULL,NULL,NULL,NULL,NULL,NULL,NULL,'2018-02-22 10:50:34',0,1,4,NULL,2,NULL),(242,5,NULL,NULL,'subvención, Solicitud de subvenciones para sostenimiento de gastos corrientes de las mancomunidades de municipios de la Comunitat Valenciana.',NULL,'edit',NULL,NULL,NULL,NULL,NULL,NULL,NULL,'2018-02-22 10:50:34',0,0,4,NULL,3,NULL),(243,5,NULL,NULL,'subvención, Solicitud de subvenciones para sostenimiento de gastos corrientes de las mancomunidades de municipios de la Comunitat Valenciana.',NULL,'edit',NULL,NULL,NULL,NULL,NULL,NULL,NULL,'2018-02-22 10:50:34',0,0,4,NULL,4,NULL),(244,5,NULL,NULL,'subvención, Solicitud de subvenciones para sostenimiento de gastos corrientes de las mancomunidades de municipios de la Comunitat Valenciana.',NULL,'edit',NULL,NULL,NULL,NULL,NULL,NULL,NULL,'2018-02-22 10:50:34',0,0,4,NULL,5,NULL),(245,5,NULL,NULL,'subvención, Equipamiento de Instalaciones Culturales de titularidad municipal',NULL,'edit',NULL,NULL,NULL,NULL,NULL,NULL,NULL,'2018-02-22 19:08:54',0,0,4,NULL,1,NULL),(246,5,NULL,NULL,'subvención, Equipamiento de Instalaciones Culturales de titularidad municipal',NULL,'edit',NULL,NULL,NULL,NULL,NULL,NULL,NULL,'2018-02-22 19:08:54',0,1,4,NULL,2,NULL),(247,5,NULL,NULL,'subvención, Equipamiento de Instalaciones Culturales de titularidad municipal',NULL,'edit',NULL,NULL,NULL,NULL,NULL,NULL,NULL,'2018-02-22 19:08:54',0,0,4,NULL,3,NULL),(248,5,NULL,NULL,'subvención, Equipamiento de Instalaciones Culturales de titularidad municipal',NULL,'edit',NULL,NULL,NULL,NULL,NULL,NULL,NULL,'2018-02-22 19:08:54',0,0,4,NULL,4,NULL),(249,5,NULL,NULL,'subvención, Equipamiento de Instalaciones Culturales de titularidad municipal',NULL,'edit',NULL,NULL,NULL,NULL,NULL,NULL,NULL,'2018-02-22 19:08:54',0,0,4,NULL,5,NULL),(250,5,NULL,NULL,'subvención, Equipamiento de Instalaciones Culturales de titularidad municipal',NULL,'edit',NULL,NULL,NULL,NULL,NULL,NULL,NULL,'2018-02-22 19:10:47',0,0,4,NULL,1,NULL),(251,5,NULL,NULL,'subvención, Equipamiento de Instalaciones Culturales de titularidad municipal',NULL,'edit',NULL,NULL,NULL,NULL,NULL,NULL,NULL,'2018-02-22 19:10:47',0,1,4,NULL,2,NULL),(252,5,NULL,NULL,'subvención, Equipamiento de Instalaciones Culturales de titularidad municipal',NULL,'edit',NULL,NULL,NULL,NULL,NULL,NULL,NULL,'2018-02-22 19:10:47',0,0,4,NULL,3,NULL),(253,5,NULL,NULL,'subvención, Equipamiento de Instalaciones Culturales de titularidad municipal',NULL,'edit',NULL,NULL,NULL,NULL,NULL,NULL,NULL,'2018-02-22 19:10:47',0,0,4,NULL,4,NULL),(254,5,NULL,NULL,'subvención, Equipamiento de Instalaciones Culturales de titularidad municipal',NULL,'edit',NULL,NULL,NULL,NULL,NULL,NULL,NULL,'2018-02-22 19:10:47',0,0,4,NULL,5,NULL),(255,5,NULL,NULL,'departamento (Diputación), \"Deportes\"',NULL,'crear',NULL,NULL,NULL,NULL,NULL,NULL,NULL,'2018-02-22 19:19:50',0,0,4,NULL,1,NULL),(256,5,NULL,NULL,'departamento (Diputación), \"Deportes\"',NULL,'crear',NULL,NULL,NULL,NULL,NULL,NULL,NULL,'2018-02-22 19:19:50',0,1,4,NULL,2,NULL),(257,5,NULL,NULL,'departamento (Diputación), \"Deportes\"',NULL,'crear',NULL,NULL,NULL,NULL,NULL,NULL,NULL,'2018-02-22 19:19:50',0,0,4,NULL,3,NULL),(258,5,NULL,NULL,'departamento (Diputación), \"Deportes\"',NULL,'crear',NULL,NULL,NULL,NULL,NULL,NULL,NULL,'2018-02-22 19:19:50',0,0,4,NULL,4,NULL),(259,5,NULL,NULL,'departamento (Diputación), \"Deportes\"',NULL,'crear',NULL,NULL,NULL,NULL,NULL,NULL,NULL,'2018-02-22 19:19:50',0,0,4,NULL,5,NULL),(260,5,NULL,NULL,'subvención, Concesión de Premios a los Mejores Deportistas, al Mejor Técnico y Mejor Club Deportivo de la Provincia.',NULL,'crear',NULL,NULL,NULL,NULL,NULL,NULL,NULL,'2018-02-22 19:20:06',0,0,4,NULL,1,NULL),(261,5,NULL,NULL,'subvención, Concesión de Premios a los Mejores Deportistas, al Mejor Técnico y Mejor Club Deportivo de la Provincia.',NULL,'crear',NULL,NULL,NULL,NULL,NULL,NULL,NULL,'2018-02-22 19:20:06',0,1,4,NULL,2,NULL),(262,5,NULL,NULL,'subvención, Concesión de Premios a los Mejores Deportistas, al Mejor Técnico y Mejor Club Deportivo de la Provincia.',NULL,'crear',NULL,NULL,NULL,NULL,NULL,NULL,NULL,'2018-02-22 19:20:06',0,0,4,NULL,3,NULL),(263,5,NULL,NULL,'subvención, Concesión de Premios a los Mejores Deportistas, al Mejor Técnico y Mejor Club Deportivo de la Provincia.',NULL,'crear',NULL,NULL,NULL,NULL,NULL,NULL,NULL,'2018-02-22 19:20:06',0,0,4,NULL,4,NULL),(264,5,NULL,NULL,'subvención, Concesión de Premios a los Mejores Deportistas, al Mejor Técnico y Mejor Club Deportivo de la Provincia.',NULL,'crear',NULL,NULL,NULL,NULL,NULL,NULL,NULL,'2018-02-22 19:20:06',0,0,4,NULL,5,NULL),(265,5,NULL,NULL,'subvención, Concesión de Premios a los Mejores Deportistas, al Mejor Técnico y Mejor Club Deportivo de la Provincia.',NULL,'edit',NULL,NULL,NULL,NULL,NULL,NULL,NULL,'2018-02-22 19:20:25',0,0,4,NULL,1,NULL),(266,5,NULL,NULL,'subvención, Concesión de Premios a los Mejores Deportistas, al Mejor Técnico y Mejor Club Deportivo de la Provincia.',NULL,'edit',NULL,NULL,NULL,NULL,NULL,NULL,NULL,'2018-02-22 19:20:25',0,1,4,NULL,2,NULL),(267,5,NULL,NULL,'subvención, Concesión de Premios a los Mejores Deportistas, al Mejor Técnico y Mejor Club Deportivo de la Provincia.',NULL,'edit',NULL,NULL,NULL,NULL,NULL,NULL,NULL,'2018-02-22 19:20:25',0,0,4,NULL,3,NULL),(268,5,NULL,NULL,'subvención, Concesión de Premios a los Mejores Deportistas, al Mejor Técnico y Mejor Club Deportivo de la Provincia.',NULL,'edit',NULL,NULL,NULL,NULL,NULL,NULL,NULL,'2018-02-22 19:20:25',0,0,4,NULL,4,NULL),(269,5,NULL,NULL,'subvención, Concesión de Premios a los Mejores Deportistas, al Mejor Técnico y Mejor Club Deportivo de la Provincia.',NULL,'edit',NULL,NULL,NULL,NULL,NULL,NULL,NULL,'2018-02-22 19:20:25',0,0,4,NULL,5,NULL),(270,5,NULL,NULL,'departamento (Generalitat), \"Conselleria de Economía Sostenible, Sectores Productivos, Comercio y Trabajo\"',NULL,'crear',NULL,NULL,NULL,NULL,NULL,NULL,NULL,'2018-02-23 07:44:30',0,0,4,NULL,1,NULL),(271,5,NULL,NULL,'departamento (Generalitat), \"Conselleria de Economía Sostenible, Sectores Productivos, Comercio y Trabajo\"',NULL,'crear',NULL,NULL,NULL,NULL,NULL,NULL,NULL,'2018-02-23 07:44:30',0,1,4,NULL,2,NULL),(272,5,NULL,NULL,'departamento (Generalitat), \"Conselleria de Economía Sostenible, Sectores Productivos, Comercio y Trabajo\"',NULL,'crear',NULL,NULL,NULL,NULL,NULL,NULL,NULL,'2018-02-23 07:44:30',0,0,4,NULL,3,NULL),(273,5,NULL,NULL,'departamento (Generalitat), \"Conselleria de Economía Sostenible, Sectores Productivos, Comercio y Trabajo\"',NULL,'crear',NULL,NULL,NULL,NULL,NULL,NULL,NULL,'2018-02-23 07:44:30',0,0,4,NULL,4,NULL),(274,5,NULL,NULL,'departamento (Generalitat), \"Conselleria de Economía Sostenible, Sectores Productivos, Comercio y Trabajo\"',NULL,'crear',NULL,NULL,NULL,NULL,NULL,NULL,NULL,'2018-02-23 07:44:30',0,0,4,NULL,5,NULL),(275,5,NULL,NULL,'subvención, EMERGE 2018. Programa de subvenciones Iniciativa Social, destinadas a la contratación de personas desempleadas por corporaciones locales de la Comunitat Valenciana, para la realización de acciones previstas en planes o procedimientos de emergencias en el ámbito forestal.',NULL,'crear',NULL,NULL,NULL,NULL,NULL,NULL,NULL,'2018-02-23 07:44:57',0,0,4,NULL,1,NULL),(276,5,NULL,NULL,'subvención, EMERGE 2018. Programa de subvenciones Iniciativa Social, destinadas a la contratación de personas desempleadas por corporaciones locales de la Comunitat Valenciana, para la realización de acciones previstas en planes o procedimientos de emergencias en el ámbito forestal.',NULL,'crear',NULL,NULL,NULL,NULL,NULL,NULL,NULL,'2018-02-23 07:44:57',0,1,4,NULL,2,NULL),(277,5,NULL,NULL,'subvención, EMERGE 2018. Programa de subvenciones Iniciativa Social, destinadas a la contratación de personas desempleadas por corporaciones locales de la Comunitat Valenciana, para la realización de acciones previstas en planes o procedimientos de emergencias en el ámbito forestal.',NULL,'crear',NULL,NULL,NULL,NULL,NULL,NULL,NULL,'2018-02-23 07:44:57',0,0,4,NULL,3,NULL),(278,5,NULL,NULL,'subvención, EMERGE 2018. Programa de subvenciones Iniciativa Social, destinadas a la contratación de personas desempleadas por corporaciones locales de la Comunitat Valenciana, para la realización de acciones previstas en planes o procedimientos de emergencias en el ámbito forestal.',NULL,'crear',NULL,NULL,NULL,NULL,NULL,NULL,NULL,'2018-02-23 07:44:57',0,0,4,NULL,4,NULL),(279,5,NULL,NULL,'subvención, EMERGE 2018. Programa de subvenciones Iniciativa Social, destinadas a la contratación de personas desempleadas por corporaciones locales de la Comunitat Valenciana, para la realización de acciones previstas en planes o procedimientos de emergencias en el ámbito forestal.',NULL,'crear',NULL,NULL,NULL,NULL,NULL,NULL,NULL,'2018-02-23 07:44:57',0,0,4,NULL,5,NULL),(325,5,NULL,NULL,'departamento (Generalitat), \"Dirección Territorial de Igualdad y Políticas Inclusivas\"',NULL,'crear',NULL,NULL,NULL,NULL,NULL,NULL,NULL,'2018-02-24 17:58:07',0,0,4,NULL,1,NULL),(326,5,NULL,NULL,'departamento (Generalitat), \"Dirección Territorial de Igualdad y Políticas Inclusivas\"',NULL,'crear',NULL,NULL,NULL,NULL,NULL,NULL,NULL,'2018-02-24 17:58:07',0,1,4,NULL,2,NULL),(327,5,NULL,NULL,'departamento (Generalitat), \"Dirección Territorial de Igualdad y Políticas Inclusivas\"',NULL,'crear',NULL,NULL,NULL,NULL,NULL,NULL,NULL,'2018-02-24 17:58:07',0,0,4,NULL,3,NULL),(328,5,NULL,NULL,'departamento (Generalitat), \"Dirección Territorial de Igualdad y Políticas Inclusivas\"',NULL,'crear',NULL,NULL,NULL,NULL,NULL,NULL,NULL,'2018-02-24 17:58:07',0,0,4,NULL,4,NULL),(329,5,NULL,NULL,'departamento (Generalitat), \"Dirección Territorial de Igualdad y Políticas Inclusivas\"',NULL,'crear',NULL,NULL,NULL,NULL,NULL,NULL,NULL,'2018-02-24 17:58:07',0,0,4,NULL,5,NULL),(330,5,NULL,NULL,'subvención',NULL,'crear',26,NULL,NULL,26,NULL,NULL,NULL,'2018-02-24 18:00:30',0,0,4,10,1,10),(331,5,NULL,NULL,'subvención',NULL,'crear',26,NULL,NULL,26,NULL,NULL,NULL,'2018-02-24 18:00:30',0,1,4,10,2,10),(332,5,NULL,NULL,'subvención',NULL,'crear',26,NULL,NULL,26,NULL,NULL,NULL,'2018-02-24 18:00:30',0,0,4,10,3,10),(333,5,NULL,NULL,'subvención',NULL,'crear',26,NULL,NULL,26,NULL,NULL,NULL,'2018-02-24 18:00:30',0,0,4,10,4,10),(334,5,NULL,NULL,'subvención',NULL,'crear',26,NULL,NULL,26,NULL,NULL,NULL,'2018-02-24 18:00:30',0,0,4,10,5,10),(335,5,NULL,NULL,'subvención',NULL,'crear',27,NULL,NULL,27,NULL,NULL,NULL,'2018-02-24 18:11:57',0,0,4,10,1,10),(336,5,NULL,NULL,'subvención',NULL,'crear',27,NULL,NULL,27,NULL,NULL,NULL,'2018-02-24 18:11:57',0,1,4,10,2,10),(337,5,NULL,NULL,'subvención',NULL,'crear',27,NULL,NULL,27,NULL,NULL,NULL,'2018-02-24 18:11:57',0,0,4,10,3,10),(338,5,NULL,NULL,'subvención',NULL,'crear',27,NULL,NULL,27,NULL,NULL,NULL,'2018-02-24 18:11:57',0,0,4,10,4,10),(339,5,NULL,NULL,'subvención',NULL,'crear',27,NULL,NULL,27,NULL,NULL,NULL,'2018-02-24 18:11:57',0,0,4,10,5,10),(340,5,NULL,NULL,'departamento (Generalitat), \"Conselleria de Hacienda y Modelo Económico\"',NULL,'crear',NULL,NULL,NULL,NULL,NULL,NULL,NULL,'2018-02-26 18:10:11',0,0,4,NULL,1,NULL),(341,5,NULL,NULL,'departamento (Generalitat), \"Conselleria de Hacienda y Modelo Económico\"',NULL,'crear',NULL,NULL,NULL,NULL,NULL,NULL,NULL,'2018-02-26 18:10:11',0,0,4,NULL,2,NULL),(342,5,NULL,NULL,'departamento (Generalitat), \"Conselleria de Hacienda y Modelo Económico\"',NULL,'crear',NULL,NULL,NULL,NULL,NULL,NULL,NULL,'2018-02-26 18:10:11',0,0,4,NULL,3,NULL),(343,5,NULL,NULL,'departamento (Generalitat), \"Conselleria de Hacienda y Modelo Económico\"',NULL,'crear',NULL,NULL,NULL,NULL,NULL,NULL,NULL,'2018-02-26 18:10:11',0,0,4,NULL,4,NULL),(344,5,NULL,NULL,'departamento (Generalitat), \"Conselleria de Hacienda y Modelo Económico\"',NULL,'crear',NULL,NULL,NULL,NULL,NULL,NULL,NULL,'2018-02-26 18:10:11',0,0,4,NULL,5,NULL),(345,5,NULL,NULL,'subvención',NULL,'crear',28,NULL,NULL,28,NULL,NULL,NULL,'2018-02-26 18:14:23',0,0,4,10,1,10),(346,5,NULL,NULL,'subvención',NULL,'crear',28,NULL,NULL,28,NULL,NULL,NULL,'2018-02-26 18:14:23',0,0,4,10,2,10),(347,5,NULL,NULL,'subvención',NULL,'crear',28,NULL,NULL,28,NULL,NULL,NULL,'2018-02-26 18:14:23',0,0,4,10,3,10),(348,5,NULL,NULL,'subvención',NULL,'crear',28,NULL,NULL,28,NULL,NULL,NULL,'2018-02-26 18:14:23',0,0,4,10,4,10),(349,5,NULL,NULL,'subvención',NULL,'crear',28,NULL,NULL,28,NULL,NULL,NULL,'2018-02-26 18:14:23',0,0,4,10,5,10),(350,5,NULL,NULL,'subvención',NULL,'crear',29,NULL,NULL,29,NULL,NULL,NULL,'2018-02-26 20:03:53',0,0,4,10,1,10),(351,5,NULL,NULL,'subvención',NULL,'crear',29,NULL,NULL,29,NULL,NULL,NULL,'2018-02-26 20:03:53',0,0,4,10,2,10),(352,5,NULL,NULL,'subvención',NULL,'crear',29,NULL,NULL,29,NULL,NULL,NULL,'2018-02-26 20:03:53',0,0,4,10,3,10),(353,5,NULL,NULL,'subvención',NULL,'crear',29,NULL,NULL,29,NULL,NULL,NULL,'2018-02-26 20:03:53',0,0,4,10,4,10),(354,5,NULL,NULL,'subvención',NULL,'crear',29,NULL,NULL,29,NULL,NULL,NULL,'2018-02-26 20:03:53',0,0,4,10,5,10),(385,5,NULL,NULL,'responsable, \"Fernando\"',NULL,'crear',NULL,NULL,NULL,NULL,NULL,NULL,NULL,'2018-02-28 12:34:50',0,0,4,NULL,1,NULL),(386,5,NULL,NULL,'responsable, \"Fernando\"',NULL,'crear',NULL,NULL,NULL,NULL,NULL,NULL,NULL,'2018-02-28 12:34:50',0,0,4,NULL,2,NULL),(387,5,NULL,NULL,'responsable, \"Fernando\"',NULL,'crear',NULL,NULL,NULL,NULL,NULL,NULL,NULL,'2018-02-28 12:34:50',0,0,4,NULL,3,NULL),(388,5,NULL,NULL,'responsable, \"Fernando\"',NULL,'crear',NULL,NULL,NULL,NULL,NULL,NULL,NULL,'2018-02-28 12:34:50',0,0,4,NULL,4,NULL),(389,5,NULL,NULL,'responsable, \"Fernando\"',NULL,'crear',NULL,NULL,NULL,NULL,NULL,NULL,NULL,'2018-02-28 12:34:50',0,0,4,NULL,5,NULL),(390,5,NULL,NULL,'subvención',NULL,'edit',28,NULL,NULL,28,NULL,NULL,NULL,'2018-02-28 13:13:48',0,0,4,10,1,10),(391,5,NULL,NULL,'subvención',NULL,'edit',28,NULL,NULL,28,NULL,NULL,NULL,'2018-02-28 13:13:48',0,0,4,10,2,10),(392,5,NULL,NULL,'subvención',NULL,'edit',28,NULL,NULL,28,NULL,NULL,NULL,'2018-02-28 13:13:48',0,0,4,10,3,10),(393,5,NULL,NULL,'subvención',NULL,'edit',28,NULL,NULL,28,NULL,NULL,NULL,'2018-02-28 13:13:48',0,0,4,10,4,10),(394,5,NULL,NULL,'subvención',NULL,'edit',28,NULL,NULL,28,NULL,NULL,NULL,'2018-02-28 13:13:48',0,0,4,10,5,10),(395,3,NULL,NULL,'subvención',NULL,'edit',18,NULL,NULL,18,NULL,NULL,NULL,'2018-02-28 16:35:14',0,0,4,10,1,10),(396,3,NULL,NULL,'subvención',NULL,'edit',18,NULL,NULL,18,NULL,NULL,NULL,'2018-02-28 16:35:14',0,0,4,10,2,10),(397,3,NULL,NULL,'subvención',NULL,'edit',18,NULL,NULL,18,NULL,NULL,NULL,'2018-02-28 16:35:14',0,0,4,10,3,10),(398,3,NULL,NULL,'subvención',NULL,'edit',18,NULL,NULL,18,NULL,NULL,NULL,'2018-02-28 16:35:14',0,0,4,10,4,10),(399,3,NULL,NULL,'subvención',NULL,'edit',18,NULL,NULL,18,NULL,NULL,NULL,'2018-02-28 16:35:14',0,0,4,10,5,10),(400,3,NULL,NULL,'subvención',NULL,'edit',21,NULL,NULL,21,NULL,NULL,NULL,'2018-02-28 17:09:05',0,0,4,10,1,10),(401,3,NULL,NULL,'subvención',NULL,'edit',21,NULL,NULL,21,NULL,NULL,NULL,'2018-02-28 17:09:05',0,0,4,10,2,10),(402,3,NULL,NULL,'subvención',NULL,'edit',21,NULL,NULL,21,NULL,NULL,NULL,'2018-02-28 17:09:05',0,0,4,10,3,10),(403,3,NULL,NULL,'subvención',NULL,'edit',21,NULL,NULL,21,NULL,NULL,NULL,'2018-02-28 17:09:05',0,0,4,10,4,10),(404,3,NULL,NULL,'subvención',NULL,'edit',21,NULL,NULL,21,NULL,NULL,NULL,'2018-02-28 17:09:05',0,0,4,10,5,10),(405,3,NULL,NULL,'subvención',NULL,'edit',1,NULL,NULL,1,NULL,NULL,NULL,'2018-02-28 17:13:36',0,0,4,10,1,10),(406,3,NULL,NULL,'subvención',NULL,'edit',1,NULL,NULL,1,NULL,NULL,NULL,'2018-02-28 17:13:36',0,0,4,10,2,10),(407,3,NULL,NULL,'subvención',NULL,'edit',1,NULL,NULL,1,NULL,NULL,NULL,'2018-02-28 17:13:36',0,0,4,10,3,10),(408,3,NULL,NULL,'subvención',NULL,'edit',1,NULL,NULL,1,NULL,NULL,NULL,'2018-02-28 17:13:36',0,0,4,10,4,10),(409,3,NULL,NULL,'subvención',NULL,'edit',1,NULL,NULL,1,NULL,NULL,NULL,'2018-02-28 17:13:36',0,0,4,10,5,10),(410,3,NULL,NULL,'subvención',NULL,'edit',14,NULL,NULL,14,NULL,NULL,NULL,'2018-02-28 17:16:48',0,0,4,10,1,10),(411,3,NULL,NULL,'subvención',NULL,'edit',14,NULL,NULL,14,NULL,NULL,NULL,'2018-02-28 17:16:48',0,0,4,10,2,10),(412,3,NULL,NULL,'subvención',NULL,'edit',14,NULL,NULL,14,NULL,NULL,NULL,'2018-02-28 17:16:48',0,0,4,10,3,10),(413,3,NULL,NULL,'subvención',NULL,'edit',14,NULL,NULL,14,NULL,NULL,NULL,'2018-02-28 17:16:48',0,0,4,10,4,10),(414,3,NULL,NULL,'subvención',NULL,'edit',14,NULL,NULL,14,NULL,NULL,NULL,'2018-02-28 17:16:48',0,0,4,10,5,10),(415,3,NULL,NULL,'subvención',NULL,'crear',30,NULL,NULL,30,NULL,NULL,NULL,'2018-02-28 17:28:41',0,0,4,10,1,10),(416,3,NULL,NULL,'subvención',NULL,'crear',30,NULL,NULL,30,NULL,NULL,NULL,'2018-02-28 17:28:41',0,0,4,10,2,10),(417,3,NULL,NULL,'subvención',NULL,'crear',30,NULL,NULL,30,NULL,NULL,NULL,'2018-02-28 17:28:41',0,0,4,10,3,10),(418,3,NULL,NULL,'subvención',NULL,'crear',30,NULL,NULL,30,NULL,NULL,NULL,'2018-02-28 17:28:41',0,0,4,10,4,10),(419,3,NULL,NULL,'subvención',NULL,'crear',30,NULL,NULL,30,NULL,NULL,NULL,'2018-02-28 17:28:41',0,0,4,10,5,10),(420,5,NULL,NULL,'subvención',NULL,'crear',31,NULL,NULL,31,NULL,NULL,NULL,'2018-02-28 18:22:46',0,0,4,10,1,10),(421,5,NULL,NULL,'subvención',NULL,'crear',31,NULL,NULL,31,NULL,NULL,NULL,'2018-02-28 18:22:46',0,0,4,10,2,10),(422,5,NULL,NULL,'subvención',NULL,'crear',31,NULL,NULL,31,NULL,NULL,NULL,'2018-02-28 18:22:46',0,0,4,10,3,10),(423,5,NULL,NULL,'subvención',NULL,'crear',31,NULL,NULL,31,NULL,NULL,NULL,'2018-02-28 18:22:46',0,0,4,10,4,10),(424,5,NULL,NULL,'subvención',NULL,'crear',31,NULL,NULL,31,NULL,NULL,NULL,'2018-02-28 18:22:46',0,0,4,10,5,10),(425,5,NULL,NULL,'subvención',NULL,'edit',31,NULL,NULL,31,NULL,NULL,NULL,'2018-02-28 18:24:33',0,0,4,10,1,10),(426,5,NULL,NULL,'subvención',NULL,'edit',31,NULL,NULL,31,NULL,NULL,NULL,'2018-02-28 18:24:33',0,0,4,10,2,10),(427,5,NULL,NULL,'subvención',NULL,'edit',31,NULL,NULL,31,NULL,NULL,NULL,'2018-02-28 18:24:33',0,0,4,10,3,10),(428,5,NULL,NULL,'subvención',NULL,'edit',31,NULL,NULL,31,NULL,NULL,NULL,'2018-02-28 18:24:33',0,0,4,10,4,10),(429,5,NULL,NULL,'subvención',NULL,'edit',31,NULL,NULL,31,NULL,NULL,NULL,'2018-02-28 18:24:33',0,0,4,10,5,10),(430,3,NULL,NULL,'subvención',NULL,'edit',27,NULL,NULL,27,NULL,NULL,NULL,'2018-03-01 12:56:47',0,0,4,10,1,10),(431,3,NULL,NULL,'subvención',NULL,'edit',27,NULL,NULL,27,NULL,NULL,NULL,'2018-03-01 12:56:47',0,0,4,10,2,10),(432,3,NULL,NULL,'subvención',NULL,'edit',27,NULL,NULL,27,NULL,NULL,NULL,'2018-03-01 12:56:47',0,0,4,10,3,10),(433,3,NULL,NULL,'subvención',NULL,'edit',27,NULL,NULL,27,NULL,NULL,NULL,'2018-03-01 12:56:47',0,0,4,10,4,10),(434,3,NULL,NULL,'subvención',NULL,'edit',27,NULL,NULL,27,NULL,NULL,NULL,'2018-03-01 12:56:47',0,0,4,10,5,10),(435,5,NULL,NULL,'departamento (Generalitat), \"Institut Valencià de la Joventut\"',NULL,'crear',NULL,NULL,NULL,NULL,NULL,NULL,NULL,'2018-03-02 12:42:46',0,0,4,NULL,1,NULL),(436,5,NULL,NULL,'departamento (Generalitat), \"Institut Valencià de la Joventut\"',NULL,'crear',NULL,NULL,NULL,NULL,NULL,NULL,NULL,'2018-03-02 12:42:46',0,0,4,NULL,2,NULL),(437,5,NULL,NULL,'departamento (Generalitat), \"Institut Valencià de la Joventut\"',NULL,'crear',NULL,NULL,NULL,NULL,NULL,NULL,NULL,'2018-03-02 12:42:46',0,0,4,NULL,3,NULL),(438,5,NULL,NULL,'departamento (Generalitat), \"Institut Valencià de la Joventut\"',NULL,'crear',NULL,NULL,NULL,NULL,NULL,NULL,NULL,'2018-03-02 12:42:46',0,0,4,NULL,4,NULL),(439,5,NULL,NULL,'departamento (Generalitat), \"Institut Valencià de la Joventut\"',NULL,'crear',NULL,NULL,NULL,NULL,NULL,NULL,NULL,'2018-03-02 12:42:46',0,0,4,NULL,5,NULL),(440,5,NULL,NULL,'subvención',NULL,'crear',32,NULL,NULL,32,NULL,NULL,NULL,'2018-03-02 12:43:13',0,0,4,10,1,10),(441,5,NULL,NULL,'subvención',NULL,'crear',32,NULL,NULL,32,NULL,NULL,NULL,'2018-03-02 12:43:13',0,0,4,10,2,10),(442,5,NULL,NULL,'subvención',NULL,'crear',32,NULL,NULL,32,NULL,NULL,NULL,'2018-03-02 12:43:13',0,1,4,10,3,10),(443,5,NULL,NULL,'subvención',NULL,'crear',32,NULL,NULL,32,NULL,NULL,NULL,'2018-03-02 12:43:13',0,0,4,10,4,10),(444,5,NULL,NULL,'subvención',NULL,'crear',32,NULL,NULL,32,NULL,NULL,NULL,'2018-03-02 12:43:13',0,0,4,10,5,10),(445,5,NULL,NULL,'departamento (Generalitat), \"Consejo de Cámaras de Comercio, Industria, Servicios y Navegación\"',NULL,'crear',NULL,NULL,NULL,NULL,NULL,NULL,NULL,'2018-03-02 12:54:46',0,0,4,NULL,1,NULL),(446,5,NULL,NULL,'departamento (Generalitat), \"Consejo de Cámaras de Comercio, Industria, Servicios y Navegación\"',NULL,'crear',NULL,NULL,NULL,NULL,NULL,NULL,NULL,'2018-03-02 12:54:46',0,0,4,NULL,2,NULL),(447,5,NULL,NULL,'departamento (Generalitat), \"Consejo de Cámaras de Comercio, Industria, Servicios y Navegación\"',NULL,'crear',NULL,NULL,NULL,NULL,NULL,NULL,NULL,'2018-03-02 12:54:46',0,1,4,NULL,3,NULL),(448,5,NULL,NULL,'departamento (Generalitat), \"Consejo de Cámaras de Comercio, Industria, Servicios y Navegación\"',NULL,'crear',NULL,NULL,NULL,NULL,NULL,NULL,NULL,'2018-03-02 12:54:46',0,0,4,NULL,4,NULL),(449,5,NULL,NULL,'departamento (Generalitat), \"Consejo de Cámaras de Comercio, Industria, Servicios y Navegación\"',NULL,'crear',NULL,NULL,NULL,NULL,NULL,NULL,NULL,'2018-03-02 12:54:46',0,0,4,NULL,5,NULL),(450,5,NULL,NULL,'subvención',NULL,'crear',33,NULL,NULL,33,NULL,NULL,NULL,'2018-03-02 12:55:29',0,0,4,10,1,10),(451,5,NULL,NULL,'subvención',NULL,'crear',33,NULL,NULL,33,NULL,NULL,NULL,'2018-03-02 12:55:29',0,0,4,10,2,10),(452,5,NULL,NULL,'subvención',NULL,'crear',33,NULL,NULL,33,NULL,NULL,NULL,'2018-03-02 12:55:29',0,1,4,10,3,10),(453,5,NULL,NULL,'subvención',NULL,'crear',33,NULL,NULL,33,NULL,NULL,NULL,'2018-03-02 12:55:29',0,0,4,10,4,10),(454,5,NULL,NULL,'subvención',NULL,'crear',33,NULL,NULL,33,NULL,NULL,NULL,'2018-03-02 12:55:29',0,0,4,10,5,10),(455,5,NULL,NULL,'departamento (Generalitat), \"SERVEF\"',NULL,'crear',NULL,NULL,NULL,NULL,NULL,NULL,NULL,'2018-03-02 12:58:31',0,0,4,NULL,1,NULL),(456,5,NULL,NULL,'departamento (Generalitat), \"SERVEF\"',NULL,'crear',NULL,NULL,NULL,NULL,NULL,NULL,NULL,'2018-03-02 12:58:31',0,0,4,NULL,2,NULL),(457,5,NULL,NULL,'departamento (Generalitat), \"SERVEF\"',NULL,'crear',NULL,NULL,NULL,NULL,NULL,NULL,NULL,'2018-03-02 12:58:31',0,1,4,NULL,3,NULL),(458,5,NULL,NULL,'departamento (Generalitat), \"SERVEF\"',NULL,'crear',NULL,NULL,NULL,NULL,NULL,NULL,NULL,'2018-03-02 12:58:31',0,0,4,NULL,4,NULL),(459,5,NULL,NULL,'departamento (Generalitat), \"SERVEF\"',NULL,'crear',NULL,NULL,NULL,NULL,NULL,NULL,NULL,'2018-03-02 12:58:31',0,0,4,NULL,5,NULL),(460,5,NULL,NULL,'subvención',NULL,'crear',34,NULL,NULL,34,NULL,NULL,NULL,'2018-03-02 13:28:28',0,0,4,10,1,10),(461,5,NULL,NULL,'subvención',NULL,'crear',34,NULL,NULL,34,NULL,NULL,NULL,'2018-03-02 13:28:28',0,0,4,10,2,10),(462,5,NULL,NULL,'subvención',NULL,'crear',34,NULL,NULL,34,NULL,NULL,NULL,'2018-03-02 13:28:28',0,1,4,10,3,10),(463,5,NULL,NULL,'subvención',NULL,'crear',34,NULL,NULL,34,NULL,NULL,NULL,'2018-03-02 13:28:28',0,0,4,10,4,10),(464,5,NULL,NULL,'subvención',NULL,'crear',34,NULL,NULL,34,NULL,NULL,NULL,'2018-03-02 13:28:28',0,0,4,10,5,10),(465,5,NULL,NULL,'subvención',NULL,'crear',35,NULL,NULL,35,NULL,NULL,NULL,'2018-03-03 15:47:28',0,0,4,10,1,10),(466,5,NULL,NULL,'subvención',NULL,'crear',35,NULL,NULL,35,NULL,NULL,NULL,'2018-03-03 15:47:28',0,0,4,10,2,10),(467,5,NULL,NULL,'subvención',NULL,'crear',35,NULL,NULL,35,NULL,NULL,NULL,'2018-03-03 15:47:28',0,1,4,10,3,10),(468,5,NULL,NULL,'subvención',NULL,'crear',35,NULL,NULL,35,NULL,NULL,NULL,'2018-03-03 15:47:28',0,0,4,10,4,10),(469,5,NULL,NULL,'subvención',NULL,'crear',35,NULL,NULL,35,NULL,NULL,NULL,'2018-03-03 15:47:28',0,0,4,10,5,10),(470,5,NULL,NULL,'subvención',NULL,'edit',34,NULL,NULL,34,NULL,NULL,NULL,'2018-03-03 15:48:19',0,0,4,10,1,10),(471,5,NULL,NULL,'subvención',NULL,'edit',34,NULL,NULL,34,NULL,NULL,NULL,'2018-03-03 15:48:19',0,0,4,10,2,10),(472,5,NULL,NULL,'subvención',NULL,'edit',34,NULL,NULL,34,NULL,NULL,NULL,'2018-03-03 15:48:19',0,1,4,10,3,10),(473,5,NULL,NULL,'subvención',NULL,'edit',34,NULL,NULL,34,NULL,NULL,NULL,'2018-03-03 15:48:19',0,0,4,10,4,10),(474,5,NULL,NULL,'subvención',NULL,'edit',34,NULL,NULL,34,NULL,NULL,NULL,'2018-03-03 15:48:19',0,0,4,10,5,10),(475,5,NULL,NULL,'departamento (Generalitat), \"Conselleria de Justicia, Administración Pública, Reformas Democráticas y Libertades Públicas\"',NULL,'crear',NULL,NULL,NULL,NULL,NULL,NULL,NULL,'2018-03-07 09:02:10',0,0,4,NULL,1,NULL),(476,5,NULL,NULL,'departamento (Generalitat), \"Conselleria de Justicia, Administración Pública, Reformas Democráticas y Libertades Públicas\"',NULL,'crear',NULL,NULL,NULL,NULL,NULL,NULL,NULL,'2018-03-07 09:02:10',0,0,4,NULL,2,NULL),(477,5,NULL,NULL,'departamento (Generalitat), \"Conselleria de Justicia, Administración Pública, Reformas Democráticas y Libertades Públicas\"',NULL,'crear',NULL,NULL,NULL,NULL,NULL,NULL,NULL,'2018-03-07 09:02:10',0,1,4,NULL,3,NULL),(478,5,NULL,NULL,'departamento (Generalitat), \"Conselleria de Justicia, Administración Pública, Reformas Democráticas y Libertades Públicas\"',NULL,'crear',NULL,NULL,NULL,NULL,NULL,NULL,NULL,'2018-03-07 09:02:10',0,0,4,NULL,4,NULL),(479,5,NULL,NULL,'departamento (Generalitat), \"Conselleria de Justicia, Administración Pública, Reformas Democráticas y Libertades Públicas\"',NULL,'crear',NULL,NULL,NULL,NULL,NULL,NULL,NULL,'2018-03-07 09:02:10',0,0,4,NULL,5,NULL),(480,5,NULL,NULL,'subvención',NULL,'crear',36,NULL,NULL,36,NULL,NULL,NULL,'2018-03-07 09:02:33',0,0,4,10,1,10),(481,5,NULL,NULL,'subvención',NULL,'crear',36,NULL,NULL,36,NULL,NULL,NULL,'2018-03-07 09:02:33',0,0,4,10,2,10),(482,5,NULL,NULL,'subvención',NULL,'crear',36,NULL,NULL,36,NULL,NULL,NULL,'2018-03-07 09:02:33',0,1,4,10,3,10),(483,5,NULL,NULL,'subvención',NULL,'crear',36,NULL,NULL,36,NULL,NULL,NULL,'2018-03-07 09:02:33',0,0,4,10,4,10),(484,5,NULL,NULL,'subvención',NULL,'crear',36,NULL,NULL,36,NULL,NULL,NULL,'2018-03-07 09:02:33',0,0,4,10,5,10),(485,5,NULL,NULL,'subvención',NULL,'crear',37,NULL,NULL,37,NULL,NULL,NULL,'2018-03-07 09:05:52',0,0,4,10,1,10),(486,5,NULL,NULL,'subvención',NULL,'crear',37,NULL,NULL,37,NULL,NULL,NULL,'2018-03-07 09:05:52',0,0,4,10,2,10),(487,5,NULL,NULL,'subvención',NULL,'crear',37,NULL,NULL,37,NULL,NULL,NULL,'2018-03-07 09:05:52',0,1,4,10,3,10),(488,5,NULL,NULL,'subvención',NULL,'crear',37,NULL,NULL,37,NULL,NULL,NULL,'2018-03-07 09:05:52',0,0,4,10,4,10),(489,5,NULL,NULL,'subvención',NULL,'crear',37,NULL,NULL,37,NULL,NULL,NULL,'2018-03-07 09:05:52',0,0,4,10,5,10),(490,5,NULL,NULL,'subvención',NULL,'edit',37,NULL,NULL,37,NULL,NULL,NULL,'2018-03-07 09:06:17',0,0,4,10,1,10),(491,5,NULL,NULL,'subvención',NULL,'edit',37,NULL,NULL,37,NULL,NULL,NULL,'2018-03-07 09:06:17',0,0,4,10,2,10),(492,5,NULL,NULL,'subvención',NULL,'edit',37,NULL,NULL,37,NULL,NULL,NULL,'2018-03-07 09:06:17',0,1,4,10,3,10),(493,5,NULL,NULL,'subvención',NULL,'edit',37,NULL,NULL,37,NULL,NULL,NULL,'2018-03-07 09:06:17',0,0,4,10,4,10),(494,5,NULL,NULL,'subvención',NULL,'edit',37,NULL,NULL,37,NULL,NULL,NULL,'2018-03-07 09:06:17',0,0,4,10,5,10),(495,5,NULL,NULL,'departamento (Generalitat), \"Educación, Investigación, Cultura y Deporte\"',NULL,'crear',NULL,NULL,NULL,NULL,NULL,NULL,NULL,'2018-03-08 12:37:38',0,0,4,NULL,1,NULL),(496,5,NULL,NULL,'departamento (Generalitat), \"Educación, Investigación, Cultura y Deporte\"',NULL,'crear',NULL,NULL,NULL,NULL,NULL,NULL,NULL,'2018-03-08 12:37:38',0,0,4,NULL,2,NULL),(497,5,NULL,NULL,'departamento (Generalitat), \"Educación, Investigación, Cultura y Deporte\"',NULL,'crear',NULL,NULL,NULL,NULL,NULL,NULL,NULL,'2018-03-08 12:37:38',0,1,4,NULL,3,NULL),(498,5,NULL,NULL,'departamento (Generalitat), \"Educación, Investigación, Cultura y Deporte\"',NULL,'crear',NULL,NULL,NULL,NULL,NULL,NULL,NULL,'2018-03-08 12:37:38',0,0,4,NULL,4,NULL),(499,5,NULL,NULL,'departamento (Generalitat), \"Educación, Investigación, Cultura y Deporte\"',NULL,'crear',NULL,NULL,NULL,NULL,NULL,NULL,NULL,'2018-03-08 12:37:38',0,0,4,NULL,5,NULL),(500,5,NULL,NULL,'subvención',NULL,'crear',38,NULL,NULL,38,NULL,NULL,NULL,'2018-03-08 12:43:18',0,0,4,10,1,10),(501,5,NULL,NULL,'subvención',NULL,'crear',38,NULL,NULL,38,NULL,NULL,NULL,'2018-03-08 12:43:18',0,0,4,10,2,10),(502,5,NULL,NULL,'subvención',NULL,'crear',38,NULL,NULL,38,NULL,NULL,NULL,'2018-03-08 12:43:18',0,1,4,10,3,10),(503,5,NULL,NULL,'subvención',NULL,'crear',38,NULL,NULL,38,NULL,NULL,NULL,'2018-03-08 12:43:18',0,0,4,10,4,10),(504,5,NULL,NULL,'subvención',NULL,'crear',38,NULL,NULL,38,NULL,NULL,NULL,'2018-03-08 12:43:18',0,0,4,10,5,10),(505,5,NULL,NULL,'subvención',NULL,'edit',38,NULL,NULL,38,NULL,NULL,NULL,'2018-03-08 12:43:39',0,0,4,10,1,10),(506,5,NULL,NULL,'subvención',NULL,'edit',38,NULL,NULL,38,NULL,NULL,NULL,'2018-03-08 12:43:39',0,0,4,10,2,10),(507,5,NULL,NULL,'subvención',NULL,'edit',38,NULL,NULL,38,NULL,NULL,NULL,'2018-03-08 12:43:39',0,1,4,10,3,10),(508,5,NULL,NULL,'subvención',NULL,'edit',38,NULL,NULL,38,NULL,NULL,NULL,'2018-03-08 12:43:39',0,0,4,10,4,10),(509,5,NULL,NULL,'subvención',NULL,'edit',38,NULL,NULL,38,NULL,NULL,NULL,'2018-03-08 12:43:39',0,0,4,10,5,10),(510,5,NULL,NULL,'subvención',NULL,'crear',39,NULL,NULL,39,NULL,NULL,NULL,'2018-03-08 12:46:49',0,0,4,10,1,10),(511,5,NULL,NULL,'subvención',NULL,'crear',39,NULL,NULL,39,NULL,NULL,NULL,'2018-03-08 12:46:49',0,0,4,10,2,10),(512,5,NULL,NULL,'subvención',NULL,'crear',39,NULL,NULL,39,NULL,NULL,NULL,'2018-03-08 12:46:49',0,1,4,10,3,10),(513,5,NULL,NULL,'subvención',NULL,'crear',39,NULL,NULL,39,NULL,NULL,NULL,'2018-03-08 12:46:49',0,0,4,10,4,10),(514,5,NULL,NULL,'subvención',NULL,'crear',39,NULL,NULL,39,NULL,NULL,NULL,'2018-03-08 12:46:49',0,0,4,10,5,10),(515,5,NULL,NULL,'subvención',NULL,'crear',40,NULL,NULL,40,NULL,NULL,NULL,'2018-03-08 12:54:49',0,0,4,10,1,10),(516,5,NULL,NULL,'subvención',NULL,'crear',40,NULL,NULL,40,NULL,NULL,NULL,'2018-03-08 12:54:49',0,0,4,10,2,10),(517,5,NULL,NULL,'subvención',NULL,'crear',40,NULL,NULL,40,NULL,NULL,NULL,'2018-03-08 12:54:49',0,1,4,10,3,10),(518,5,NULL,NULL,'subvención',NULL,'crear',40,NULL,NULL,40,NULL,NULL,NULL,'2018-03-08 12:54:49',0,0,4,10,4,10),(519,5,NULL,NULL,'subvención',NULL,'crear',40,NULL,NULL,40,NULL,NULL,NULL,'2018-03-08 12:54:49',0,0,4,10,5,10),(520,5,NULL,NULL,'subvención',NULL,'edit',40,NULL,NULL,40,NULL,NULL,NULL,'2018-03-08 12:56:38',0,0,4,10,1,10),(521,5,NULL,NULL,'subvención',NULL,'edit',40,NULL,NULL,40,NULL,NULL,NULL,'2018-03-08 12:56:38',0,0,4,10,2,10),(522,5,NULL,NULL,'subvención',NULL,'edit',40,NULL,NULL,40,NULL,NULL,NULL,'2018-03-08 12:56:38',0,1,4,10,3,10),(523,5,NULL,NULL,'subvención',NULL,'edit',40,NULL,NULL,40,NULL,NULL,NULL,'2018-03-08 12:56:38',0,0,4,10,4,10),(524,5,NULL,NULL,'subvención',NULL,'edit',40,NULL,NULL,40,NULL,NULL,NULL,'2018-03-08 12:56:38',0,0,4,10,5,10),(525,5,NULL,NULL,'subvención',NULL,'crear',41,NULL,NULL,41,NULL,NULL,NULL,'2018-03-08 13:20:27',0,0,4,10,1,10),(526,5,NULL,NULL,'subvención',NULL,'crear',41,NULL,NULL,41,NULL,NULL,NULL,'2018-03-08 13:20:27',0,0,4,10,2,10),(527,5,NULL,NULL,'subvención',NULL,'crear',41,NULL,NULL,41,NULL,NULL,NULL,'2018-03-08 13:20:27',0,1,4,10,3,10),(528,5,NULL,NULL,'subvención',NULL,'crear',41,NULL,NULL,41,NULL,NULL,NULL,'2018-03-08 13:20:27',0,0,4,10,4,10),(529,5,NULL,NULL,'subvención',NULL,'crear',41,NULL,NULL,41,NULL,NULL,NULL,'2018-03-08 13:20:27',0,0,4,10,5,10),(530,5,NULL,NULL,'subvención',NULL,'crear',42,NULL,NULL,42,NULL,NULL,NULL,'2018-03-08 13:23:57',0,0,4,10,1,10),(531,5,NULL,NULL,'subvención',NULL,'crear',42,NULL,NULL,42,NULL,NULL,NULL,'2018-03-08 13:23:57',0,0,4,10,2,10),(532,5,NULL,NULL,'subvención',NULL,'crear',42,NULL,NULL,42,NULL,NULL,NULL,'2018-03-08 13:23:57',0,1,4,10,3,10),(533,5,NULL,NULL,'subvención',NULL,'crear',42,NULL,NULL,42,NULL,NULL,NULL,'2018-03-08 13:23:57',0,0,4,10,4,10),(534,5,NULL,NULL,'subvención',NULL,'crear',42,NULL,NULL,42,NULL,NULL,NULL,'2018-03-08 13:23:57',0,0,4,10,5,10),(535,5,NULL,NULL,'subvención',NULL,'edit',35,NULL,NULL,35,NULL,NULL,NULL,'2018-03-12 13:30:04',0,0,4,10,1,10),(536,5,NULL,NULL,'subvención',NULL,'edit',35,NULL,NULL,35,NULL,NULL,NULL,'2018-03-12 13:30:04',0,0,4,10,2,10),(537,5,NULL,NULL,'subvención',NULL,'edit',35,NULL,NULL,35,NULL,NULL,NULL,'2018-03-12 13:30:04',0,1,4,10,3,10),(538,5,NULL,NULL,'subvención',NULL,'edit',35,NULL,NULL,35,NULL,NULL,NULL,'2018-03-12 13:30:04',0,0,4,10,4,10),(539,5,NULL,NULL,'subvención',NULL,'edit',35,NULL,NULL,35,NULL,NULL,NULL,'2018-03-12 13:30:04',0,0,4,10,5,10),(540,5,NULL,NULL,'subvención',NULL,'edit',34,NULL,NULL,34,NULL,NULL,NULL,'2018-03-12 17:33:11',0,0,4,10,1,10),(541,5,NULL,NULL,'subvención',NULL,'edit',34,NULL,NULL,34,NULL,NULL,NULL,'2018-03-12 17:33:11',0,0,4,10,2,10),(542,5,NULL,NULL,'subvención',NULL,'edit',34,NULL,NULL,34,NULL,NULL,NULL,'2018-03-12 17:33:11',0,1,4,10,3,10),(543,5,NULL,NULL,'subvención',NULL,'edit',34,NULL,NULL,34,NULL,NULL,NULL,'2018-03-12 17:33:11',0,0,4,10,4,10),(544,5,NULL,NULL,'subvención',NULL,'edit',34,NULL,NULL,34,NULL,NULL,NULL,'2018-03-12 17:33:11',0,0,4,10,5,10),(545,5,NULL,NULL,'subvención',NULL,'crear',43,NULL,NULL,43,NULL,NULL,NULL,'2018-03-14 06:38:24',0,0,4,10,1,10),(546,5,NULL,NULL,'subvención',NULL,'crear',43,NULL,NULL,43,NULL,NULL,NULL,'2018-03-14 06:38:24',0,0,4,10,2,10),(547,5,NULL,NULL,'subvención',NULL,'crear',43,NULL,NULL,43,NULL,NULL,NULL,'2018-03-14 06:38:24',0,1,4,10,3,10),(548,5,NULL,NULL,'subvención',NULL,'crear',43,NULL,NULL,43,NULL,NULL,NULL,'2018-03-14 06:38:24',0,0,4,10,4,10),(549,5,NULL,NULL,'subvención',NULL,'crear',43,NULL,NULL,43,NULL,NULL,NULL,'2018-03-14 06:38:24',0,0,4,10,5,10),(550,5,NULL,NULL,'subvención',NULL,'crear',44,NULL,NULL,44,NULL,NULL,NULL,'2018-03-15 07:12:31',0,0,4,10,1,10),(551,5,NULL,NULL,'subvención',NULL,'crear',44,NULL,NULL,44,NULL,NULL,NULL,'2018-03-15 07:12:31',0,0,4,10,2,10),(552,5,NULL,NULL,'subvención',NULL,'crear',44,NULL,NULL,44,NULL,NULL,NULL,'2018-03-15 07:12:31',0,1,4,10,3,10),(553,5,NULL,NULL,'subvención',NULL,'crear',44,NULL,NULL,44,NULL,NULL,NULL,'2018-03-15 07:12:31',0,0,4,10,4,10),(554,5,NULL,NULL,'subvención',NULL,'crear',44,NULL,NULL,44,NULL,NULL,NULL,'2018-03-15 07:12:31',0,0,4,10,5,10),(555,3,NULL,NULL,'subvención, programa\r\nDe incentivos a la contratación de personas jóvenes por entidades locales, en el marco del Sistema Nacional de Garantía Juvenil 2018',NULL,'delete',NULL,NULL,NULL,NULL,NULL,NULL,NULL,'2018-03-15 11:50:41',0,0,4,NULL,1,NULL),(556,3,NULL,NULL,'subvención, programa\r\nDe incentivos a la contratación de personas jóvenes por entidades locales, en el marco del Sistema Nacional de Garantía Juvenil 2018',NULL,'delete',NULL,NULL,NULL,NULL,NULL,NULL,NULL,'2018-03-15 11:50:41',0,0,4,NULL,2,NULL),(557,3,NULL,NULL,'subvención, programa\r\nDe incentivos a la contratación de personas jóvenes por entidades locales, en el marco del Sistema Nacional de Garantía Juvenil 2018',NULL,'delete',NULL,NULL,NULL,NULL,NULL,NULL,NULL,'2018-03-15 11:50:41',0,0,4,NULL,3,NULL),(558,3,NULL,NULL,'subvención, programa\r\nDe incentivos a la contratación de personas jóvenes por entidades locales, en el marco del Sistema Nacional de Garantía Juvenil 2018',NULL,'delete',NULL,NULL,NULL,NULL,NULL,NULL,NULL,'2018-03-15 11:50:41',0,0,4,NULL,4,NULL),(559,3,NULL,NULL,'subvención, programa\r\nDe incentivos a la contratación de personas jóvenes por entidades locales, en el marco del Sistema Nacional de Garantía Juvenil 2018',NULL,'delete',NULL,NULL,NULL,NULL,NULL,NULL,NULL,'2018-03-15 11:50:41',0,0,4,NULL,5,NULL),(560,5,NULL,NULL,'subvención',NULL,'edit',40,NULL,NULL,40,NULL,NULL,NULL,'2018-03-15 23:49:49',0,0,4,10,1,10),(561,5,NULL,NULL,'subvención',NULL,'edit',40,NULL,NULL,40,NULL,NULL,NULL,'2018-03-15 23:49:49',0,0,4,10,2,10),(562,5,NULL,NULL,'subvención',NULL,'edit',40,NULL,NULL,40,NULL,NULL,NULL,'2018-03-15 23:49:49',0,0,4,10,3,10),(563,5,NULL,NULL,'subvención',NULL,'edit',40,NULL,NULL,40,NULL,NULL,NULL,'2018-03-15 23:49:49',0,0,4,10,4,10),(564,5,NULL,NULL,'subvención',NULL,'edit',40,NULL,NULL,40,NULL,NULL,NULL,'2018-03-15 23:49:49',0,0,4,10,5,10),(565,5,NULL,NULL,'estado, \"Sin atender\"',NULL,'crear',NULL,NULL,NULL,NULL,NULL,NULL,NULL,'2018-03-15 23:52:02',0,0,4,NULL,1,NULL),(566,5,NULL,NULL,'estado, \"Sin atender\"',NULL,'crear',NULL,NULL,NULL,NULL,NULL,NULL,NULL,'2018-03-15 23:52:02',0,0,4,NULL,2,NULL),(567,5,NULL,NULL,'estado, \"Sin atender\"',NULL,'crear',NULL,NULL,NULL,NULL,NULL,NULL,NULL,'2018-03-15 23:52:02',0,0,4,NULL,3,NULL),(568,5,NULL,NULL,'estado, \"Sin atender\"',NULL,'crear',NULL,NULL,NULL,NULL,NULL,NULL,NULL,'2018-03-15 23:52:02',0,0,4,NULL,4,NULL),(569,5,NULL,NULL,'estado, \"Sin atender\"',NULL,'crear',NULL,NULL,NULL,NULL,NULL,NULL,NULL,'2018-03-15 23:52:02',0,0,4,NULL,5,NULL),(570,5,NULL,NULL,'subvención',NULL,'edit',39,NULL,NULL,39,NULL,NULL,NULL,'2018-03-16 00:26:45',0,0,4,10,1,10),(571,5,NULL,NULL,'subvención',NULL,'edit',39,NULL,NULL,39,NULL,NULL,NULL,'2018-03-16 00:26:45',0,0,4,10,2,10),(572,5,NULL,NULL,'subvención',NULL,'edit',39,NULL,NULL,39,NULL,NULL,NULL,'2018-03-16 00:26:45',0,0,4,10,3,10),(573,5,NULL,NULL,'subvención',NULL,'edit',39,NULL,NULL,39,NULL,NULL,NULL,'2018-03-16 00:26:45',0,0,4,10,4,10),(574,5,NULL,NULL,'subvención',NULL,'edit',39,NULL,NULL,39,NULL,NULL,NULL,'2018-03-16 00:26:45',0,0,4,10,5,10),(575,5,NULL,NULL,'subvención',NULL,'edit',38,NULL,NULL,38,NULL,NULL,NULL,'2018-03-16 00:31:49',0,0,4,10,1,10),(576,5,NULL,NULL,'subvención',NULL,'edit',38,NULL,NULL,38,NULL,NULL,NULL,'2018-03-16 00:31:49',0,0,4,10,2,10),(577,5,NULL,NULL,'subvención',NULL,'edit',38,NULL,NULL,38,NULL,NULL,NULL,'2018-03-16 00:31:49',0,0,4,10,3,10),(578,5,NULL,NULL,'subvención',NULL,'edit',38,NULL,NULL,38,NULL,NULL,NULL,'2018-03-16 00:31:49',0,0,4,10,4,10),(579,5,NULL,NULL,'subvención',NULL,'edit',38,NULL,NULL,38,NULL,NULL,NULL,'2018-03-16 00:31:49',0,0,4,10,5,10),(580,5,NULL,NULL,'subvención',NULL,'crear',45,NULL,NULL,45,NULL,NULL,NULL,'2018-03-16 07:47:42',0,0,4,10,1,10),(581,5,NULL,NULL,'subvención',NULL,'crear',45,NULL,NULL,45,NULL,NULL,NULL,'2018-03-16 07:47:42',0,0,4,10,2,10),(582,5,NULL,NULL,'subvención',NULL,'crear',45,NULL,NULL,45,NULL,NULL,NULL,'2018-03-16 07:47:42',0,0,4,10,3,10),(583,5,NULL,NULL,'subvención',NULL,'crear',45,NULL,NULL,45,NULL,NULL,NULL,'2018-03-16 07:47:42',0,0,4,10,4,10),(584,5,NULL,NULL,'subvención',NULL,'crear',45,NULL,NULL,45,NULL,NULL,NULL,'2018-03-16 07:47:42',0,0,4,10,5,10),(585,5,NULL,NULL,'subvención',NULL,'edit',13,NULL,NULL,13,NULL,NULL,NULL,'2018-03-16 08:08:40',0,0,4,10,1,10),(586,5,NULL,NULL,'subvención',NULL,'edit',13,NULL,NULL,13,NULL,NULL,NULL,'2018-03-16 08:08:40',0,0,4,10,2,10),(587,5,NULL,NULL,'subvención',NULL,'edit',13,NULL,NULL,13,NULL,NULL,NULL,'2018-03-16 08:08:40',0,0,4,10,3,10),(588,5,NULL,NULL,'subvención',NULL,'edit',13,NULL,NULL,13,NULL,NULL,NULL,'2018-03-16 08:08:40',0,0,4,10,4,10),(589,5,NULL,NULL,'subvención',NULL,'edit',13,NULL,NULL,13,NULL,NULL,NULL,'2018-03-16 08:08:40',0,0,4,10,5,10),(590,5,NULL,NULL,'departamento (Diputación), \"Medio Ambiente\"',NULL,'crear',NULL,NULL,NULL,NULL,NULL,NULL,NULL,'2018-03-16 08:20:25',0,0,4,NULL,1,NULL),(591,5,NULL,NULL,'departamento (Diputación), \"Medio Ambiente\"',NULL,'crear',NULL,NULL,NULL,NULL,NULL,NULL,NULL,'2018-03-16 08:20:25',0,0,4,NULL,2,NULL),(592,5,NULL,NULL,'departamento (Diputación), \"Medio Ambiente\"',NULL,'crear',NULL,NULL,NULL,NULL,NULL,NULL,NULL,'2018-03-16 08:20:25',0,0,4,NULL,3,NULL),(593,5,NULL,NULL,'departamento (Diputación), \"Medio Ambiente\"',NULL,'crear',NULL,NULL,NULL,NULL,NULL,NULL,NULL,'2018-03-16 08:20:25',0,0,4,NULL,4,NULL),(594,5,NULL,NULL,'departamento (Diputación), \"Medio Ambiente\"',NULL,'crear',NULL,NULL,NULL,NULL,NULL,NULL,NULL,'2018-03-16 08:20:25',0,0,4,NULL,5,NULL),(595,5,NULL,NULL,'subvención',NULL,'crear',46,NULL,NULL,46,NULL,NULL,NULL,'2018-03-16 08:27:34',0,0,4,10,1,10),(596,5,NULL,NULL,'subvención',NULL,'crear',46,NULL,NULL,46,NULL,NULL,NULL,'2018-03-16 08:27:34',0,0,4,10,2,10),(597,5,NULL,NULL,'subvención',NULL,'crear',46,NULL,NULL,46,NULL,NULL,NULL,'2018-03-16 08:27:34',0,0,4,10,3,10),(598,5,NULL,NULL,'subvención',NULL,'crear',46,NULL,NULL,46,NULL,NULL,NULL,'2018-03-16 08:27:34',0,0,4,10,4,10),(599,5,NULL,NULL,'subvención',NULL,'crear',46,NULL,NULL,46,NULL,NULL,NULL,'2018-03-16 08:27:34',0,0,4,10,5,10),(600,5,NULL,NULL,'departamento (Diputación), \"Igualdad y Juventud\"',NULL,'crear',NULL,NULL,NULL,NULL,NULL,NULL,NULL,'2018-03-16 09:05:49',0,0,4,NULL,1,NULL),(601,5,NULL,NULL,'departamento (Diputación), \"Igualdad y Juventud\"',NULL,'crear',NULL,NULL,NULL,NULL,NULL,NULL,NULL,'2018-03-16 09:05:49',0,0,4,NULL,2,NULL),(602,5,NULL,NULL,'departamento (Diputación), \"Igualdad y Juventud\"',NULL,'crear',NULL,NULL,NULL,NULL,NULL,NULL,NULL,'2018-03-16 09:05:49',0,0,4,NULL,3,NULL),(603,5,NULL,NULL,'departamento (Diputación), \"Igualdad y Juventud\"',NULL,'crear',NULL,NULL,NULL,NULL,NULL,NULL,NULL,'2018-03-16 09:05:49',0,0,4,NULL,4,NULL),(604,5,NULL,NULL,'departamento (Diputación), \"Igualdad y Juventud\"',NULL,'crear',NULL,NULL,NULL,NULL,NULL,NULL,NULL,'2018-03-16 09:05:49',0,0,4,NULL,5,NULL),(605,5,NULL,NULL,'subvención',NULL,'crear',47,NULL,NULL,47,NULL,NULL,NULL,'2018-03-16 09:10:15',0,0,4,10,1,10),(606,5,NULL,NULL,'subvención',NULL,'crear',47,NULL,NULL,47,NULL,NULL,NULL,'2018-03-16 09:10:15',0,0,4,10,2,10),(607,5,NULL,NULL,'subvención',NULL,'crear',47,NULL,NULL,47,NULL,NULL,NULL,'2018-03-16 09:10:15',0,0,4,10,3,10),(608,5,NULL,NULL,'subvención',NULL,'crear',47,NULL,NULL,47,NULL,NULL,NULL,'2018-03-16 09:10:15',0,0,4,10,4,10),(609,5,NULL,NULL,'subvención',NULL,'crear',47,NULL,NULL,47,NULL,NULL,NULL,'2018-03-16 09:10:15',0,0,4,10,5,10),(610,5,NULL,NULL,'subvención',NULL,'crear',48,NULL,NULL,48,NULL,NULL,NULL,'2018-03-16 09:23:13',0,0,4,10,1,10),(611,5,NULL,NULL,'subvención',NULL,'crear',48,NULL,NULL,48,NULL,NULL,NULL,'2018-03-16 09:23:13',0,0,4,10,2,10),(612,5,NULL,NULL,'subvención',NULL,'crear',48,NULL,NULL,48,NULL,NULL,NULL,'2018-03-16 09:23:13',0,0,4,10,3,10),(613,5,NULL,NULL,'subvención',NULL,'crear',48,NULL,NULL,48,NULL,NULL,NULL,'2018-03-16 09:23:13',0,0,4,10,4,10),(614,5,NULL,NULL,'subvención',NULL,'crear',48,NULL,NULL,48,NULL,NULL,NULL,'2018-03-16 09:23:13',0,0,4,10,5,10),(615,5,NULL,NULL,'subvención',NULL,'edit',42,NULL,NULL,42,NULL,NULL,NULL,'2018-03-16 13:31:37',0,0,4,10,1,10),(616,5,NULL,NULL,'subvención',NULL,'edit',42,NULL,NULL,42,NULL,NULL,NULL,'2018-03-16 13:31:37',0,0,4,10,2,10),(617,5,NULL,NULL,'subvención',NULL,'edit',42,NULL,NULL,42,NULL,NULL,NULL,'2018-03-16 13:31:37',0,0,4,10,3,10),(618,5,NULL,NULL,'subvención',NULL,'edit',42,NULL,NULL,42,NULL,NULL,NULL,'2018-03-16 13:31:37',0,0,4,10,4,10),(619,5,NULL,NULL,'subvención',NULL,'edit',42,NULL,NULL,42,NULL,NULL,NULL,'2018-03-16 13:31:37',0,0,4,10,5,10),(620,5,NULL,NULL,'subvención',NULL,'edit',41,NULL,NULL,41,NULL,NULL,NULL,'2018-03-16 13:41:41',0,0,4,10,1,10),(621,5,NULL,NULL,'subvención',NULL,'edit',41,NULL,NULL,41,NULL,NULL,NULL,'2018-03-16 13:41:41',0,0,4,10,2,10),(622,5,NULL,NULL,'subvención',NULL,'edit',41,NULL,NULL,41,NULL,NULL,NULL,'2018-03-16 13:41:41',0,0,4,10,3,10),(623,5,NULL,NULL,'subvención',NULL,'edit',41,NULL,NULL,41,NULL,NULL,NULL,'2018-03-16 13:41:41',0,0,4,10,4,10),(624,5,NULL,NULL,'subvención',NULL,'edit',41,NULL,NULL,41,NULL,NULL,NULL,'2018-03-16 13:41:41',0,0,4,10,5,10),(625,5,NULL,NULL,'subvención',NULL,'edit',47,NULL,NULL,47,NULL,NULL,NULL,'2018-03-16 13:44:33',0,0,4,10,1,10),(626,5,NULL,NULL,'subvención',NULL,'edit',47,NULL,NULL,47,NULL,NULL,NULL,'2018-03-16 13:44:33',0,0,4,10,2,10),(627,5,NULL,NULL,'subvención',NULL,'edit',47,NULL,NULL,47,NULL,NULL,NULL,'2018-03-16 13:44:33',0,0,4,10,3,10),(628,5,NULL,NULL,'subvención',NULL,'edit',47,NULL,NULL,47,NULL,NULL,NULL,'2018-03-16 13:44:33',0,0,4,10,4,10),(629,5,NULL,NULL,'subvención',NULL,'edit',47,NULL,NULL,47,NULL,NULL,NULL,'2018-03-16 13:44:33',0,0,4,10,5,10),(630,5,NULL,NULL,'subvención',NULL,'edit',41,NULL,NULL,41,NULL,NULL,NULL,'2018-03-16 13:46:45',0,0,4,10,1,10),(631,5,NULL,NULL,'subvención',NULL,'edit',41,NULL,NULL,41,NULL,NULL,NULL,'2018-03-16 13:46:45',0,0,4,10,2,10),(632,5,NULL,NULL,'subvención',NULL,'edit',41,NULL,NULL,41,NULL,NULL,NULL,'2018-03-16 13:46:45',0,0,4,10,3,10),(633,5,NULL,NULL,'subvención',NULL,'edit',41,NULL,NULL,41,NULL,NULL,NULL,'2018-03-16 13:46:45',0,0,4,10,4,10),(634,5,NULL,NULL,'subvención',NULL,'edit',41,NULL,NULL,41,NULL,NULL,NULL,'2018-03-16 13:46:45',0,0,4,10,5,10),(635,5,NULL,NULL,'subvención',NULL,'edit',40,NULL,NULL,40,NULL,NULL,NULL,'2018-03-16 13:49:17',0,0,4,10,1,10),(636,5,NULL,NULL,'subvención',NULL,'edit',40,NULL,NULL,40,NULL,NULL,NULL,'2018-03-16 13:49:17',0,0,4,10,2,10),(637,5,NULL,NULL,'subvención',NULL,'edit',40,NULL,NULL,40,NULL,NULL,NULL,'2018-03-16 13:49:17',0,0,4,10,3,10),(638,5,NULL,NULL,'subvención',NULL,'edit',40,NULL,NULL,40,NULL,NULL,NULL,'2018-03-16 13:49:17',0,0,4,10,4,10),(639,5,NULL,NULL,'subvención',NULL,'edit',40,NULL,NULL,40,NULL,NULL,NULL,'2018-03-16 13:49:17',0,0,4,10,5,10),(640,5,NULL,NULL,'subvención',NULL,'edit',34,NULL,NULL,34,NULL,NULL,NULL,'2018-03-21 22:10:58',0,0,4,10,1,10),(641,5,NULL,NULL,'subvención',NULL,'edit',34,NULL,NULL,34,NULL,NULL,NULL,'2018-03-21 22:10:58',0,0,4,10,2,10),(642,5,NULL,NULL,'subvención',NULL,'edit',34,NULL,NULL,34,NULL,NULL,NULL,'2018-03-21 22:10:58',0,0,4,10,3,10),(643,5,NULL,NULL,'subvención',NULL,'edit',34,NULL,NULL,34,NULL,NULL,NULL,'2018-03-21 22:10:58',0,0,4,10,4,10),(644,5,NULL,NULL,'subvención',NULL,'edit',34,NULL,NULL,34,NULL,NULL,NULL,'2018-03-21 22:10:58',0,0,4,10,5,10),(645,5,NULL,NULL,'subvención',NULL,'edit',35,NULL,NULL,35,NULL,NULL,NULL,'2018-03-21 22:12:34',0,0,4,10,1,10),(646,5,NULL,NULL,'subvención',NULL,'edit',35,NULL,NULL,35,NULL,NULL,NULL,'2018-03-21 22:12:34',0,0,4,10,2,10),(647,5,NULL,NULL,'subvención',NULL,'edit',35,NULL,NULL,35,NULL,NULL,NULL,'2018-03-21 22:12:34',0,0,4,10,3,10),(648,5,NULL,NULL,'subvención',NULL,'edit',35,NULL,NULL,35,NULL,NULL,NULL,'2018-03-21 22:12:34',0,0,4,10,4,10),(649,5,NULL,NULL,'subvención',NULL,'edit',35,NULL,NULL,35,NULL,NULL,NULL,'2018-03-21 22:12:34',0,0,4,10,5,10),(650,5,NULL,NULL,'subvención',NULL,'edit',34,NULL,NULL,34,NULL,NULL,NULL,'2018-03-21 22:13:19',0,0,4,10,1,10),(651,5,NULL,NULL,'subvención',NULL,'edit',34,NULL,NULL,34,NULL,NULL,NULL,'2018-03-21 22:13:19',0,0,4,10,2,10),(652,5,NULL,NULL,'subvención',NULL,'edit',34,NULL,NULL,34,NULL,NULL,NULL,'2018-03-21 22:13:19',0,0,4,10,3,10),(653,5,NULL,NULL,'subvención',NULL,'edit',34,NULL,NULL,34,NULL,NULL,NULL,'2018-03-21 22:13:19',0,0,4,10,4,10),(654,5,NULL,NULL,'subvención',NULL,'edit',34,NULL,NULL,34,NULL,NULL,NULL,'2018-03-21 22:13:19',0,0,4,10,5,10),(655,5,NULL,NULL,'subvención',NULL,'edit',27,NULL,NULL,27,NULL,NULL,NULL,'2018-03-23 06:53:15',0,0,4,10,1,10),(656,5,NULL,NULL,'subvención',NULL,'edit',27,NULL,NULL,27,NULL,NULL,NULL,'2018-03-23 06:53:15',0,0,4,10,2,10),(657,5,NULL,NULL,'subvención',NULL,'edit',27,NULL,NULL,27,NULL,NULL,NULL,'2018-03-23 06:53:15',0,0,4,10,3,10),(658,5,NULL,NULL,'subvención',NULL,'edit',27,NULL,NULL,27,NULL,NULL,NULL,'2018-03-23 06:53:15',0,0,4,10,4,10),(659,5,NULL,NULL,'subvención',NULL,'edit',27,NULL,NULL,27,NULL,NULL,NULL,'2018-03-23 06:53:15',0,0,4,10,5,10),(660,5,NULL,NULL,'subvención',NULL,'edit',27,NULL,NULL,27,NULL,NULL,NULL,'2018-03-23 06:54:05',0,0,4,10,1,10),(661,5,NULL,NULL,'subvención',NULL,'edit',27,NULL,NULL,27,NULL,NULL,NULL,'2018-03-23 06:54:05',0,0,4,10,2,10),(662,5,NULL,NULL,'subvención',NULL,'edit',27,NULL,NULL,27,NULL,NULL,NULL,'2018-03-23 06:54:05',0,0,4,10,3,10),(663,5,NULL,NULL,'subvención',NULL,'edit',27,NULL,NULL,27,NULL,NULL,NULL,'2018-03-23 06:54:05',0,0,4,10,4,10),(664,5,NULL,NULL,'subvención',NULL,'edit',27,NULL,NULL,27,NULL,NULL,NULL,'2018-03-23 06:54:05',0,0,4,10,5,10),(665,5,NULL,NULL,'subvención',NULL,'edit',35,NULL,NULL,35,NULL,NULL,NULL,'2018-03-23 19:30:42',0,0,4,10,1,10),(666,5,NULL,NULL,'subvención',NULL,'edit',35,NULL,NULL,35,NULL,NULL,NULL,'2018-03-23 19:30:42',0,0,4,10,2,10),(667,5,NULL,NULL,'subvención',NULL,'edit',35,NULL,NULL,35,NULL,NULL,NULL,'2018-03-23 19:30:42',0,0,4,10,3,10),(668,5,NULL,NULL,'subvención',NULL,'edit',35,NULL,NULL,35,NULL,NULL,NULL,'2018-03-23 19:30:42',0,0,4,10,4,10),(669,5,NULL,NULL,'subvención',NULL,'edit',35,NULL,NULL,35,NULL,NULL,NULL,'2018-03-23 19:30:42',0,0,4,10,5,10),(670,5,NULL,NULL,'subvención',NULL,'edit',28,NULL,NULL,28,NULL,NULL,NULL,'2018-03-23 19:44:45',0,0,4,10,1,10),(671,5,NULL,NULL,'subvención',NULL,'edit',28,NULL,NULL,28,NULL,NULL,NULL,'2018-03-23 19:44:45',0,0,4,10,2,10),(672,5,NULL,NULL,'subvención',NULL,'edit',28,NULL,NULL,28,NULL,NULL,NULL,'2018-03-23 19:44:45',0,0,4,10,3,10),(673,5,NULL,NULL,'subvención',NULL,'edit',28,NULL,NULL,28,NULL,NULL,NULL,'2018-03-23 19:44:45',0,0,4,10,4,10),(674,5,NULL,NULL,'subvención',NULL,'edit',28,NULL,NULL,28,NULL,NULL,NULL,'2018-03-23 19:44:45',0,0,4,10,5,10),(675,5,NULL,NULL,'subvención',NULL,'edit',9,NULL,NULL,9,NULL,NULL,NULL,'2018-03-24 10:38:07',0,0,4,10,1,10),(676,5,NULL,NULL,'subvención',NULL,'edit',9,NULL,NULL,9,NULL,NULL,NULL,'2018-03-24 10:38:07',0,0,4,10,2,10),(677,5,NULL,NULL,'subvención',NULL,'edit',9,NULL,NULL,9,NULL,NULL,NULL,'2018-03-24 10:38:07',0,0,4,10,3,10),(678,5,NULL,NULL,'subvención',NULL,'edit',9,NULL,NULL,9,NULL,NULL,NULL,'2018-03-24 10:38:07',0,0,4,10,4,10),(679,5,NULL,NULL,'subvención',NULL,'edit',9,NULL,NULL,9,NULL,NULL,NULL,'2018-03-24 10:38:07',0,0,4,10,5,10),(680,5,NULL,NULL,'subvención',NULL,'edit',10,NULL,NULL,10,NULL,NULL,NULL,'2018-03-24 10:46:01',0,0,4,10,1,10),(681,5,NULL,NULL,'subvención',NULL,'edit',10,NULL,NULL,10,NULL,NULL,NULL,'2018-03-24 10:46:01',0,0,4,10,2,10),(682,5,NULL,NULL,'subvención',NULL,'edit',10,NULL,NULL,10,NULL,NULL,NULL,'2018-03-24 10:46:01',0,0,4,10,3,10),(683,5,NULL,NULL,'subvención',NULL,'edit',10,NULL,NULL,10,NULL,NULL,NULL,'2018-03-24 10:46:01',0,0,4,10,4,10),(684,5,NULL,NULL,'subvención',NULL,'edit',10,NULL,NULL,10,NULL,NULL,NULL,'2018-03-24 10:46:01',0,0,4,10,5,10),(685,5,NULL,NULL,'subvención',NULL,'edit',47,NULL,NULL,47,NULL,NULL,NULL,'2018-03-26 12:37:51',0,0,4,10,1,10),(686,5,NULL,NULL,'subvención',NULL,'edit',47,NULL,NULL,47,NULL,NULL,NULL,'2018-03-26 12:37:51',0,0,4,10,2,10),(687,5,NULL,NULL,'subvención',NULL,'edit',47,NULL,NULL,47,NULL,NULL,NULL,'2018-03-26 12:37:51',0,0,4,10,3,10),(688,5,NULL,NULL,'subvención',NULL,'edit',47,NULL,NULL,47,NULL,NULL,NULL,'2018-03-26 12:37:51',0,0,4,10,4,10),(689,5,NULL,NULL,'subvención',NULL,'edit',47,NULL,NULL,47,NULL,NULL,NULL,'2018-03-26 12:37:51',0,0,4,10,5,10),(690,5,NULL,NULL,'subvención',NULL,'edit',48,NULL,NULL,48,NULL,NULL,NULL,'2018-03-26 16:42:44',0,0,4,10,1,10),(691,5,NULL,NULL,'subvención',NULL,'edit',48,NULL,NULL,48,NULL,NULL,NULL,'2018-03-26 16:42:44',0,0,4,10,2,10),(692,5,NULL,NULL,'subvención',NULL,'edit',48,NULL,NULL,48,NULL,NULL,NULL,'2018-03-26 16:42:44',0,0,4,10,3,10),(693,5,NULL,NULL,'subvención',NULL,'edit',48,NULL,NULL,48,NULL,NULL,NULL,'2018-03-26 16:42:44',0,0,4,10,4,10),(694,5,NULL,NULL,'subvención',NULL,'edit',48,NULL,NULL,48,NULL,NULL,NULL,'2018-03-26 16:42:44',0,0,4,10,5,10),(695,5,NULL,NULL,'subvención',NULL,'edit',32,NULL,NULL,32,NULL,NULL,NULL,'2018-03-26 17:02:43',0,0,4,10,1,10),(696,5,NULL,NULL,'subvención',NULL,'edit',32,NULL,NULL,32,NULL,NULL,NULL,'2018-03-26 17:02:43',0,0,4,10,2,10),(697,5,NULL,NULL,'subvención',NULL,'edit',32,NULL,NULL,32,NULL,NULL,NULL,'2018-03-26 17:02:43',0,0,4,10,3,10),(698,5,NULL,NULL,'subvención',NULL,'edit',32,NULL,NULL,32,NULL,NULL,NULL,'2018-03-26 17:02:43',0,0,4,10,4,10),(699,5,NULL,NULL,'subvención',NULL,'edit',32,NULL,NULL,32,NULL,NULL,NULL,'2018-03-26 17:02:43',0,0,4,10,5,10),(700,5,NULL,NULL,'estado, \"postergado\"',NULL,'crear',NULL,NULL,NULL,NULL,NULL,NULL,NULL,'2018-03-26 17:17:27',0,0,4,NULL,1,NULL),(701,5,NULL,NULL,'estado, \"postergado\"',NULL,'crear',NULL,NULL,NULL,NULL,NULL,NULL,NULL,'2018-03-26 17:17:27',0,0,4,NULL,2,NULL),(702,5,NULL,NULL,'estado, \"postergado\"',NULL,'crear',NULL,NULL,NULL,NULL,NULL,NULL,NULL,'2018-03-26 17:17:27',0,0,4,NULL,3,NULL),(703,5,NULL,NULL,'estado, \"postergado\"',NULL,'crear',NULL,NULL,NULL,NULL,NULL,NULL,NULL,'2018-03-26 17:17:27',0,0,4,NULL,4,NULL),(704,5,NULL,NULL,'estado, \"postergado\"',NULL,'crear',NULL,NULL,NULL,NULL,NULL,NULL,NULL,'2018-03-26 17:17:27',0,0,4,NULL,5,NULL),(705,5,NULL,NULL,'subvención',NULL,'edit',24,NULL,NULL,24,NULL,NULL,NULL,'2018-03-26 17:18:39',0,0,4,10,1,10),(706,5,NULL,NULL,'subvención',NULL,'edit',24,NULL,NULL,24,NULL,NULL,NULL,'2018-03-26 17:18:39',0,0,4,10,2,10),(707,5,NULL,NULL,'subvención',NULL,'edit',24,NULL,NULL,24,NULL,NULL,NULL,'2018-03-26 17:18:39',0,0,4,10,3,10),(708,5,NULL,NULL,'subvención',NULL,'edit',24,NULL,NULL,24,NULL,NULL,NULL,'2018-03-26 17:18:39',0,0,4,10,4,10),(709,5,NULL,NULL,'subvención',NULL,'edit',24,NULL,NULL,24,NULL,NULL,NULL,'2018-03-26 17:18:39',0,0,4,10,5,10),(710,5,NULL,NULL,'subvención',NULL,'edit',32,NULL,NULL,32,NULL,NULL,NULL,'2018-03-26 17:18:58',0,0,4,10,1,10),(711,5,NULL,NULL,'subvención',NULL,'edit',32,NULL,NULL,32,NULL,NULL,NULL,'2018-03-26 17:18:58',0,0,4,10,2,10),(712,5,NULL,NULL,'subvención',NULL,'edit',32,NULL,NULL,32,NULL,NULL,NULL,'2018-03-26 17:18:58',0,0,4,10,3,10),(713,5,NULL,NULL,'subvención',NULL,'edit',32,NULL,NULL,32,NULL,NULL,NULL,'2018-03-26 17:18:58',0,0,4,10,4,10),(714,5,NULL,NULL,'subvención',NULL,'edit',32,NULL,NULL,32,NULL,NULL,NULL,'2018-03-26 17:18:58',0,0,4,10,5,10),(715,5,NULL,NULL,'subvención',NULL,'edit',10,NULL,NULL,10,NULL,NULL,NULL,'2018-03-28 06:19:09',0,0,4,10,1,10),(716,5,NULL,NULL,'subvención',NULL,'edit',10,NULL,NULL,10,NULL,NULL,NULL,'2018-03-28 06:19:09',0,0,4,10,2,10),(717,5,NULL,NULL,'subvención',NULL,'edit',10,NULL,NULL,10,NULL,NULL,NULL,'2018-03-28 06:19:09',0,0,4,10,3,10),(718,5,NULL,NULL,'subvención',NULL,'edit',10,NULL,NULL,10,NULL,NULL,NULL,'2018-03-28 06:19:09',0,0,4,10,4,10),(719,5,NULL,NULL,'subvención',NULL,'edit',10,NULL,NULL,10,NULL,NULL,NULL,'2018-03-28 06:19:09',0,0,4,10,5,10),(720,5,NULL,NULL,'subvención',NULL,'edit',9,NULL,NULL,9,NULL,NULL,NULL,'2018-03-28 06:48:33',0,0,4,10,1,10),(721,5,NULL,NULL,'subvención',NULL,'edit',9,NULL,NULL,9,NULL,NULL,NULL,'2018-03-28 06:48:33',0,0,4,10,2,10),(722,5,NULL,NULL,'subvención',NULL,'edit',9,NULL,NULL,9,NULL,NULL,NULL,'2018-03-28 06:48:33',0,0,4,10,3,10),(723,5,NULL,NULL,'subvención',NULL,'edit',9,NULL,NULL,9,NULL,NULL,NULL,'2018-03-28 06:48:33',0,0,4,10,4,10),(724,5,NULL,NULL,'subvención',NULL,'edit',9,NULL,NULL,9,NULL,NULL,NULL,'2018-03-28 06:48:33',0,0,4,10,5,10),(725,5,NULL,NULL,'departamento (Diputación), \"Ciudadanos extranjeros\"',NULL,'crear',NULL,NULL,NULL,NULL,NULL,NULL,NULL,'2018-03-28 06:59:07',0,0,4,NULL,1,NULL),(726,5,NULL,NULL,'departamento (Diputación), \"Ciudadanos extranjeros\"',NULL,'crear',NULL,NULL,NULL,NULL,NULL,NULL,NULL,'2018-03-28 06:59:07',0,0,4,NULL,2,NULL),(727,5,NULL,NULL,'departamento (Diputación), \"Ciudadanos extranjeros\"',NULL,'crear',NULL,NULL,NULL,NULL,NULL,NULL,NULL,'2018-03-28 06:59:07',0,0,4,NULL,3,NULL),(728,5,NULL,NULL,'departamento (Diputación), \"Ciudadanos extranjeros\"',NULL,'crear',NULL,NULL,NULL,NULL,NULL,NULL,NULL,'2018-03-28 06:59:07',0,0,4,NULL,4,NULL),(729,5,NULL,NULL,'departamento (Diputación), \"Ciudadanos extranjeros\"',NULL,'crear',NULL,NULL,NULL,NULL,NULL,NULL,NULL,'2018-03-28 06:59:07',0,0,4,NULL,5,NULL),(730,5,NULL,NULL,'subvención',NULL,'crear',49,NULL,NULL,49,NULL,NULL,NULL,'2018-03-28 09:38:24',0,0,4,10,1,10),(731,5,NULL,NULL,'subvención',NULL,'crear',49,NULL,NULL,49,NULL,NULL,NULL,'2018-03-28 09:38:24',0,0,4,10,2,10),(732,5,NULL,NULL,'subvención',NULL,'crear',49,NULL,NULL,49,NULL,NULL,NULL,'2018-03-28 09:38:24',0,0,4,10,3,10),(733,5,NULL,NULL,'subvención',NULL,'crear',49,NULL,NULL,49,NULL,NULL,NULL,'2018-03-28 09:38:24',0,0,4,10,4,10),(734,5,NULL,NULL,'subvención',NULL,'crear',49,NULL,NULL,49,NULL,NULL,NULL,'2018-03-28 09:38:24',0,0,4,10,5,10),(735,5,NULL,NULL,'subvención',NULL,'crear',50,NULL,NULL,50,NULL,NULL,NULL,'2018-03-28 10:06:43',0,0,4,10,1,10),(736,5,NULL,NULL,'subvención',NULL,'crear',50,NULL,NULL,50,NULL,NULL,NULL,'2018-03-28 10:06:43',0,0,4,10,2,10),(737,5,NULL,NULL,'subvención',NULL,'crear',50,NULL,NULL,50,NULL,NULL,NULL,'2018-03-28 10:06:43',0,0,4,10,3,10),(738,5,NULL,NULL,'subvención',NULL,'crear',50,NULL,NULL,50,NULL,NULL,NULL,'2018-03-28 10:06:43',0,0,4,10,4,10),(739,5,NULL,NULL,'subvención',NULL,'crear',50,NULL,NULL,50,NULL,NULL,NULL,'2018-03-28 10:06:43',0,0,4,10,5,10),(740,5,NULL,NULL,'subvención',NULL,'crear',51,NULL,NULL,51,NULL,NULL,NULL,'2018-03-28 10:21:26',0,0,4,10,1,10),(741,5,NULL,NULL,'subvención',NULL,'crear',51,NULL,NULL,51,NULL,NULL,NULL,'2018-03-28 10:21:26',0,0,4,10,2,10),(742,5,NULL,NULL,'subvención',NULL,'crear',51,NULL,NULL,51,NULL,NULL,NULL,'2018-03-28 10:21:26',0,0,4,10,3,10),(743,5,NULL,NULL,'subvención',NULL,'crear',51,NULL,NULL,51,NULL,NULL,NULL,'2018-03-28 10:21:26',0,0,4,10,4,10),(744,5,NULL,NULL,'subvención',NULL,'crear',51,NULL,NULL,51,NULL,NULL,NULL,'2018-03-28 10:21:26',0,0,4,10,5,10),(745,5,NULL,NULL,'departamento (Diputación), \"Patronato de Turismo\"',NULL,'crear',NULL,NULL,NULL,NULL,NULL,NULL,NULL,'2018-03-28 10:30:07',0,0,4,NULL,1,NULL),(746,5,NULL,NULL,'departamento (Diputación), \"Patronato de Turismo\"',NULL,'crear',NULL,NULL,NULL,NULL,NULL,NULL,NULL,'2018-03-28 10:30:07',0,0,4,NULL,2,NULL),(747,5,NULL,NULL,'departamento (Diputación), \"Patronato de Turismo\"',NULL,'crear',NULL,NULL,NULL,NULL,NULL,NULL,NULL,'2018-03-28 10:30:07',0,0,4,NULL,3,NULL),(748,5,NULL,NULL,'departamento (Diputación), \"Patronato de Turismo\"',NULL,'crear',NULL,NULL,NULL,NULL,NULL,NULL,NULL,'2018-03-28 10:30:07',0,0,4,NULL,4,NULL),(749,5,NULL,NULL,'departamento (Diputación), \"Patronato de Turismo\"',NULL,'crear',NULL,NULL,NULL,NULL,NULL,NULL,NULL,'2018-03-28 10:30:07',0,0,4,NULL,5,NULL),(750,5,NULL,NULL,'subvención',NULL,'crear',52,NULL,NULL,52,NULL,NULL,NULL,'2018-03-28 10:31:25',0,0,4,10,1,10),(751,5,NULL,NULL,'subvención',NULL,'crear',52,NULL,NULL,52,NULL,NULL,NULL,'2018-03-28 10:31:25',0,0,4,10,2,10),(752,5,NULL,NULL,'subvención',NULL,'crear',52,NULL,NULL,52,NULL,NULL,NULL,'2018-03-28 10:31:25',0,0,4,10,3,10),(753,5,NULL,NULL,'subvención',NULL,'crear',52,NULL,NULL,52,NULL,NULL,NULL,'2018-03-28 10:31:25',0,0,4,10,4,10),(754,5,NULL,NULL,'subvención',NULL,'crear',52,NULL,NULL,52,NULL,NULL,NULL,'2018-03-28 10:31:25',0,0,4,10,5,10),(755,5,NULL,NULL,'subvención',NULL,'edit',52,NULL,NULL,52,NULL,NULL,NULL,'2018-03-28 10:36:17',0,0,4,10,1,10),(756,5,NULL,NULL,'subvención',NULL,'edit',52,NULL,NULL,52,NULL,NULL,NULL,'2018-03-28 10:36:17',0,0,4,10,2,10),(757,5,NULL,NULL,'subvención',NULL,'edit',52,NULL,NULL,52,NULL,NULL,NULL,'2018-03-28 10:36:17',0,0,4,10,3,10),(758,5,NULL,NULL,'subvención',NULL,'edit',52,NULL,NULL,52,NULL,NULL,NULL,'2018-03-28 10:36:17',0,0,4,10,4,10),(759,5,NULL,NULL,'subvención',NULL,'edit',52,NULL,NULL,52,NULL,NULL,NULL,'2018-03-28 10:36:17',0,0,4,10,5,10),(760,5,NULL,NULL,'subvención',NULL,'edit',40,NULL,NULL,40,NULL,NULL,NULL,'2018-03-28 10:40:33',0,0,4,10,1,10),(761,5,NULL,NULL,'subvención',NULL,'edit',40,NULL,NULL,40,NULL,NULL,NULL,'2018-03-28 10:40:33',0,0,4,10,2,10),(762,5,NULL,NULL,'subvención',NULL,'edit',40,NULL,NULL,40,NULL,NULL,NULL,'2018-03-28 10:40:33',0,0,4,10,3,10),(763,5,NULL,NULL,'subvención',NULL,'edit',40,NULL,NULL,40,NULL,NULL,NULL,'2018-03-28 10:40:33',0,0,4,10,4,10),(764,5,NULL,NULL,'subvención',NULL,'edit',40,NULL,NULL,40,NULL,NULL,NULL,'2018-03-28 10:40:33',0,0,4,10,5,10),(765,5,NULL,NULL,'subvención',NULL,'crear',53,NULL,NULL,53,NULL,NULL,NULL,'2018-03-28 11:17:32',0,0,4,10,1,10),(766,5,NULL,NULL,'subvención',NULL,'crear',53,NULL,NULL,53,NULL,NULL,NULL,'2018-03-28 11:17:32',0,0,4,10,2,10),(767,5,NULL,NULL,'subvención',NULL,'crear',53,NULL,NULL,53,NULL,NULL,NULL,'2018-03-28 11:17:32',0,0,4,10,3,10),(768,5,NULL,NULL,'subvención',NULL,'crear',53,NULL,NULL,53,NULL,NULL,NULL,'2018-03-28 11:17:32',0,0,4,10,4,10),(769,5,NULL,NULL,'subvención',NULL,'crear',53,NULL,NULL,53,NULL,NULL,NULL,'2018-03-28 11:17:32',0,0,4,10,5,10),(770,5,NULL,NULL,'subvención',NULL,'crear',54,NULL,NULL,54,NULL,NULL,NULL,'2018-03-28 11:20:54',0,0,4,10,1,10),(771,5,NULL,NULL,'subvención',NULL,'crear',54,NULL,NULL,54,NULL,NULL,NULL,'2018-03-28 11:20:54',0,0,4,10,2,10),(772,5,NULL,NULL,'subvención',NULL,'crear',54,NULL,NULL,54,NULL,NULL,NULL,'2018-03-28 11:20:54',0,0,4,10,3,10),(773,5,NULL,NULL,'subvención',NULL,'crear',54,NULL,NULL,54,NULL,NULL,NULL,'2018-03-28 11:20:54',0,0,4,10,4,10),(774,5,NULL,NULL,'subvención',NULL,'crear',54,NULL,NULL,54,NULL,NULL,NULL,'2018-03-28 11:20:54',0,0,4,10,5,10),(775,5,NULL,NULL,'subvención',NULL,'crear',55,NULL,NULL,55,NULL,NULL,NULL,'2018-03-28 11:23:53',0,0,4,10,1,10),(776,5,NULL,NULL,'subvención',NULL,'crear',55,NULL,NULL,55,NULL,NULL,NULL,'2018-03-28 11:23:53',0,0,4,10,2,10),(777,5,NULL,NULL,'subvención',NULL,'crear',55,NULL,NULL,55,NULL,NULL,NULL,'2018-03-28 11:23:53',0,0,4,10,3,10),(778,5,NULL,NULL,'subvención',NULL,'crear',55,NULL,NULL,55,NULL,NULL,NULL,'2018-03-28 11:23:53',0,0,4,10,4,10),(779,5,NULL,NULL,'subvención',NULL,'crear',55,NULL,NULL,55,NULL,NULL,NULL,'2018-03-28 11:23:53',0,0,4,10,5,10),(780,5,NULL,NULL,'subvención',NULL,'crear',56,NULL,NULL,56,NULL,NULL,NULL,'2018-03-28 11:27:42',0,0,4,10,1,10),(781,5,NULL,NULL,'subvención',NULL,'crear',56,NULL,NULL,56,NULL,NULL,NULL,'2018-03-28 11:27:42',0,0,4,10,2,10),(782,5,NULL,NULL,'subvención',NULL,'crear',56,NULL,NULL,56,NULL,NULL,NULL,'2018-03-28 11:27:42',0,0,4,10,3,10),(783,5,NULL,NULL,'subvención',NULL,'crear',56,NULL,NULL,56,NULL,NULL,NULL,'2018-03-28 11:27:42',0,0,4,10,4,10),(784,5,NULL,NULL,'subvención',NULL,'crear',56,NULL,NULL,56,NULL,NULL,NULL,'2018-03-28 11:27:42',0,0,4,10,5,10),(785,5,NULL,NULL,'subvención',NULL,'crear',57,NULL,NULL,57,NULL,NULL,NULL,'2018-03-28 11:30:52',0,0,4,10,1,10),(786,5,NULL,NULL,'subvención',NULL,'crear',57,NULL,NULL,57,NULL,NULL,NULL,'2018-03-28 11:30:52',0,0,4,10,2,10),(787,5,NULL,NULL,'subvención',NULL,'crear',57,NULL,NULL,57,NULL,NULL,NULL,'2018-03-28 11:30:52',0,0,4,10,3,10),(788,5,NULL,NULL,'subvención',NULL,'crear',57,NULL,NULL,57,NULL,NULL,NULL,'2018-03-28 11:30:52',0,0,4,10,4,10),(789,5,NULL,NULL,'subvención',NULL,'crear',57,NULL,NULL,57,NULL,NULL,NULL,'2018-03-28 11:30:52',0,0,4,10,5,10),(790,5,NULL,NULL,'subvención',NULL,'crear',58,NULL,NULL,58,NULL,NULL,NULL,'2018-03-28 11:40:55',0,0,4,10,1,10),(791,5,NULL,NULL,'subvención',NULL,'crear',58,NULL,NULL,58,NULL,NULL,NULL,'2018-03-28 11:40:55',0,0,4,10,2,10),(792,5,NULL,NULL,'subvención',NULL,'crear',58,NULL,NULL,58,NULL,NULL,NULL,'2018-03-28 11:40:55',0,0,4,10,3,10),(793,5,NULL,NULL,'subvención',NULL,'crear',58,NULL,NULL,58,NULL,NULL,NULL,'2018-03-28 11:40:55',0,0,4,10,4,10),(794,5,NULL,NULL,'subvención',NULL,'crear',58,NULL,NULL,58,NULL,NULL,NULL,'2018-03-28 11:40:55',0,0,4,10,5,10),(795,5,NULL,NULL,'subvención',NULL,'crear',59,NULL,NULL,59,NULL,NULL,NULL,'2018-03-28 11:43:56',0,0,4,10,1,10),(796,5,NULL,NULL,'subvención',NULL,'crear',59,NULL,NULL,59,NULL,NULL,NULL,'2018-03-28 11:43:56',0,0,4,10,2,10),(797,5,NULL,NULL,'subvención',NULL,'crear',59,NULL,NULL,59,NULL,NULL,NULL,'2018-03-28 11:43:56',0,0,4,10,3,10),(798,5,NULL,NULL,'subvención',NULL,'crear',59,NULL,NULL,59,NULL,NULL,NULL,'2018-03-28 11:43:56',0,0,4,10,4,10),(799,5,NULL,NULL,'subvención',NULL,'crear',59,NULL,NULL,59,NULL,NULL,NULL,'2018-03-28 11:43:56',0,0,4,10,5,10),(800,5,NULL,NULL,'subvención',NULL,'crear',60,NULL,NULL,60,NULL,NULL,NULL,'2018-03-28 11:47:21',0,0,4,10,1,10),(801,5,NULL,NULL,'subvención',NULL,'crear',60,NULL,NULL,60,NULL,NULL,NULL,'2018-03-28 11:47:21',0,0,4,10,2,10),(802,5,NULL,NULL,'subvención',NULL,'crear',60,NULL,NULL,60,NULL,NULL,NULL,'2018-03-28 11:47:21',0,0,4,10,3,10),(803,5,NULL,NULL,'subvención',NULL,'crear',60,NULL,NULL,60,NULL,NULL,NULL,'2018-03-28 11:47:21',0,0,4,10,4,10),(804,5,NULL,NULL,'subvención',NULL,'crear',60,NULL,NULL,60,NULL,NULL,NULL,'2018-03-28 11:47:21',0,0,4,10,5,10),(805,5,NULL,NULL,'departamento (Diputación), \"Instituto Juan Gil-Albert\"',NULL,'crear',NULL,NULL,NULL,NULL,NULL,NULL,NULL,'2018-03-28 11:49:13',0,0,4,NULL,1,NULL),(806,5,NULL,NULL,'departamento (Diputación), \"Instituto Juan Gil-Albert\"',NULL,'crear',NULL,NULL,NULL,NULL,NULL,NULL,NULL,'2018-03-28 11:49:13',0,0,4,NULL,2,NULL),(807,5,NULL,NULL,'departamento (Diputación), \"Instituto Juan Gil-Albert\"',NULL,'crear',NULL,NULL,NULL,NULL,NULL,NULL,NULL,'2018-03-28 11:49:13',0,0,4,NULL,3,NULL),(808,5,NULL,NULL,'departamento (Diputación), \"Instituto Juan Gil-Albert\"',NULL,'crear',NULL,NULL,NULL,NULL,NULL,NULL,NULL,'2018-03-28 11:49:13',0,0,4,NULL,4,NULL),(809,5,NULL,NULL,'departamento (Diputación), \"Instituto Juan Gil-Albert\"',NULL,'crear',NULL,NULL,NULL,NULL,NULL,NULL,NULL,'2018-03-28 11:49:13',0,0,4,NULL,5,NULL),(810,5,NULL,NULL,'subvención',NULL,'crear',61,NULL,NULL,61,NULL,NULL,NULL,'2018-03-28 11:49:34',0,0,4,10,1,10),(811,5,NULL,NULL,'subvención',NULL,'crear',61,NULL,NULL,61,NULL,NULL,NULL,'2018-03-28 11:49:34',0,0,4,10,2,10),(812,5,NULL,NULL,'subvención',NULL,'crear',61,NULL,NULL,61,NULL,NULL,NULL,'2018-03-28 11:49:34',0,0,4,10,3,10),(813,5,NULL,NULL,'subvención',NULL,'crear',61,NULL,NULL,61,NULL,NULL,NULL,'2018-03-28 11:49:34',0,0,4,10,4,10),(814,5,NULL,NULL,'subvención',NULL,'crear',61,NULL,NULL,61,NULL,NULL,NULL,'2018-03-28 11:49:34',0,0,4,10,5,10),(815,5,NULL,NULL,'subvención',NULL,'crear',62,NULL,NULL,62,NULL,NULL,NULL,'2018-03-29 08:44:14',0,0,4,10,1,10),(816,5,NULL,NULL,'subvención',NULL,'crear',62,NULL,NULL,62,NULL,NULL,NULL,'2018-03-29 08:44:14',0,0,4,10,2,10),(817,5,NULL,NULL,'subvención',NULL,'crear',62,NULL,NULL,62,NULL,NULL,NULL,'2018-03-29 08:44:14',0,0,4,10,3,10),(818,5,NULL,NULL,'subvención',NULL,'crear',62,NULL,NULL,62,NULL,NULL,NULL,'2018-03-29 08:44:14',0,0,4,10,4,10),(819,5,NULL,NULL,'subvención',NULL,'crear',62,NULL,NULL,62,NULL,NULL,NULL,'2018-03-29 08:44:14',0,0,4,10,5,10),(820,5,NULL,NULL,'subvención',NULL,'edit',29,NULL,NULL,29,NULL,NULL,NULL,'2018-03-29 10:00:07',0,0,4,10,1,10),(821,5,NULL,NULL,'subvención',NULL,'edit',29,NULL,NULL,29,NULL,NULL,NULL,'2018-03-29 10:00:07',0,0,4,10,2,10),(822,5,NULL,NULL,'subvención',NULL,'edit',29,NULL,NULL,29,NULL,NULL,NULL,'2018-03-29 10:00:07',0,0,4,10,3,10),(823,5,NULL,NULL,'subvención',NULL,'edit',29,NULL,NULL,29,NULL,NULL,NULL,'2018-03-29 10:00:07',0,0,4,10,4,10),(824,5,NULL,NULL,'subvención',NULL,'edit',29,NULL,NULL,29,NULL,NULL,NULL,'2018-03-29 10:00:07',0,0,4,10,5,10),(825,5,NULL,NULL,'subvención',NULL,'edit',40,NULL,NULL,40,NULL,NULL,NULL,'2018-04-03 21:18:55',0,0,4,10,1,10),(826,5,NULL,NULL,'subvención',NULL,'edit',40,NULL,NULL,40,NULL,NULL,NULL,'2018-04-03 21:18:55',0,0,4,10,2,10),(827,5,NULL,NULL,'subvención',NULL,'edit',40,NULL,NULL,40,NULL,NULL,NULL,'2018-04-03 21:18:55',0,0,4,10,3,10),(828,5,NULL,NULL,'subvención',NULL,'edit',40,NULL,NULL,40,NULL,NULL,NULL,'2018-04-03 21:18:55',0,0,4,10,4,10),(829,5,NULL,NULL,'subvención',NULL,'edit',40,NULL,NULL,40,NULL,NULL,NULL,'2018-04-03 21:18:55',0,0,4,10,5,10),(830,5,NULL,NULL,'subvención',NULL,'edit',44,NULL,NULL,44,NULL,NULL,NULL,'2018-04-03 21:24:01',0,0,4,10,1,10),(831,5,NULL,NULL,'subvención',NULL,'edit',44,NULL,NULL,44,NULL,NULL,NULL,'2018-04-03 21:24:01',0,0,4,10,2,10),(832,5,NULL,NULL,'subvención',NULL,'edit',44,NULL,NULL,44,NULL,NULL,NULL,'2018-04-03 21:24:01',0,0,4,10,3,10),(833,5,NULL,NULL,'subvención',NULL,'edit',44,NULL,NULL,44,NULL,NULL,NULL,'2018-04-03 21:24:01',0,0,4,10,4,10),(834,5,NULL,NULL,'subvención',NULL,'edit',44,NULL,NULL,44,NULL,NULL,NULL,'2018-04-03 21:24:01',0,0,4,10,5,10),(835,5,NULL,NULL,'subvención',NULL,'edit',58,NULL,NULL,58,NULL,NULL,NULL,'2018-04-03 21:25:13',0,0,4,10,1,10),(836,5,NULL,NULL,'subvención',NULL,'edit',58,NULL,NULL,58,NULL,NULL,NULL,'2018-04-03 21:25:13',0,0,4,10,2,10),(837,5,NULL,NULL,'subvención',NULL,'edit',58,NULL,NULL,58,NULL,NULL,NULL,'2018-04-03 21:25:13',0,0,4,10,3,10),(838,5,NULL,NULL,'subvención',NULL,'edit',58,NULL,NULL,58,NULL,NULL,NULL,'2018-04-03 21:25:13',0,0,4,10,4,10),(839,5,NULL,NULL,'subvención',NULL,'edit',58,NULL,NULL,58,NULL,NULL,NULL,'2018-04-03 21:25:13',0,0,4,10,5,10),(840,5,NULL,NULL,'subvención',NULL,'edit',48,NULL,NULL,48,NULL,NULL,NULL,'2018-04-03 21:26:19',0,0,4,10,1,10),(841,5,NULL,NULL,'subvención',NULL,'edit',48,NULL,NULL,48,NULL,NULL,NULL,'2018-04-03 21:26:19',0,0,4,10,2,10),(842,5,NULL,NULL,'subvención',NULL,'edit',48,NULL,NULL,48,NULL,NULL,NULL,'2018-04-03 21:26:19',0,0,4,10,3,10),(843,5,NULL,NULL,'subvención',NULL,'edit',48,NULL,NULL,48,NULL,NULL,NULL,'2018-04-03 21:26:19',0,0,4,10,4,10),(844,5,NULL,NULL,'subvención',NULL,'edit',48,NULL,NULL,48,NULL,NULL,NULL,'2018-04-03 21:26:19',0,0,4,10,5,10),(845,5,NULL,NULL,'subvención',NULL,'edit',54,NULL,NULL,54,NULL,NULL,NULL,'2018-04-03 21:27:51',0,0,4,10,1,10),(846,5,NULL,NULL,'subvención',NULL,'edit',54,NULL,NULL,54,NULL,NULL,NULL,'2018-04-03 21:27:51',0,0,4,10,2,10),(847,5,NULL,NULL,'subvención',NULL,'edit',54,NULL,NULL,54,NULL,NULL,NULL,'2018-04-03 21:27:51',0,0,4,10,3,10),(848,5,NULL,NULL,'subvención',NULL,'edit',54,NULL,NULL,54,NULL,NULL,NULL,'2018-04-03 21:27:51',0,0,4,10,4,10),(849,5,NULL,NULL,'subvención',NULL,'edit',54,NULL,NULL,54,NULL,NULL,NULL,'2018-04-03 21:27:51',0,0,4,10,5,10),(850,5,NULL,NULL,'subvención',NULL,'edit',36,NULL,NULL,36,NULL,NULL,NULL,'2018-04-03 21:36:30',0,0,4,10,1,10),(851,5,NULL,NULL,'subvención',NULL,'edit',36,NULL,NULL,36,NULL,NULL,NULL,'2018-04-03 21:36:30',0,0,4,10,2,10),(852,5,NULL,NULL,'subvención',NULL,'edit',36,NULL,NULL,36,NULL,NULL,NULL,'2018-04-03 21:36:30',0,0,4,10,3,10),(853,5,NULL,NULL,'subvención',NULL,'edit',36,NULL,NULL,36,NULL,NULL,NULL,'2018-04-03 21:36:30',0,0,4,10,4,10),(854,5,NULL,NULL,'subvención',NULL,'edit',36,NULL,NULL,36,NULL,NULL,NULL,'2018-04-03 21:36:30',0,0,4,10,5,10),(855,5,NULL,NULL,'subvención',NULL,'edit',59,NULL,NULL,59,NULL,NULL,NULL,'2018-04-03 21:38:54',0,0,4,10,1,10),(856,5,NULL,NULL,'subvención',NULL,'edit',59,NULL,NULL,59,NULL,NULL,NULL,'2018-04-03 21:38:54',0,0,4,10,2,10),(857,5,NULL,NULL,'subvención',NULL,'edit',59,NULL,NULL,59,NULL,NULL,NULL,'2018-04-03 21:38:54',0,0,4,10,3,10),(858,5,NULL,NULL,'subvención',NULL,'edit',59,NULL,NULL,59,NULL,NULL,NULL,'2018-04-03 21:38:54',0,0,4,10,4,10),(859,5,NULL,NULL,'subvención',NULL,'edit',59,NULL,NULL,59,NULL,NULL,NULL,'2018-04-03 21:38:54',0,0,4,10,5,10),(860,5,NULL,NULL,'subvención',NULL,'edit',60,NULL,NULL,60,NULL,NULL,NULL,'2018-04-03 21:41:59',0,0,4,10,1,10),(861,5,NULL,NULL,'subvención',NULL,'edit',60,NULL,NULL,60,NULL,NULL,NULL,'2018-04-03 21:41:59',0,0,4,10,2,10),(862,5,NULL,NULL,'subvención',NULL,'edit',60,NULL,NULL,60,NULL,NULL,NULL,'2018-04-03 21:41:59',0,0,4,10,3,10),(863,5,NULL,NULL,'subvención',NULL,'edit',60,NULL,NULL,60,NULL,NULL,NULL,'2018-04-03 21:41:59',0,0,4,10,4,10),(864,5,NULL,NULL,'subvención',NULL,'edit',60,NULL,NULL,60,NULL,NULL,NULL,'2018-04-03 21:41:59',0,0,4,10,5,10),(865,5,NULL,NULL,'subvención',NULL,'edit',52,NULL,NULL,52,NULL,NULL,NULL,'2018-04-03 21:42:56',0,0,4,10,1,10),(866,5,NULL,NULL,'subvención',NULL,'edit',52,NULL,NULL,52,NULL,NULL,NULL,'2018-04-03 21:42:56',0,0,4,10,2,10),(867,5,NULL,NULL,'subvención',NULL,'edit',52,NULL,NULL,52,NULL,NULL,NULL,'2018-04-03 21:42:56',0,0,4,10,3,10),(868,5,NULL,NULL,'subvención',NULL,'edit',52,NULL,NULL,52,NULL,NULL,NULL,'2018-04-03 21:42:56',0,0,4,10,4,10),(869,5,NULL,NULL,'subvención',NULL,'edit',52,NULL,NULL,52,NULL,NULL,NULL,'2018-04-03 21:42:56',0,0,4,10,5,10),(870,5,NULL,NULL,'subvención',NULL,'edit',37,NULL,NULL,37,NULL,NULL,NULL,'2018-04-03 21:59:00',0,0,4,10,1,10),(871,5,NULL,NULL,'subvención',NULL,'edit',37,NULL,NULL,37,NULL,NULL,NULL,'2018-04-03 21:59:00',0,0,4,10,2,10),(872,5,NULL,NULL,'subvención',NULL,'edit',37,NULL,NULL,37,NULL,NULL,NULL,'2018-04-03 21:59:00',0,0,4,10,3,10),(873,5,NULL,NULL,'subvención',NULL,'edit',37,NULL,NULL,37,NULL,NULL,NULL,'2018-04-03 21:59:00',0,0,4,10,4,10),(874,5,NULL,NULL,'subvención',NULL,'edit',37,NULL,NULL,37,NULL,NULL,NULL,'2018-04-03 21:59:00',0,0,4,10,5,10),(875,5,NULL,NULL,'subvención',NULL,'edit',62,NULL,NULL,62,NULL,NULL,NULL,'2018-04-03 22:16:09',0,0,4,10,1,10),(876,5,NULL,NULL,'subvención',NULL,'edit',62,NULL,NULL,62,NULL,NULL,NULL,'2018-04-03 22:16:09',0,0,4,10,2,10),(877,5,NULL,NULL,'subvención',NULL,'edit',62,NULL,NULL,62,NULL,NULL,NULL,'2018-04-03 22:16:09',0,0,4,10,3,10),(878,5,NULL,NULL,'subvención',NULL,'edit',62,NULL,NULL,62,NULL,NULL,NULL,'2018-04-03 22:16:09',0,0,4,10,4,10),(879,5,NULL,NULL,'subvención',NULL,'edit',62,NULL,NULL,62,NULL,NULL,NULL,'2018-04-03 22:16:09',0,0,4,10,5,10),(880,5,NULL,NULL,'subvención',NULL,'edit',56,NULL,NULL,56,NULL,NULL,NULL,'2018-04-06 09:43:07',0,0,4,10,1,10),(881,5,NULL,NULL,'subvención',NULL,'edit',56,NULL,NULL,56,NULL,NULL,NULL,'2018-04-06 09:43:07',0,0,4,10,2,10),(882,5,NULL,NULL,'subvención',NULL,'edit',56,NULL,NULL,56,NULL,NULL,NULL,'2018-04-06 09:43:07',0,0,4,10,3,10),(883,5,NULL,NULL,'subvención',NULL,'edit',56,NULL,NULL,56,NULL,NULL,NULL,'2018-04-06 09:43:07',0,0,4,10,4,10),(884,5,NULL,NULL,'subvención',NULL,'edit',56,NULL,NULL,56,NULL,NULL,NULL,'2018-04-06 09:43:07',0,0,4,10,5,10),(885,5,NULL,NULL,'subvención',NULL,'edit',29,NULL,NULL,29,NULL,NULL,NULL,'2018-04-06 12:22:53',0,0,4,10,1,10),(886,5,NULL,NULL,'subvención',NULL,'edit',29,NULL,NULL,29,NULL,NULL,NULL,'2018-04-06 12:22:53',0,0,4,10,2,10),(887,5,NULL,NULL,'subvención',NULL,'edit',29,NULL,NULL,29,NULL,NULL,NULL,'2018-04-06 12:22:53',0,0,4,10,3,10),(888,5,NULL,NULL,'subvención',NULL,'edit',29,NULL,NULL,29,NULL,NULL,NULL,'2018-04-06 12:22:53',0,0,4,10,4,10),(889,5,NULL,NULL,'subvención',NULL,'edit',29,NULL,NULL,29,NULL,NULL,NULL,'2018-04-06 12:22:53',0,0,4,10,5,10),(890,5,NULL,NULL,'departamento (Generalitat), \"Agencia valenciana de seguridad y respuesta a las emergencia\"',NULL,'crear',NULL,NULL,NULL,NULL,NULL,NULL,NULL,'2018-04-06 12:25:31',0,0,4,NULL,1,NULL),(891,5,NULL,NULL,'departamento (Generalitat), \"Agencia valenciana de seguridad y respuesta a las emergencia\"',NULL,'crear',NULL,NULL,NULL,NULL,NULL,NULL,NULL,'2018-04-06 12:25:31',0,0,4,NULL,2,NULL),(892,5,NULL,NULL,'departamento (Generalitat), \"Agencia valenciana de seguridad y respuesta a las emergencia\"',NULL,'crear',NULL,NULL,NULL,NULL,NULL,NULL,NULL,'2018-04-06 12:25:31',0,0,4,NULL,3,NULL),(893,5,NULL,NULL,'departamento (Generalitat), \"Agencia valenciana de seguridad y respuesta a las emergencia\"',NULL,'crear',NULL,NULL,NULL,NULL,NULL,NULL,NULL,'2018-04-06 12:25:31',0,0,4,NULL,4,NULL),(894,5,NULL,NULL,'departamento (Generalitat), \"Agencia valenciana de seguridad y respuesta a las emergencia\"',NULL,'crear',NULL,NULL,NULL,NULL,NULL,NULL,NULL,'2018-04-06 12:25:31',0,0,4,NULL,5,NULL),(895,5,NULL,NULL,'subvención',NULL,'crear',63,NULL,NULL,63,NULL,NULL,NULL,'2018-04-06 12:27:09',0,0,4,10,1,10),(896,5,NULL,NULL,'subvención',NULL,'crear',63,NULL,NULL,63,NULL,NULL,NULL,'2018-04-06 12:27:09',0,0,4,10,2,10),(897,5,NULL,NULL,'subvención',NULL,'crear',63,NULL,NULL,63,NULL,NULL,NULL,'2018-04-06 12:27:09',0,0,4,10,3,10),(898,5,NULL,NULL,'subvención',NULL,'crear',63,NULL,NULL,63,NULL,NULL,NULL,'2018-04-06 12:27:09',0,0,4,10,4,10),(899,5,NULL,NULL,'subvención',NULL,'crear',63,NULL,NULL,63,NULL,NULL,NULL,'2018-04-06 12:27:09',0,0,4,10,5,10),(900,5,NULL,NULL,'subvención',NULL,'crear',64,NULL,NULL,64,NULL,NULL,NULL,'2018-04-06 12:33:33',0,0,4,10,1,10),(901,5,NULL,NULL,'subvención',NULL,'crear',64,NULL,NULL,64,NULL,NULL,NULL,'2018-04-06 12:33:33',0,0,4,10,2,10),(902,5,NULL,NULL,'subvención',NULL,'crear',64,NULL,NULL,64,NULL,NULL,NULL,'2018-04-06 12:33:33',0,0,4,10,3,10),(903,5,NULL,NULL,'subvención',NULL,'crear',64,NULL,NULL,64,NULL,NULL,NULL,'2018-04-06 12:33:33',0,0,4,10,4,10),(904,5,NULL,NULL,'subvención',NULL,'crear',64,NULL,NULL,64,NULL,NULL,NULL,'2018-04-06 12:33:33',0,0,4,10,5,10),(905,5,NULL,NULL,'subvención',NULL,'edit',39,NULL,NULL,39,NULL,NULL,NULL,'2018-04-06 19:53:32',0,0,4,10,1,10),(906,5,NULL,NULL,'subvención',NULL,'edit',39,NULL,NULL,39,NULL,NULL,NULL,'2018-04-06 19:53:32',0,0,4,10,2,10),(907,5,NULL,NULL,'subvención',NULL,'edit',39,NULL,NULL,39,NULL,NULL,NULL,'2018-04-06 19:53:32',0,0,4,10,3,10),(908,5,NULL,NULL,'subvención',NULL,'edit',39,NULL,NULL,39,NULL,NULL,NULL,'2018-04-06 19:53:32',0,0,4,10,4,10),(909,5,NULL,NULL,'subvención',NULL,'edit',39,NULL,NULL,39,NULL,NULL,NULL,'2018-04-06 19:53:32',0,0,4,10,5,10),(910,5,NULL,NULL,'subvención',NULL,'edit',61,NULL,NULL,61,NULL,NULL,NULL,'2018-04-06 19:57:54',0,0,4,10,1,10),(911,5,NULL,NULL,'subvención',NULL,'edit',61,NULL,NULL,61,NULL,NULL,NULL,'2018-04-06 19:57:54',0,0,4,10,2,10),(912,5,NULL,NULL,'subvención',NULL,'edit',61,NULL,NULL,61,NULL,NULL,NULL,'2018-04-06 19:57:54',0,0,4,10,3,10),(913,5,NULL,NULL,'subvención',NULL,'edit',61,NULL,NULL,61,NULL,NULL,NULL,'2018-04-06 19:57:54',0,0,4,10,4,10),(914,5,NULL,NULL,'subvención',NULL,'edit',61,NULL,NULL,61,NULL,NULL,NULL,'2018-04-06 19:57:54',0,0,4,10,5,10),(915,5,NULL,NULL,'subvención',NULL,'edit',45,NULL,NULL,45,NULL,NULL,NULL,'2018-04-06 21:05:30',0,0,4,10,1,10),(916,5,NULL,NULL,'subvención',NULL,'edit',45,NULL,NULL,45,NULL,NULL,NULL,'2018-04-06 21:05:30',0,0,4,10,2,10),(917,5,NULL,NULL,'subvención',NULL,'edit',45,NULL,NULL,45,NULL,NULL,NULL,'2018-04-06 21:05:30',0,0,4,10,3,10),(918,5,NULL,NULL,'subvención',NULL,'edit',45,NULL,NULL,45,NULL,NULL,NULL,'2018-04-06 21:05:30',0,0,4,10,4,10),(919,5,NULL,NULL,'subvención',NULL,'edit',45,NULL,NULL,45,NULL,NULL,NULL,'2018-04-06 21:05:30',0,0,4,10,5,10),(920,5,NULL,NULL,'subvención',NULL,'edit',63,NULL,NULL,63,NULL,NULL,NULL,'2018-04-06 21:27:43',0,0,4,10,1,10),(921,5,NULL,NULL,'subvención',NULL,'edit',63,NULL,NULL,63,NULL,NULL,NULL,'2018-04-06 21:27:43',0,0,4,10,2,10),(922,5,NULL,NULL,'subvención',NULL,'edit',63,NULL,NULL,63,NULL,NULL,NULL,'2018-04-06 21:27:43',0,0,4,10,3,10),(923,5,NULL,NULL,'subvención',NULL,'edit',63,NULL,NULL,63,NULL,NULL,NULL,'2018-04-06 21:27:43',0,0,4,10,4,10),(924,5,NULL,NULL,'subvención',NULL,'edit',63,NULL,NULL,63,NULL,NULL,NULL,'2018-04-06 21:27:43',0,0,4,10,5,10),(925,5,NULL,NULL,'subvención',NULL,'crear',65,NULL,NULL,65,NULL,NULL,NULL,'2018-04-06 21:35:46',0,0,4,10,1,10),(926,5,NULL,NULL,'subvención',NULL,'crear',65,NULL,NULL,65,NULL,NULL,NULL,'2018-04-06 21:35:46',0,0,4,10,2,10),(927,5,NULL,NULL,'subvención',NULL,'crear',65,NULL,NULL,65,NULL,NULL,NULL,'2018-04-06 21:35:46',0,0,4,10,3,10),(928,5,NULL,NULL,'subvención',NULL,'crear',65,NULL,NULL,65,NULL,NULL,NULL,'2018-04-06 21:35:46',0,0,4,10,4,10),(929,5,NULL,NULL,'subvención',NULL,'crear',65,NULL,NULL,65,NULL,NULL,NULL,'2018-04-06 21:35:46',0,0,4,10,5,10),(930,5,NULL,NULL,'departamento (Generalitat), \"Conselleria de Sanidad Universal y Salud Pública\"',NULL,'crear',NULL,NULL,NULL,NULL,NULL,NULL,NULL,'2018-04-06 21:38:54',0,0,4,NULL,1,NULL),(931,5,NULL,NULL,'departamento (Generalitat), \"Conselleria de Sanidad Universal y Salud Pública\"',NULL,'crear',NULL,NULL,NULL,NULL,NULL,NULL,NULL,'2018-04-06 21:38:54',0,0,4,NULL,2,NULL),(932,5,NULL,NULL,'departamento (Generalitat), \"Conselleria de Sanidad Universal y Salud Pública\"',NULL,'crear',NULL,NULL,NULL,NULL,NULL,NULL,NULL,'2018-04-06 21:38:54',0,0,4,NULL,3,NULL),(933,5,NULL,NULL,'departamento (Generalitat), \"Conselleria de Sanidad Universal y Salud Pública\"',NULL,'crear',NULL,NULL,NULL,NULL,NULL,NULL,NULL,'2018-04-06 21:38:54',0,0,4,NULL,4,NULL),(934,5,NULL,NULL,'departamento (Generalitat), \"Conselleria de Sanidad Universal y Salud Pública\"',NULL,'crear',NULL,NULL,NULL,NULL,NULL,NULL,NULL,'2018-04-06 21:38:54',0,0,4,NULL,5,NULL),(935,5,NULL,NULL,'subvención',NULL,'crear',66,NULL,NULL,66,NULL,NULL,NULL,'2018-04-06 21:42:08',0,0,4,10,1,10),(936,5,NULL,NULL,'subvención',NULL,'crear',66,NULL,NULL,66,NULL,NULL,NULL,'2018-04-06 21:42:08',0,0,4,10,2,10),(937,5,NULL,NULL,'subvención',NULL,'crear',66,NULL,NULL,66,NULL,NULL,NULL,'2018-04-06 21:42:08',0,0,4,10,3,10),(938,5,NULL,NULL,'subvención',NULL,'crear',66,NULL,NULL,66,NULL,NULL,NULL,'2018-04-06 21:42:08',0,0,4,10,4,10),(939,5,NULL,NULL,'subvención',NULL,'crear',66,NULL,NULL,66,NULL,NULL,NULL,'2018-04-06 21:42:08',0,0,4,10,5,10),(940,5,NULL,NULL,'subvención',NULL,'crear',67,NULL,NULL,67,NULL,NULL,NULL,'2018-04-06 21:50:17',0,0,4,10,1,10),(941,5,NULL,NULL,'subvención',NULL,'crear',67,NULL,NULL,67,NULL,NULL,NULL,'2018-04-06 21:50:17',0,0,4,10,2,10),(942,5,NULL,NULL,'subvención',NULL,'crear',67,NULL,NULL,67,NULL,NULL,NULL,'2018-04-06 21:50:17',0,0,4,10,3,10),(943,5,NULL,NULL,'subvención',NULL,'crear',67,NULL,NULL,67,NULL,NULL,NULL,'2018-04-06 21:50:17',0,0,4,10,4,10),(944,5,NULL,NULL,'subvención',NULL,'crear',67,NULL,NULL,67,NULL,NULL,NULL,'2018-04-06 21:50:17',0,0,4,10,5,10),(945,5,NULL,NULL,'subvención',NULL,'edit',62,NULL,NULL,62,NULL,NULL,NULL,'2018-04-09 13:04:49',0,0,4,10,1,10),(946,5,NULL,NULL,'subvención',NULL,'edit',62,NULL,NULL,62,NULL,NULL,NULL,'2018-04-09 13:04:49',0,0,4,10,2,10),(947,5,NULL,NULL,'subvención',NULL,'edit',62,NULL,NULL,62,NULL,NULL,NULL,'2018-04-09 13:04:49',0,0,4,10,3,10),(948,5,NULL,NULL,'subvención',NULL,'edit',62,NULL,NULL,62,NULL,NULL,NULL,'2018-04-09 13:04:49',0,0,4,10,4,10),(949,5,NULL,NULL,'subvención',NULL,'edit',62,NULL,NULL,62,NULL,NULL,NULL,'2018-04-09 13:04:49',0,0,4,10,5,10),(950,5,NULL,NULL,'subvención',NULL,'edit',37,NULL,NULL,37,NULL,NULL,NULL,'2018-04-09 19:31:06',0,0,4,10,1,10),(951,5,NULL,NULL,'subvención',NULL,'edit',37,NULL,NULL,37,NULL,NULL,NULL,'2018-04-09 19:31:06',0,0,4,10,2,10),(952,5,NULL,NULL,'subvención',NULL,'edit',37,NULL,NULL,37,NULL,NULL,NULL,'2018-04-09 19:31:06',0,0,4,10,3,10),(953,5,NULL,NULL,'subvención',NULL,'edit',37,NULL,NULL,37,NULL,NULL,NULL,'2018-04-09 19:31:06',0,0,4,10,4,10),(954,5,NULL,NULL,'subvención',NULL,'edit',37,NULL,NULL,37,NULL,NULL,NULL,'2018-04-09 19:31:06',0,0,4,10,5,10),(955,5,NULL,NULL,'subvención',NULL,'crear',68,NULL,NULL,68,NULL,NULL,NULL,'2018-04-09 20:09:51',0,0,4,10,1,10),(956,5,NULL,NULL,'subvención',NULL,'crear',68,NULL,NULL,68,NULL,NULL,NULL,'2018-04-09 20:09:51',0,0,4,10,2,10),(957,5,NULL,NULL,'subvención',NULL,'crear',68,NULL,NULL,68,NULL,NULL,NULL,'2018-04-09 20:09:51',0,0,4,10,3,10),(958,5,NULL,NULL,'subvención',NULL,'crear',68,NULL,NULL,68,NULL,NULL,NULL,'2018-04-09 20:09:51',0,0,4,10,4,10),(959,5,NULL,NULL,'subvención',NULL,'crear',68,NULL,NULL,68,NULL,NULL,NULL,'2018-04-09 20:09:51',0,0,4,10,5,10),(960,5,NULL,NULL,'subvención',NULL,'edit',52,NULL,NULL,52,NULL,NULL,NULL,'2018-04-10 06:51:46',0,0,4,10,1,10),(961,5,NULL,NULL,'subvención',NULL,'edit',52,NULL,NULL,52,NULL,NULL,NULL,'2018-04-10 06:51:46',0,0,4,10,2,10),(962,5,NULL,NULL,'subvención',NULL,'edit',52,NULL,NULL,52,NULL,NULL,NULL,'2018-04-10 06:51:46',0,0,4,10,3,10),(963,5,NULL,NULL,'subvención',NULL,'edit',52,NULL,NULL,52,NULL,NULL,NULL,'2018-04-10 06:51:46',0,0,4,10,4,10),(964,5,NULL,NULL,'subvención',NULL,'edit',52,NULL,NULL,52,NULL,NULL,NULL,'2018-04-10 06:51:46',0,0,4,10,5,10),(965,5,NULL,NULL,'subvención',NULL,'crear',69,NULL,NULL,69,NULL,NULL,NULL,'2018-04-10 09:03:37',0,0,4,10,1,10),(966,5,NULL,NULL,'subvención',NULL,'crear',69,NULL,NULL,69,NULL,NULL,NULL,'2018-04-10 09:03:37',0,0,4,10,2,10),(967,5,NULL,NULL,'subvención',NULL,'crear',69,NULL,NULL,69,NULL,NULL,NULL,'2018-04-10 09:03:37',0,0,4,10,3,10),(968,5,NULL,NULL,'subvención',NULL,'crear',69,NULL,NULL,69,NULL,NULL,NULL,'2018-04-10 09:03:37',0,0,4,10,4,10),(969,5,NULL,NULL,'subvención',NULL,'crear',69,NULL,NULL,69,NULL,NULL,NULL,'2018-04-10 09:03:37',0,0,4,10,5,10),(970,5,NULL,NULL,'subvención',NULL,'edit',21,NULL,NULL,21,NULL,NULL,NULL,'2018-04-10 10:28:04',0,0,4,10,1,10),(971,5,NULL,NULL,'subvención',NULL,'edit',21,NULL,NULL,21,NULL,NULL,NULL,'2018-04-10 10:28:04',0,0,4,10,2,10),(972,5,NULL,NULL,'subvención',NULL,'edit',21,NULL,NULL,21,NULL,NULL,NULL,'2018-04-10 10:28:04',0,0,4,10,3,10),(973,5,NULL,NULL,'subvención',NULL,'edit',21,NULL,NULL,21,NULL,NULL,NULL,'2018-04-10 10:28:04',0,0,4,10,4,10),(974,5,NULL,NULL,'subvención',NULL,'edit',21,NULL,NULL,21,NULL,NULL,NULL,'2018-04-10 10:28:04',0,0,4,10,5,10),(975,5,NULL,NULL,'subvención',NULL,'edit',6,NULL,NULL,6,NULL,NULL,NULL,'2018-04-10 10:30:49',0,0,4,10,1,10),(976,5,NULL,NULL,'subvención',NULL,'edit',6,NULL,NULL,6,NULL,NULL,NULL,'2018-04-10 10:30:49',0,0,4,10,2,10),(977,5,NULL,NULL,'subvención',NULL,'edit',6,NULL,NULL,6,NULL,NULL,NULL,'2018-04-10 10:30:49',0,0,4,10,3,10),(978,5,NULL,NULL,'subvención',NULL,'edit',6,NULL,NULL,6,NULL,NULL,NULL,'2018-04-10 10:30:49',0,0,4,10,4,10),(979,5,NULL,NULL,'subvención',NULL,'edit',6,NULL,NULL,6,NULL,NULL,NULL,'2018-04-10 10:30:49',0,0,4,10,5,10),(980,5,NULL,NULL,'subvención',NULL,'edit',6,NULL,NULL,6,NULL,NULL,NULL,'2018-04-10 10:31:36',0,0,4,10,1,10),(981,5,NULL,NULL,'subvención',NULL,'edit',6,NULL,NULL,6,NULL,NULL,NULL,'2018-04-10 10:31:36',0,0,4,10,2,10),(982,5,NULL,NULL,'subvención',NULL,'edit',6,NULL,NULL,6,NULL,NULL,NULL,'2018-04-10 10:31:36',0,0,4,10,3,10),(983,5,NULL,NULL,'subvención',NULL,'edit',6,NULL,NULL,6,NULL,NULL,NULL,'2018-04-10 10:31:36',0,0,4,10,4,10),(984,5,NULL,NULL,'subvención',NULL,'edit',6,NULL,NULL,6,NULL,NULL,NULL,'2018-04-10 10:31:36',0,0,4,10,5,10),(985,5,NULL,NULL,'subvención',NULL,'edit',45,NULL,NULL,45,NULL,NULL,NULL,'2018-04-10 10:52:52',0,0,4,10,1,10),(986,5,NULL,NULL,'subvención',NULL,'edit',45,NULL,NULL,45,NULL,NULL,NULL,'2018-04-10 10:52:52',0,0,4,10,2,10),(987,5,NULL,NULL,'subvención',NULL,'edit',45,NULL,NULL,45,NULL,NULL,NULL,'2018-04-10 10:52:52',0,0,4,10,3,10),(988,5,NULL,NULL,'subvención',NULL,'edit',45,NULL,NULL,45,NULL,NULL,NULL,'2018-04-10 10:52:52',0,0,4,10,4,10),(989,5,NULL,NULL,'subvención',NULL,'edit',45,NULL,NULL,45,NULL,NULL,NULL,'2018-04-10 10:52:52',0,0,4,10,5,10),(990,5,NULL,NULL,'subvención',NULL,'edit',45,NULL,NULL,45,NULL,NULL,NULL,'2018-04-10 10:53:55',0,0,4,10,1,10),(991,5,NULL,NULL,'subvención',NULL,'edit',45,NULL,NULL,45,NULL,NULL,NULL,'2018-04-10 10:53:55',0,0,4,10,2,10),(992,5,NULL,NULL,'subvención',NULL,'edit',45,NULL,NULL,45,NULL,NULL,NULL,'2018-04-10 10:53:55',0,0,4,10,3,10),(993,5,NULL,NULL,'subvención',NULL,'edit',45,NULL,NULL,45,NULL,NULL,NULL,'2018-04-10 10:53:55',0,0,4,10,4,10),(994,5,NULL,NULL,'subvención',NULL,'edit',45,NULL,NULL,45,NULL,NULL,NULL,'2018-04-10 10:53:55',0,0,4,10,5,10),(995,5,NULL,NULL,'departamento (Generalitat), \"Agència Valenciana del Turisme\"',NULL,'crear',NULL,NULL,NULL,NULL,NULL,NULL,NULL,'2018-04-10 12:33:11',0,0,4,NULL,1,NULL),(996,5,NULL,NULL,'departamento (Generalitat), \"Agència Valenciana del Turisme\"',NULL,'crear',NULL,NULL,NULL,NULL,NULL,NULL,NULL,'2018-04-10 12:33:11',0,0,4,NULL,2,NULL),(997,5,NULL,NULL,'departamento (Generalitat), \"Agència Valenciana del Turisme\"',NULL,'crear',NULL,NULL,NULL,NULL,NULL,NULL,NULL,'2018-04-10 12:33:11',0,0,4,NULL,3,NULL),(998,5,NULL,NULL,'departamento (Generalitat), \"Agència Valenciana del Turisme\"',NULL,'crear',NULL,NULL,NULL,NULL,NULL,NULL,NULL,'2018-04-10 12:33:11',0,0,4,NULL,4,NULL),(999,5,NULL,NULL,'departamento (Generalitat), \"Agència Valenciana del Turisme\"',NULL,'crear',NULL,NULL,NULL,NULL,NULL,NULL,NULL,'2018-04-10 12:33:11',0,0,4,NULL,5,NULL),(1000,5,NULL,NULL,'subvención',NULL,'crear',70,NULL,NULL,70,NULL,NULL,NULL,'2018-04-10 12:33:38',0,0,4,10,1,10),(1001,5,NULL,NULL,'subvención',NULL,'crear',70,NULL,NULL,70,NULL,NULL,NULL,'2018-04-10 12:33:38',0,0,4,10,2,10),(1002,5,NULL,NULL,'subvención',NULL,'crear',70,NULL,NULL,70,NULL,NULL,NULL,'2018-04-10 12:33:38',0,0,4,10,3,10),(1003,5,NULL,NULL,'subvención',NULL,'crear',70,NULL,NULL,70,NULL,NULL,NULL,'2018-04-10 12:33:38',0,0,4,10,4,10),(1004,5,NULL,NULL,'subvención',NULL,'crear',70,NULL,NULL,70,NULL,NULL,NULL,'2018-04-10 12:33:38',0,0,4,10,5,10),(1005,3,NULL,NULL,'subvención',NULL,'edit',51,NULL,NULL,51,NULL,NULL,NULL,'2018-04-10 17:49:27',0,0,4,10,1,10),(1006,3,NULL,NULL,'subvención',NULL,'edit',51,NULL,NULL,51,NULL,NULL,NULL,'2018-04-10 17:49:27',0,0,4,10,2,10),(1007,3,NULL,NULL,'subvención',NULL,'edit',51,NULL,NULL,51,NULL,NULL,NULL,'2018-04-10 17:49:27',0,0,4,10,3,10),(1008,3,NULL,NULL,'subvención',NULL,'edit',51,NULL,NULL,51,NULL,NULL,NULL,'2018-04-10 17:49:27',0,0,4,10,4,10),(1009,3,NULL,NULL,'subvención',NULL,'edit',51,NULL,NULL,51,NULL,NULL,NULL,'2018-04-10 17:49:27',0,0,4,10,5,10),(1010,5,NULL,NULL,'subvención',NULL,'crear',71,NULL,NULL,71,NULL,NULL,NULL,'2018-04-10 17:59:37',0,0,4,10,1,10),(1011,5,NULL,NULL,'subvención',NULL,'crear',71,NULL,NULL,71,NULL,NULL,NULL,'2018-04-10 17:59:37',0,0,4,10,2,10),(1012,5,NULL,NULL,'subvención',NULL,'crear',71,NULL,NULL,71,NULL,NULL,NULL,'2018-04-10 17:59:37',0,0,4,10,3,10),(1013,5,NULL,NULL,'subvención',NULL,'crear',71,NULL,NULL,71,NULL,NULL,NULL,'2018-04-10 17:59:37',0,0,4,10,4,10),(1014,5,NULL,NULL,'subvención',NULL,'crear',71,NULL,NULL,71,NULL,NULL,NULL,'2018-04-10 17:59:37',0,0,4,10,5,10),(1015,5,NULL,NULL,'subvención',NULL,'edit',69,NULL,NULL,69,NULL,NULL,NULL,'2018-04-10 18:23:31',0,0,4,10,1,10),(1016,5,NULL,NULL,'subvención',NULL,'edit',69,NULL,NULL,69,NULL,NULL,NULL,'2018-04-10 18:23:31',0,0,4,10,2,10),(1017,5,NULL,NULL,'subvención',NULL,'edit',69,NULL,NULL,69,NULL,NULL,NULL,'2018-04-10 18:23:31',0,0,4,10,3,10),(1018,5,NULL,NULL,'subvención',NULL,'edit',69,NULL,NULL,69,NULL,NULL,NULL,'2018-04-10 18:23:31',0,0,4,10,4,10),(1019,5,NULL,NULL,'subvención',NULL,'edit',69,NULL,NULL,69,NULL,NULL,NULL,'2018-04-10 18:23:31',0,0,4,10,5,10),(1020,5,NULL,NULL,'subvención',NULL,'edit',49,NULL,NULL,49,NULL,NULL,NULL,'2018-04-10 19:19:21',0,0,4,10,1,10),(1021,5,NULL,NULL,'subvención',NULL,'edit',49,NULL,NULL,49,NULL,NULL,NULL,'2018-04-10 19:19:21',0,0,4,10,2,10),(1022,5,NULL,NULL,'subvención',NULL,'edit',49,NULL,NULL,49,NULL,NULL,NULL,'2018-04-10 19:19:21',0,0,4,10,3,10),(1023,5,NULL,NULL,'subvención',NULL,'edit',49,NULL,NULL,49,NULL,NULL,NULL,'2018-04-10 19:19:21',0,0,4,10,4,10),(1024,5,NULL,NULL,'subvención',NULL,'edit',49,NULL,NULL,49,NULL,NULL,NULL,'2018-04-10 19:19:21',0,0,4,10,5,10),(1025,5,NULL,NULL,'subvención',NULL,'edit',64,NULL,NULL,64,NULL,NULL,NULL,'2018-04-10 19:51:12',0,0,4,10,1,10),(1026,5,NULL,NULL,'subvención',NULL,'edit',64,NULL,NULL,64,NULL,NULL,NULL,'2018-04-10 19:51:12',0,0,4,10,2,10),(1027,5,NULL,NULL,'subvención',NULL,'edit',64,NULL,NULL,64,NULL,NULL,NULL,'2018-04-10 19:51:12',0,0,4,10,3,10),(1028,5,NULL,NULL,'subvención',NULL,'edit',64,NULL,NULL,64,NULL,NULL,NULL,'2018-04-10 19:51:12',0,0,4,10,4,10),(1029,5,NULL,NULL,'subvención',NULL,'edit',64,NULL,NULL,64,NULL,NULL,NULL,'2018-04-10 19:51:12',0,0,4,10,5,10),(1030,5,NULL,NULL,'subvención',NULL,'crear',72,NULL,NULL,72,NULL,NULL,NULL,'2018-04-12 05:44:52',0,0,4,10,1,10),(1031,5,NULL,NULL,'subvención',NULL,'crear',72,NULL,NULL,72,NULL,NULL,NULL,'2018-04-12 05:44:52',0,0,4,10,2,10),(1032,5,NULL,NULL,'subvención',NULL,'crear',72,NULL,NULL,72,NULL,NULL,NULL,'2018-04-12 05:44:52',0,0,4,10,3,10),(1033,5,NULL,NULL,'subvención',NULL,'crear',72,NULL,NULL,72,NULL,NULL,NULL,'2018-04-12 05:44:52',0,0,4,10,4,10),(1034,5,NULL,NULL,'subvención',NULL,'crear',72,NULL,NULL,72,NULL,NULL,NULL,'2018-04-12 05:44:52',0,0,4,10,5,10),(1035,5,NULL,NULL,'subvención',NULL,'crear',73,NULL,NULL,73,NULL,NULL,NULL,'2018-04-13 05:33:59',0,0,4,10,1,10),(1036,5,NULL,NULL,'subvención',NULL,'crear',73,NULL,NULL,73,NULL,NULL,NULL,'2018-04-13 05:33:59',0,0,4,10,2,10),(1037,5,NULL,NULL,'subvención',NULL,'crear',73,NULL,NULL,73,NULL,NULL,NULL,'2018-04-13 05:33:59',0,0,4,10,3,10),(1038,5,NULL,NULL,'subvención',NULL,'crear',73,NULL,NULL,73,NULL,NULL,NULL,'2018-04-13 05:33:59',0,0,4,10,4,10),(1039,5,NULL,NULL,'subvención',NULL,'crear',73,NULL,NULL,73,NULL,NULL,NULL,'2018-04-13 05:33:59',0,0,4,10,5,10),(1040,5,NULL,NULL,'departamento (Generalitat), \"IVAJ\"',NULL,'crear',NULL,NULL,NULL,NULL,NULL,NULL,NULL,'2018-04-13 05:40:43',0,0,4,NULL,1,NULL),(1041,5,NULL,NULL,'departamento (Generalitat), \"IVAJ\"',NULL,'crear',NULL,NULL,NULL,NULL,NULL,NULL,NULL,'2018-04-13 05:40:43',0,0,4,NULL,2,NULL),(1042,5,NULL,NULL,'departamento (Generalitat), \"IVAJ\"',NULL,'crear',NULL,NULL,NULL,NULL,NULL,NULL,NULL,'2018-04-13 05:40:43',0,0,4,NULL,3,NULL),(1043,5,NULL,NULL,'departamento (Generalitat), \"IVAJ\"',NULL,'crear',NULL,NULL,NULL,NULL,NULL,NULL,NULL,'2018-04-13 05:40:43',0,0,4,NULL,4,NULL),(1044,5,NULL,NULL,'departamento (Generalitat), \"IVAJ\"',NULL,'crear',NULL,NULL,NULL,NULL,NULL,NULL,NULL,'2018-04-13 05:40:43',0,0,4,NULL,5,NULL),(1045,5,NULL,NULL,'subvención',NULL,'crear',74,NULL,NULL,74,NULL,NULL,NULL,'2018-04-13 05:41:50',0,0,4,10,1,10),(1046,5,NULL,NULL,'subvención',NULL,'crear',74,NULL,NULL,74,NULL,NULL,NULL,'2018-04-13 05:41:50',0,0,4,10,2,10),(1047,5,NULL,NULL,'subvención',NULL,'crear',74,NULL,NULL,74,NULL,NULL,NULL,'2018-04-13 05:41:50',0,0,4,10,3,10),(1048,5,NULL,NULL,'subvención',NULL,'crear',74,NULL,NULL,74,NULL,NULL,NULL,'2018-04-13 05:41:50',0,0,4,10,4,10),(1049,5,NULL,NULL,'subvención',NULL,'crear',74,NULL,NULL,74,NULL,NULL,NULL,'2018-04-13 05:41:50',0,0,4,10,5,10),(1050,5,NULL,NULL,'subvención',NULL,'edit',29,NULL,NULL,29,NULL,NULL,NULL,'2018-04-13 05:49:49',0,0,4,10,1,10),(1051,5,NULL,NULL,'subvención',NULL,'edit',29,NULL,NULL,29,NULL,NULL,NULL,'2018-04-13 05:49:49',0,0,4,10,2,10),(1052,5,NULL,NULL,'subvención',NULL,'edit',29,NULL,NULL,29,NULL,NULL,NULL,'2018-04-13 05:49:49',0,0,4,10,3,10),(1053,5,NULL,NULL,'subvención',NULL,'edit',29,NULL,NULL,29,NULL,NULL,NULL,'2018-04-13 05:49:49',0,0,4,10,4,10),(1054,5,NULL,NULL,'subvención',NULL,'edit',29,NULL,NULL,29,NULL,NULL,NULL,'2018-04-13 05:49:49',0,0,4,10,5,10),(1055,5,NULL,NULL,'subvención',NULL,'crear',75,NULL,NULL,75,NULL,NULL,NULL,'2018-04-13 05:52:42',0,0,4,10,1,10),(1056,5,NULL,NULL,'subvención',NULL,'crear',75,NULL,NULL,75,NULL,NULL,NULL,'2018-04-13 05:52:42',0,0,4,10,2,10),(1057,5,NULL,NULL,'subvención',NULL,'crear',75,NULL,NULL,75,NULL,NULL,NULL,'2018-04-13 05:52:42',0,0,4,10,3,10),(1058,5,NULL,NULL,'subvención',NULL,'crear',75,NULL,NULL,75,NULL,NULL,NULL,'2018-04-13 05:52:42',0,0,4,10,4,10),(1059,5,NULL,NULL,'subvención',NULL,'crear',75,NULL,NULL,75,NULL,NULL,NULL,'2018-04-13 05:52:42',0,0,4,10,5,10),(1060,5,NULL,NULL,'responsable, \"Agnieszka\"',NULL,'crear',NULL,NULL,NULL,NULL,NULL,NULL,NULL,'2018-04-13 11:20:26',0,0,4,NULL,1,NULL),(1061,5,NULL,NULL,'responsable, \"Agnieszka\"',NULL,'crear',NULL,NULL,NULL,NULL,NULL,NULL,NULL,'2018-04-13 11:20:26',0,0,4,NULL,2,NULL),(1062,5,NULL,NULL,'responsable, \"Agnieszka\"',NULL,'crear',NULL,NULL,NULL,NULL,NULL,NULL,NULL,'2018-04-13 11:20:26',0,0,4,NULL,3,NULL),(1063,5,NULL,NULL,'responsable, \"Agnieszka\"',NULL,'crear',NULL,NULL,NULL,NULL,NULL,NULL,NULL,'2018-04-13 11:20:26',0,0,4,NULL,4,NULL),(1064,5,NULL,NULL,'responsable, \"Agnieszka\"',NULL,'crear',NULL,NULL,NULL,NULL,NULL,NULL,NULL,'2018-04-13 11:20:26',0,0,4,NULL,5,NULL),(1065,5,NULL,NULL,'responsable, \"Agnieszka\"',NULL,'crear',NULL,NULL,NULL,NULL,NULL,NULL,NULL,'2018-04-13 11:20:26',0,0,4,NULL,6,NULL),(1066,5,NULL,NULL,'subvención',NULL,'edit',62,NULL,NULL,62,NULL,NULL,NULL,'2018-04-13 12:15:08',0,0,4,10,1,10),(1067,5,NULL,NULL,'subvención',NULL,'edit',62,NULL,NULL,62,NULL,NULL,NULL,'2018-04-13 12:15:08',0,0,4,10,2,10),(1068,5,NULL,NULL,'subvención',NULL,'edit',62,NULL,NULL,62,NULL,NULL,NULL,'2018-04-13 12:15:08',0,0,4,10,3,10),(1069,5,NULL,NULL,'subvención',NULL,'edit',62,NULL,NULL,62,NULL,NULL,NULL,'2018-04-13 12:15:08',0,0,4,10,4,10),(1070,5,NULL,NULL,'subvención',NULL,'edit',62,NULL,NULL,62,NULL,NULL,NULL,'2018-04-13 12:15:08',0,0,4,10,5,10),(1071,5,NULL,NULL,'subvención',NULL,'edit',62,NULL,NULL,62,NULL,NULL,NULL,'2018-04-13 12:15:08',0,0,4,10,6,10),(1072,5,NULL,NULL,'subvención',NULL,'edit',62,NULL,NULL,62,NULL,NULL,NULL,'2018-04-13 12:15:23',0,0,4,10,1,10),(1073,5,NULL,NULL,'subvención',NULL,'edit',62,NULL,NULL,62,NULL,NULL,NULL,'2018-04-13 12:15:23',0,0,4,10,2,10),(1074,5,NULL,NULL,'subvención',NULL,'edit',62,NULL,NULL,62,NULL,NULL,NULL,'2018-04-13 12:15:23',0,0,4,10,3,10),(1075,5,NULL,NULL,'subvención',NULL,'edit',62,NULL,NULL,62,NULL,NULL,NULL,'2018-04-13 12:15:23',0,0,4,10,4,10),(1076,5,NULL,NULL,'subvención',NULL,'edit',62,NULL,NULL,62,NULL,NULL,NULL,'2018-04-13 12:15:23',0,0,4,10,5,10),(1077,5,NULL,NULL,'subvención',NULL,'edit',62,NULL,NULL,62,NULL,NULL,NULL,'2018-04-13 12:15:23',0,0,4,10,6,10),(1078,5,NULL,NULL,'subvención',NULL,'crear',76,NULL,NULL,76,NULL,NULL,NULL,'2018-04-13 19:28:25',0,0,4,10,1,10),(1079,5,NULL,NULL,'subvención',NULL,'crear',76,NULL,NULL,76,NULL,NULL,NULL,'2018-04-13 19:28:25',0,0,4,10,2,10),(1080,5,NULL,NULL,'subvención',NULL,'crear',76,NULL,NULL,76,NULL,NULL,NULL,'2018-04-13 19:28:25',0,0,4,10,3,10),(1081,5,NULL,NULL,'subvención',NULL,'crear',76,NULL,NULL,76,NULL,NULL,NULL,'2018-04-13 19:28:25',0,0,4,10,4,10),(1082,5,NULL,NULL,'subvención',NULL,'crear',76,NULL,NULL,76,NULL,NULL,NULL,'2018-04-13 19:28:25',0,0,4,10,5,10),(1083,5,NULL,NULL,'subvención',NULL,'crear',76,NULL,NULL,76,NULL,NULL,NULL,'2018-04-13 19:28:25',0,0,4,10,6,10),(1084,5,NULL,NULL,'subvención',NULL,'crear',77,NULL,NULL,77,NULL,NULL,NULL,'2018-04-13 19:31:57',0,0,4,10,1,10),(1085,5,NULL,NULL,'subvención',NULL,'crear',77,NULL,NULL,77,NULL,NULL,NULL,'2018-04-13 19:31:57',0,0,4,10,2,10),(1086,5,NULL,NULL,'subvención',NULL,'crear',77,NULL,NULL,77,NULL,NULL,NULL,'2018-04-13 19:31:57',0,0,4,10,3,10),(1087,5,NULL,NULL,'subvención',NULL,'crear',77,NULL,NULL,77,NULL,NULL,NULL,'2018-04-13 19:31:57',0,0,4,10,4,10),(1088,5,NULL,NULL,'subvención',NULL,'crear',77,NULL,NULL,77,NULL,NULL,NULL,'2018-04-13 19:31:57',0,0,4,10,5,10),(1089,5,NULL,NULL,'subvención',NULL,'crear',77,NULL,NULL,77,NULL,NULL,NULL,'2018-04-13 19:31:57',0,0,4,10,6,10),(1090,5,NULL,NULL,'departamento (Diputación), \"Promoción y desarrollo local\"',NULL,'crear',NULL,NULL,NULL,NULL,NULL,NULL,NULL,'2018-04-13 19:44:53',0,0,4,NULL,1,NULL),(1091,5,NULL,NULL,'departamento (Diputación), \"Promoción y desarrollo local\"',NULL,'crear',NULL,NULL,NULL,NULL,NULL,NULL,NULL,'2018-04-13 19:44:53',0,0,4,NULL,2,NULL),(1092,5,NULL,NULL,'departamento (Diputación), \"Promoción y desarrollo local\"',NULL,'crear',NULL,NULL,NULL,NULL,NULL,NULL,NULL,'2018-04-13 19:44:53',0,0,4,NULL,3,NULL),(1093,5,NULL,NULL,'departamento (Diputación), \"Promoción y desarrollo local\"',NULL,'crear',NULL,NULL,NULL,NULL,NULL,NULL,NULL,'2018-04-13 19:44:53',0,0,4,NULL,4,NULL),(1094,5,NULL,NULL,'departamento (Diputación), \"Promoción y desarrollo local\"',NULL,'crear',NULL,NULL,NULL,NULL,NULL,NULL,NULL,'2018-04-13 19:44:53',0,0,4,NULL,5,NULL),(1095,5,NULL,NULL,'departamento (Diputación), \"Promoción y desarrollo local\"',NULL,'crear',NULL,NULL,NULL,NULL,NULL,NULL,NULL,'2018-04-13 19:44:53',0,0,4,NULL,6,NULL),(1096,5,NULL,NULL,'subvención',NULL,'crear',78,NULL,NULL,78,NULL,NULL,NULL,'2018-04-13 19:47:01',0,0,4,10,1,10),(1097,5,NULL,NULL,'subvención',NULL,'crear',78,NULL,NULL,78,NULL,NULL,NULL,'2018-04-13 19:47:01',0,0,4,10,2,10),(1098,5,NULL,NULL,'subvención',NULL,'crear',78,NULL,NULL,78,NULL,NULL,NULL,'2018-04-13 19:47:01',0,0,4,10,3,10),(1099,5,NULL,NULL,'subvención',NULL,'crear',78,NULL,NULL,78,NULL,NULL,NULL,'2018-04-13 19:47:01',0,0,4,10,4,10),(1100,5,NULL,NULL,'subvención',NULL,'crear',78,NULL,NULL,78,NULL,NULL,NULL,'2018-04-13 19:47:01',0,0,4,10,5,10),(1101,5,NULL,NULL,'subvención',NULL,'crear',78,NULL,NULL,78,NULL,NULL,NULL,'2018-04-13 19:47:01',0,0,4,10,6,10),(1102,5,NULL,NULL,'subvención',NULL,'edit',6,NULL,NULL,6,NULL,NULL,NULL,'2018-04-13 19:58:31',0,0,4,10,1,10),(1103,5,NULL,NULL,'subvención',NULL,'edit',6,NULL,NULL,6,NULL,NULL,NULL,'2018-04-13 19:58:31',0,0,4,10,2,10),(1104,5,NULL,NULL,'subvención',NULL,'edit',6,NULL,NULL,6,NULL,NULL,NULL,'2018-04-13 19:58:31',0,0,4,10,3,10),(1105,5,NULL,NULL,'subvención',NULL,'edit',6,NULL,NULL,6,NULL,NULL,NULL,'2018-04-13 19:58:31',0,0,4,10,4,10),(1106,5,NULL,NULL,'subvención',NULL,'edit',6,NULL,NULL,6,NULL,NULL,NULL,'2018-04-13 19:58:31',0,0,4,10,5,10),(1107,5,NULL,NULL,'subvención',NULL,'edit',6,NULL,NULL,6,NULL,NULL,NULL,'2018-04-13 19:58:31',0,0,4,10,6,10),(1108,5,NULL,NULL,'subvención',NULL,'edit',6,NULL,NULL,6,NULL,NULL,NULL,'2018-04-13 19:58:55',0,0,4,10,1,10),(1109,5,NULL,NULL,'subvención',NULL,'edit',6,NULL,NULL,6,NULL,NULL,NULL,'2018-04-13 19:58:55',0,0,4,10,2,10),(1110,5,NULL,NULL,'subvención',NULL,'edit',6,NULL,NULL,6,NULL,NULL,NULL,'2018-04-13 19:58:55',0,0,4,10,3,10),(1111,5,NULL,NULL,'subvención',NULL,'edit',6,NULL,NULL,6,NULL,NULL,NULL,'2018-04-13 19:58:55',0,0,4,10,4,10),(1112,5,NULL,NULL,'subvención',NULL,'edit',6,NULL,NULL,6,NULL,NULL,NULL,'2018-04-13 19:58:55',0,0,4,10,5,10),(1113,5,NULL,NULL,'subvención',NULL,'edit',6,NULL,NULL,6,NULL,NULL,NULL,'2018-04-13 19:58:55',0,0,4,10,6,10),(1114,5,NULL,NULL,'subvención',NULL,'edit',6,NULL,NULL,6,NULL,NULL,NULL,'2018-04-13 19:59:12',0,0,4,10,1,10),(1115,5,NULL,NULL,'subvención',NULL,'edit',6,NULL,NULL,6,NULL,NULL,NULL,'2018-04-13 19:59:12',0,0,4,10,2,10),(1116,5,NULL,NULL,'subvención',NULL,'edit',6,NULL,NULL,6,NULL,NULL,NULL,'2018-04-13 19:59:12',0,0,4,10,3,10),(1117,5,NULL,NULL,'subvención',NULL,'edit',6,NULL,NULL,6,NULL,NULL,NULL,'2018-04-13 19:59:12',0,0,4,10,4,10),(1118,5,NULL,NULL,'subvención',NULL,'edit',6,NULL,NULL,6,NULL,NULL,NULL,'2018-04-13 19:59:12',0,0,4,10,5,10),(1119,5,NULL,NULL,'subvención',NULL,'edit',6,NULL,NULL,6,NULL,NULL,NULL,'2018-04-13 19:59:12',0,0,4,10,6,10),(1120,5,NULL,NULL,'subvención',NULL,'crear',79,NULL,NULL,79,NULL,NULL,NULL,'2018-04-13 20:19:30',0,0,4,10,1,10),(1121,5,NULL,NULL,'subvención',NULL,'crear',79,NULL,NULL,79,NULL,NULL,NULL,'2018-04-13 20:19:30',0,0,4,10,2,10),(1122,5,NULL,NULL,'subvención',NULL,'crear',79,NULL,NULL,79,NULL,NULL,NULL,'2018-04-13 20:19:30',0,0,4,10,3,10),(1123,5,NULL,NULL,'subvención',NULL,'crear',79,NULL,NULL,79,NULL,NULL,NULL,'2018-04-13 20:19:30',0,0,4,10,4,10),(1124,5,NULL,NULL,'subvención',NULL,'crear',79,NULL,NULL,79,NULL,NULL,NULL,'2018-04-13 20:19:30',0,0,4,10,5,10),(1125,5,NULL,NULL,'subvención',NULL,'crear',79,NULL,NULL,79,NULL,NULL,NULL,'2018-04-13 20:19:30',0,0,4,10,6,10),(1126,5,NULL,NULL,'departamento (Generalitat), \"Conselleria de Vivienda, Obras Públicas y Vertebración del Territorio\"',NULL,'crear',NULL,NULL,NULL,NULL,NULL,NULL,NULL,'2018-04-13 20:29:06',0,0,4,NULL,1,NULL),(1127,5,NULL,NULL,'departamento (Generalitat), \"Conselleria de Vivienda, Obras Públicas y Vertebración del Territorio\"',NULL,'crear',NULL,NULL,NULL,NULL,NULL,NULL,NULL,'2018-04-13 20:29:06',0,0,4,NULL,2,NULL),(1128,5,NULL,NULL,'departamento (Generalitat), \"Conselleria de Vivienda, Obras Públicas y Vertebración del Territorio\"',NULL,'crear',NULL,NULL,NULL,NULL,NULL,NULL,NULL,'2018-04-13 20:29:06',0,0,4,NULL,3,NULL),(1129,5,NULL,NULL,'departamento (Generalitat), \"Conselleria de Vivienda, Obras Públicas y Vertebración del Territorio\"',NULL,'crear',NULL,NULL,NULL,NULL,NULL,NULL,NULL,'2018-04-13 20:29:06',0,0,4,NULL,4,NULL),(1130,5,NULL,NULL,'departamento (Generalitat), \"Conselleria de Vivienda, Obras Públicas y Vertebración del Territorio\"',NULL,'crear',NULL,NULL,NULL,NULL,NULL,NULL,NULL,'2018-04-13 20:29:06',0,0,4,NULL,5,NULL),(1131,5,NULL,NULL,'departamento (Generalitat), \"Conselleria de Vivienda, Obras Públicas y Vertebración del Territorio\"',NULL,'crear',NULL,NULL,NULL,NULL,NULL,NULL,NULL,'2018-04-13 20:29:06',0,0,4,NULL,6,NULL),(1132,5,NULL,NULL,'subvención',NULL,'crear',80,NULL,NULL,80,NULL,NULL,NULL,'2018-04-13 20:29:30',0,0,4,10,1,10),(1133,5,NULL,NULL,'subvención',NULL,'crear',80,NULL,NULL,80,NULL,NULL,NULL,'2018-04-13 20:29:30',0,0,4,10,2,10),(1134,5,NULL,NULL,'subvención',NULL,'crear',80,NULL,NULL,80,NULL,NULL,NULL,'2018-04-13 20:29:30',0,0,4,10,3,10),(1135,5,NULL,NULL,'subvención',NULL,'crear',80,NULL,NULL,80,NULL,NULL,NULL,'2018-04-13 20:29:30',0,0,4,10,4,10),(1136,5,NULL,NULL,'subvención',NULL,'crear',80,NULL,NULL,80,NULL,NULL,NULL,'2018-04-13 20:29:30',0,0,4,10,5,10),(1137,5,NULL,NULL,'subvención',NULL,'crear',80,NULL,NULL,80,NULL,NULL,NULL,'2018-04-13 20:29:30',0,0,4,10,6,10),(1138,5,NULL,NULL,'subvención',NULL,'crear',81,NULL,NULL,81,NULL,NULL,NULL,'2018-04-13 21:20:32',0,0,4,10,1,10),(1139,5,NULL,NULL,'subvención',NULL,'crear',81,NULL,NULL,81,NULL,NULL,NULL,'2018-04-13 21:20:32',0,0,4,10,2,10),(1140,5,NULL,NULL,'subvención',NULL,'crear',81,NULL,NULL,81,NULL,NULL,NULL,'2018-04-13 21:20:32',0,0,4,10,3,10),(1141,5,NULL,NULL,'subvención',NULL,'crear',81,NULL,NULL,81,NULL,NULL,NULL,'2018-04-13 21:20:32',0,0,4,10,4,10),(1142,5,NULL,NULL,'subvención',NULL,'crear',81,NULL,NULL,81,NULL,NULL,NULL,'2018-04-13 21:20:32',0,0,4,10,5,10),(1143,5,NULL,NULL,'subvención',NULL,'crear',81,NULL,NULL,81,NULL,NULL,NULL,'2018-04-13 21:20:32',0,0,4,10,6,10),(1144,5,NULL,NULL,'departamento (Diputación), \"Servicio Asistencia a Municipios\"',NULL,'crear',NULL,NULL,NULL,NULL,NULL,NULL,NULL,'2018-04-13 21:22:32',0,0,4,NULL,1,NULL),(1145,5,NULL,NULL,'departamento (Diputación), \"Servicio Asistencia a Municipios\"',NULL,'crear',NULL,NULL,NULL,NULL,NULL,NULL,NULL,'2018-04-13 21:22:32',0,0,4,NULL,2,NULL),(1146,5,NULL,NULL,'departamento (Diputación), \"Servicio Asistencia a Municipios\"',NULL,'crear',NULL,NULL,NULL,NULL,NULL,NULL,NULL,'2018-04-13 21:22:32',0,0,4,NULL,3,NULL),(1147,5,NULL,NULL,'departamento (Diputación), \"Servicio Asistencia a Municipios\"',NULL,'crear',NULL,NULL,NULL,NULL,NULL,NULL,NULL,'2018-04-13 21:22:32',0,0,4,NULL,4,NULL),(1148,5,NULL,NULL,'departamento (Diputación), \"Servicio Asistencia a Municipios\"',NULL,'crear',NULL,NULL,NULL,NULL,NULL,NULL,NULL,'2018-04-13 21:22:32',0,0,4,NULL,5,NULL),(1149,5,NULL,NULL,'departamento (Diputación), \"Servicio Asistencia a Municipios\"',NULL,'crear',NULL,NULL,NULL,NULL,NULL,NULL,NULL,'2018-04-13 21:22:32',0,0,4,NULL,6,NULL),(1150,5,NULL,NULL,'subvención',NULL,'crear',82,NULL,NULL,82,NULL,NULL,NULL,'2018-04-13 21:24:48',0,0,4,10,1,10),(1151,5,NULL,NULL,'subvención',NULL,'crear',82,NULL,NULL,82,NULL,NULL,NULL,'2018-04-13 21:24:48',0,0,4,10,2,10),(1152,5,NULL,NULL,'subvención',NULL,'crear',82,NULL,NULL,82,NULL,NULL,NULL,'2018-04-13 21:24:48',0,0,4,10,3,10),(1153,5,NULL,NULL,'subvención',NULL,'crear',82,NULL,NULL,82,NULL,NULL,NULL,'2018-04-13 21:24:48',0,0,4,10,4,10),(1154,5,NULL,NULL,'subvención',NULL,'crear',82,NULL,NULL,82,NULL,NULL,NULL,'2018-04-13 21:24:48',0,0,4,10,5,10),(1155,5,NULL,NULL,'subvención',NULL,'crear',82,NULL,NULL,82,NULL,NULL,NULL,'2018-04-13 21:24:48',0,0,4,10,6,10),(1156,5,NULL,NULL,'departamento (Diputación), \"Residuos Sólidos Urbanos\"',NULL,'crear',NULL,NULL,NULL,NULL,NULL,NULL,NULL,'2018-04-13 21:25:29',0,0,4,NULL,1,NULL),(1157,5,NULL,NULL,'departamento (Diputación), \"Residuos Sólidos Urbanos\"',NULL,'crear',NULL,NULL,NULL,NULL,NULL,NULL,NULL,'2018-04-13 21:25:29',0,0,4,NULL,2,NULL),(1158,5,NULL,NULL,'departamento (Diputación), \"Residuos Sólidos Urbanos\"',NULL,'crear',NULL,NULL,NULL,NULL,NULL,NULL,NULL,'2018-04-13 21:25:29',0,0,4,NULL,3,NULL),(1159,5,NULL,NULL,'departamento (Diputación), \"Residuos Sólidos Urbanos\"',NULL,'crear',NULL,NULL,NULL,NULL,NULL,NULL,NULL,'2018-04-13 21:25:29',0,0,4,NULL,4,NULL),(1160,5,NULL,NULL,'departamento (Diputación), \"Residuos Sólidos Urbanos\"',NULL,'crear',NULL,NULL,NULL,NULL,NULL,NULL,NULL,'2018-04-13 21:25:29',0,0,4,NULL,5,NULL),(1161,5,NULL,NULL,'departamento (Diputación), \"Residuos Sólidos Urbanos\"',NULL,'crear',NULL,NULL,NULL,NULL,NULL,NULL,NULL,'2018-04-13 21:25:29',0,0,4,NULL,6,NULL),(1162,5,NULL,NULL,'subvención',NULL,'edit',81,NULL,NULL,81,NULL,NULL,NULL,'2018-04-13 21:25:31',0,0,4,10,1,10),(1163,5,NULL,NULL,'subvención',NULL,'edit',81,NULL,NULL,81,NULL,NULL,NULL,'2018-04-13 21:25:31',0,0,4,10,2,10),(1164,5,NULL,NULL,'subvención',NULL,'edit',81,NULL,NULL,81,NULL,NULL,NULL,'2018-04-13 21:25:31',0,0,4,10,3,10),(1165,5,NULL,NULL,'subvención',NULL,'edit',81,NULL,NULL,81,NULL,NULL,NULL,'2018-04-13 21:25:31',0,0,4,10,4,10),(1166,5,NULL,NULL,'subvención',NULL,'edit',81,NULL,NULL,81,NULL,NULL,NULL,'2018-04-13 21:25:31',0,0,4,10,5,10),(1167,5,NULL,NULL,'subvención',NULL,'edit',81,NULL,NULL,81,NULL,NULL,NULL,'2018-04-13 21:25:31',0,0,4,10,6,10),(1168,5,NULL,NULL,'subvención',NULL,'edit',47,NULL,NULL,47,NULL,NULL,NULL,'2018-04-14 11:05:22',0,0,4,10,1,10),(1169,5,NULL,NULL,'subvención',NULL,'edit',47,NULL,NULL,47,NULL,NULL,NULL,'2018-04-14 11:05:22',0,0,4,10,2,10),(1170,5,NULL,NULL,'subvención',NULL,'edit',47,NULL,NULL,47,NULL,NULL,NULL,'2018-04-14 11:05:22',0,0,4,10,3,10),(1171,5,NULL,NULL,'subvención',NULL,'edit',47,NULL,NULL,47,NULL,NULL,NULL,'2018-04-14 11:05:22',0,0,4,10,4,10),(1172,5,NULL,NULL,'subvención',NULL,'edit',47,NULL,NULL,47,NULL,NULL,NULL,'2018-04-14 11:05:22',0,0,4,10,5,10),(1173,5,NULL,NULL,'subvención',NULL,'edit',47,NULL,NULL,47,NULL,NULL,NULL,'2018-04-14 11:05:22',0,0,4,10,6,10),(1174,5,NULL,NULL,'subvención',NULL,'edit',78,NULL,NULL,78,NULL,NULL,NULL,'2018-04-14 13:58:53',0,0,4,10,1,10),(1175,5,NULL,NULL,'subvención',NULL,'edit',78,NULL,NULL,78,NULL,NULL,NULL,'2018-04-14 13:58:53',0,0,4,10,2,10),(1176,5,NULL,NULL,'subvención',NULL,'edit',78,NULL,NULL,78,NULL,NULL,NULL,'2018-04-14 13:58:53',0,0,4,10,3,10),(1177,5,NULL,NULL,'subvención',NULL,'edit',78,NULL,NULL,78,NULL,NULL,NULL,'2018-04-14 13:58:53',0,0,4,10,4,10),(1178,5,NULL,NULL,'subvención',NULL,'edit',78,NULL,NULL,78,NULL,NULL,NULL,'2018-04-14 13:58:53',0,0,4,10,5,10),(1179,5,NULL,NULL,'subvención',NULL,'edit',78,NULL,NULL,78,NULL,NULL,NULL,'2018-04-14 13:58:53',0,0,4,10,6,10),(1180,5,NULL,NULL,'subvención',NULL,'edit',71,NULL,NULL,71,NULL,NULL,NULL,'2018-04-16 09:28:02',0,0,4,10,1,10),(1181,5,NULL,NULL,'subvención',NULL,'edit',71,NULL,NULL,71,NULL,NULL,NULL,'2018-04-16 09:28:02',0,0,4,10,2,10),(1182,5,NULL,NULL,'subvención',NULL,'edit',71,NULL,NULL,71,NULL,NULL,NULL,'2018-04-16 09:28:02',0,0,4,10,3,10),(1183,5,NULL,NULL,'subvención',NULL,'edit',71,NULL,NULL,71,NULL,NULL,NULL,'2018-04-16 09:28:02',0,0,4,10,4,10),(1184,5,NULL,NULL,'subvención',NULL,'edit',71,NULL,NULL,71,NULL,NULL,NULL,'2018-04-16 09:28:02',0,0,4,10,5,10),(1185,5,NULL,NULL,'subvención',NULL,'edit',71,NULL,NULL,71,NULL,NULL,NULL,'2018-04-16 09:28:02',0,0,4,10,6,10),(1186,5,NULL,NULL,'subvención',NULL,'edit',71,NULL,NULL,71,NULL,NULL,NULL,'2018-04-16 09:40:06',0,0,4,10,1,10),(1187,5,NULL,NULL,'subvención',NULL,'edit',71,NULL,NULL,71,NULL,NULL,NULL,'2018-04-16 09:40:06',0,0,4,10,2,10),(1188,5,NULL,NULL,'subvención',NULL,'edit',71,NULL,NULL,71,NULL,NULL,NULL,'2018-04-16 09:40:06',0,0,4,10,3,10),(1189,5,NULL,NULL,'subvención',NULL,'edit',71,NULL,NULL,71,NULL,NULL,NULL,'2018-04-16 09:40:06',0,0,4,10,4,10),(1190,5,NULL,NULL,'subvención',NULL,'edit',71,NULL,NULL,71,NULL,NULL,NULL,'2018-04-16 09:40:06',0,0,4,10,5,10),(1191,5,NULL,NULL,'subvención',NULL,'edit',71,NULL,NULL,71,NULL,NULL,NULL,'2018-04-16 09:40:06',0,0,4,10,6,10),(1192,5,NULL,NULL,'subvención',NULL,'edit',49,NULL,NULL,49,NULL,NULL,NULL,'2018-04-16 18:04:06',0,0,4,10,1,10),(1193,5,NULL,NULL,'subvención',NULL,'edit',49,NULL,NULL,49,NULL,NULL,NULL,'2018-04-16 18:04:06',0,0,4,10,2,10),(1194,5,NULL,NULL,'subvención',NULL,'edit',49,NULL,NULL,49,NULL,NULL,NULL,'2018-04-16 18:04:06',0,0,4,10,3,10),(1195,5,NULL,NULL,'subvención',NULL,'edit',49,NULL,NULL,49,NULL,NULL,NULL,'2018-04-16 18:04:06',0,0,4,10,4,10),(1196,5,NULL,NULL,'subvención',NULL,'edit',49,NULL,NULL,49,NULL,NULL,NULL,'2018-04-16 18:04:06',0,0,4,10,5,10),(1197,5,NULL,NULL,'subvención',NULL,'edit',49,NULL,NULL,49,NULL,NULL,NULL,'2018-04-16 18:04:06',0,0,4,10,6,10),(1198,5,NULL,NULL,'subvención',NULL,'edit',43,NULL,NULL,43,NULL,NULL,NULL,'2018-04-16 18:25:46',0,0,4,10,1,10),(1199,5,NULL,NULL,'subvención',NULL,'edit',43,NULL,NULL,43,NULL,NULL,NULL,'2018-04-16 18:25:46',0,0,4,10,2,10),(1200,5,NULL,NULL,'subvención',NULL,'edit',43,NULL,NULL,43,NULL,NULL,NULL,'2018-04-16 18:25:46',0,0,4,10,3,10),(1201,5,NULL,NULL,'subvención',NULL,'edit',43,NULL,NULL,43,NULL,NULL,NULL,'2018-04-16 18:25:46',0,0,4,10,4,10),(1202,5,NULL,NULL,'subvención',NULL,'edit',43,NULL,NULL,43,NULL,NULL,NULL,'2018-04-16 18:25:46',0,0,4,10,5,10),(1203,5,NULL,NULL,'subvención',NULL,'edit',43,NULL,NULL,43,NULL,NULL,NULL,'2018-04-16 18:25:46',0,0,4,10,6,10),(1204,5,NULL,NULL,'subvención',NULL,'edit',43,NULL,NULL,43,NULL,NULL,NULL,'2018-04-16 18:26:30',0,0,4,10,1,10),(1205,5,NULL,NULL,'subvención',NULL,'edit',43,NULL,NULL,43,NULL,NULL,NULL,'2018-04-16 18:26:30',0,0,4,10,2,10),(1206,5,NULL,NULL,'subvención',NULL,'edit',43,NULL,NULL,43,NULL,NULL,NULL,'2018-04-16 18:26:30',0,0,4,10,3,10),(1207,5,NULL,NULL,'subvención',NULL,'edit',43,NULL,NULL,43,NULL,NULL,NULL,'2018-04-16 18:26:30',0,0,4,10,4,10),(1208,5,NULL,NULL,'subvención',NULL,'edit',43,NULL,NULL,43,NULL,NULL,NULL,'2018-04-16 18:26:30',0,0,4,10,5,10),(1209,5,NULL,NULL,'subvención',NULL,'edit',43,NULL,NULL,43,NULL,NULL,NULL,'2018-04-16 18:26:30',0,0,4,10,6,10),(1210,5,NULL,NULL,'subvención',NULL,'edit',11,NULL,NULL,11,NULL,NULL,NULL,'2018-04-16 18:29:20',0,0,4,10,1,10),(1211,5,NULL,NULL,'subvención',NULL,'edit',11,NULL,NULL,11,NULL,NULL,NULL,'2018-04-16 18:29:20',0,0,4,10,2,10),(1212,5,NULL,NULL,'subvención',NULL,'edit',11,NULL,NULL,11,NULL,NULL,NULL,'2018-04-16 18:29:20',0,0,4,10,3,10),(1213,5,NULL,NULL,'subvención',NULL,'edit',11,NULL,NULL,11,NULL,NULL,NULL,'2018-04-16 18:29:20',0,0,4,10,4,10),(1214,5,NULL,NULL,'subvención',NULL,'edit',11,NULL,NULL,11,NULL,NULL,NULL,'2018-04-16 18:29:20',0,0,4,10,5,10),(1215,5,NULL,NULL,'subvención',NULL,'edit',11,NULL,NULL,11,NULL,NULL,NULL,'2018-04-16 18:29:20',0,0,4,10,6,10),(1216,5,NULL,NULL,'subvención',NULL,'edit',12,NULL,NULL,12,NULL,NULL,NULL,'2018-04-16 18:30:47',0,0,4,10,1,10),(1217,5,NULL,NULL,'subvención',NULL,'edit',12,NULL,NULL,12,NULL,NULL,NULL,'2018-04-16 18:30:47',0,0,4,10,2,10),(1218,5,NULL,NULL,'subvención',NULL,'edit',12,NULL,NULL,12,NULL,NULL,NULL,'2018-04-16 18:30:47',0,0,4,10,3,10),(1219,5,NULL,NULL,'subvención',NULL,'edit',12,NULL,NULL,12,NULL,NULL,NULL,'2018-04-16 18:30:47',0,0,4,10,4,10),(1220,5,NULL,NULL,'subvención',NULL,'edit',12,NULL,NULL,12,NULL,NULL,NULL,'2018-04-16 18:30:47',0,0,4,10,5,10),(1221,5,NULL,NULL,'subvención',NULL,'edit',12,NULL,NULL,12,NULL,NULL,NULL,'2018-04-16 18:30:47',0,0,4,10,6,10),(1222,5,NULL,NULL,'subvención',NULL,'edit',12,NULL,NULL,12,NULL,NULL,NULL,'2018-04-16 18:31:02',0,0,4,10,1,10),(1223,5,NULL,NULL,'subvención',NULL,'edit',12,NULL,NULL,12,NULL,NULL,NULL,'2018-04-16 18:31:02',0,0,4,10,2,10),(1224,5,NULL,NULL,'subvención',NULL,'edit',12,NULL,NULL,12,NULL,NULL,NULL,'2018-04-16 18:31:02',0,0,4,10,3,10),(1225,5,NULL,NULL,'subvención',NULL,'edit',12,NULL,NULL,12,NULL,NULL,NULL,'2018-04-16 18:31:02',0,0,4,10,4,10),(1226,5,NULL,NULL,'subvención',NULL,'edit',12,NULL,NULL,12,NULL,NULL,NULL,'2018-04-16 18:31:02',0,0,4,10,5,10),(1227,5,NULL,NULL,'subvención',NULL,'edit',12,NULL,NULL,12,NULL,NULL,NULL,'2018-04-16 18:31:02',0,0,4,10,6,10),(1228,5,NULL,NULL,'subvención',NULL,'edit',71,NULL,NULL,71,NULL,NULL,NULL,'2018-04-16 18:32:35',0,0,4,10,1,10),(1229,5,NULL,NULL,'subvención',NULL,'edit',71,NULL,NULL,71,NULL,NULL,NULL,'2018-04-16 18:32:35',0,0,4,10,2,10),(1230,5,NULL,NULL,'subvención',NULL,'edit',71,NULL,NULL,71,NULL,NULL,NULL,'2018-04-16 18:32:35',0,0,4,10,3,10),(1231,5,NULL,NULL,'subvención',NULL,'edit',71,NULL,NULL,71,NULL,NULL,NULL,'2018-04-16 18:32:35',0,0,4,10,4,10),(1232,5,NULL,NULL,'subvención',NULL,'edit',71,NULL,NULL,71,NULL,NULL,NULL,'2018-04-16 18:32:35',0,0,4,10,5,10),(1233,5,NULL,NULL,'subvención',NULL,'edit',71,NULL,NULL,71,NULL,NULL,NULL,'2018-04-16 18:32:35',0,0,4,10,6,10),(1234,5,NULL,NULL,'subvención',NULL,'edit',14,NULL,NULL,14,NULL,NULL,NULL,'2018-04-16 18:35:35',0,0,4,10,1,10),(1235,5,NULL,NULL,'subvención',NULL,'edit',14,NULL,NULL,14,NULL,NULL,NULL,'2018-04-16 18:35:35',0,0,4,10,2,10),(1236,5,NULL,NULL,'subvención',NULL,'edit',14,NULL,NULL,14,NULL,NULL,NULL,'2018-04-16 18:35:35',0,0,4,10,3,10),(1237,5,NULL,NULL,'subvención',NULL,'edit',14,NULL,NULL,14,NULL,NULL,NULL,'2018-04-16 18:35:35',0,0,4,10,4,10),(1238,5,NULL,NULL,'subvención',NULL,'edit',14,NULL,NULL,14,NULL,NULL,NULL,'2018-04-16 18:35:35',0,0,4,10,5,10),(1239,5,NULL,NULL,'subvención',NULL,'edit',14,NULL,NULL,14,NULL,NULL,NULL,'2018-04-16 18:35:35',0,0,4,10,6,10),(1240,5,NULL,NULL,'subvención',NULL,'edit',62,NULL,NULL,62,NULL,NULL,NULL,'2018-04-16 18:49:31',0,0,4,10,1,10),(1241,5,NULL,NULL,'subvención',NULL,'edit',62,NULL,NULL,62,NULL,NULL,NULL,'2018-04-16 18:49:31',0,0,4,10,2,10),(1242,5,NULL,NULL,'subvención',NULL,'edit',62,NULL,NULL,62,NULL,NULL,NULL,'2018-04-16 18:49:31',0,0,4,10,3,10),(1243,5,NULL,NULL,'subvención',NULL,'edit',62,NULL,NULL,62,NULL,NULL,NULL,'2018-04-16 18:49:31',0,0,4,10,4,10),(1244,5,NULL,NULL,'subvención',NULL,'edit',62,NULL,NULL,62,NULL,NULL,NULL,'2018-04-16 18:49:31',0,0,4,10,5,10),(1245,5,NULL,NULL,'subvención',NULL,'edit',62,NULL,NULL,62,NULL,NULL,NULL,'2018-04-16 18:49:31',0,0,4,10,6,10),(1246,5,NULL,NULL,'subvención',NULL,'edit',22,NULL,NULL,22,NULL,NULL,NULL,'2018-04-16 18:51:17',0,0,4,10,1,10),(1247,5,NULL,NULL,'subvención',NULL,'edit',22,NULL,NULL,22,NULL,NULL,NULL,'2018-04-16 18:51:17',0,0,4,10,2,10),(1248,5,NULL,NULL,'subvención',NULL,'edit',22,NULL,NULL,22,NULL,NULL,NULL,'2018-04-16 18:51:17',0,0,4,10,3,10),(1249,5,NULL,NULL,'subvención',NULL,'edit',22,NULL,NULL,22,NULL,NULL,NULL,'2018-04-16 18:51:17',0,0,4,10,4,10),(1250,5,NULL,NULL,'subvención',NULL,'edit',22,NULL,NULL,22,NULL,NULL,NULL,'2018-04-16 18:51:17',0,0,4,10,5,10),(1251,5,NULL,NULL,'subvención',NULL,'edit',22,NULL,NULL,22,NULL,NULL,NULL,'2018-04-16 18:51:17',0,0,4,10,6,10),(1252,5,NULL,NULL,'subvención',NULL,'edit',43,NULL,NULL,43,NULL,NULL,NULL,'2018-04-16 18:58:48',0,0,4,10,1,10),(1253,5,NULL,NULL,'subvención',NULL,'edit',43,NULL,NULL,43,NULL,NULL,NULL,'2018-04-16 18:58:48',0,0,4,10,2,10),(1254,5,NULL,NULL,'subvención',NULL,'edit',43,NULL,NULL,43,NULL,NULL,NULL,'2018-04-16 18:58:48',0,0,4,10,3,10),(1255,5,NULL,NULL,'subvención',NULL,'edit',43,NULL,NULL,43,NULL,NULL,NULL,'2018-04-16 18:58:48',0,0,4,10,4,10),(1256,5,NULL,NULL,'subvención',NULL,'edit',43,NULL,NULL,43,NULL,NULL,NULL,'2018-04-16 18:58:48',0,0,4,10,5,10),(1257,5,NULL,NULL,'subvención',NULL,'edit',43,NULL,NULL,43,NULL,NULL,NULL,'2018-04-16 18:58:48',0,0,4,10,6,10),(1258,5,NULL,NULL,'subvención',NULL,'edit',52,NULL,NULL,52,NULL,NULL,NULL,'2018-04-16 19:00:37',0,0,4,10,1,10),(1259,5,NULL,NULL,'subvención',NULL,'edit',52,NULL,NULL,52,NULL,NULL,NULL,'2018-04-16 19:00:37',0,0,4,10,2,10),(1260,5,NULL,NULL,'subvención',NULL,'edit',52,NULL,NULL,52,NULL,NULL,NULL,'2018-04-16 19:00:37',0,0,4,10,3,10),(1261,5,NULL,NULL,'subvención',NULL,'edit',52,NULL,NULL,52,NULL,NULL,NULL,'2018-04-16 19:00:37',0,0,4,10,4,10),(1262,5,NULL,NULL,'subvención',NULL,'edit',52,NULL,NULL,52,NULL,NULL,NULL,'2018-04-16 19:00:37',0,0,4,10,5,10),(1263,5,NULL,NULL,'subvención',NULL,'edit',52,NULL,NULL,52,NULL,NULL,NULL,'2018-04-16 19:00:37',0,0,4,10,6,10),(1264,5,NULL,NULL,'subvención',NULL,'edit',9,NULL,NULL,9,NULL,NULL,NULL,'2018-04-16 19:13:07',0,0,4,10,1,10),(1265,5,NULL,NULL,'subvención',NULL,'edit',9,NULL,NULL,9,NULL,NULL,NULL,'2018-04-16 19:13:07',0,0,4,10,2,10),(1266,5,NULL,NULL,'subvención',NULL,'edit',9,NULL,NULL,9,NULL,NULL,NULL,'2018-04-16 19:13:07',0,0,4,10,3,10),(1267,5,NULL,NULL,'subvención',NULL,'edit',9,NULL,NULL,9,NULL,NULL,NULL,'2018-04-16 19:13:07',0,0,4,10,4,10),(1268,5,NULL,NULL,'subvención',NULL,'edit',9,NULL,NULL,9,NULL,NULL,NULL,'2018-04-16 19:13:07',0,0,4,10,5,10),(1269,5,NULL,NULL,'subvención',NULL,'edit',9,NULL,NULL,9,NULL,NULL,NULL,'2018-04-16 19:13:07',0,0,4,10,6,10),(1270,5,NULL,NULL,'subvención',NULL,'edit',45,NULL,NULL,45,NULL,NULL,NULL,'2018-04-16 20:31:55',0,0,4,10,1,10),(1271,5,NULL,NULL,'subvención',NULL,'edit',45,NULL,NULL,45,NULL,NULL,NULL,'2018-04-16 20:31:55',0,0,4,10,2,10),(1272,5,NULL,NULL,'subvención',NULL,'edit',45,NULL,NULL,45,NULL,NULL,NULL,'2018-04-16 20:31:55',0,0,4,10,3,10),(1273,5,NULL,NULL,'subvención',NULL,'edit',45,NULL,NULL,45,NULL,NULL,NULL,'2018-04-16 20:31:55',0,0,4,10,4,10),(1274,5,NULL,NULL,'subvención',NULL,'edit',45,NULL,NULL,45,NULL,NULL,NULL,'2018-04-16 20:31:55',0,0,4,10,5,10),(1275,5,NULL,NULL,'subvención',NULL,'edit',45,NULL,NULL,45,NULL,NULL,NULL,'2018-04-16 20:31:55',0,0,4,10,6,10),(1276,5,NULL,NULL,'subvención',NULL,'edit',45,NULL,NULL,45,NULL,NULL,NULL,'2018-04-16 20:31:55',0,0,4,10,7,10),(1277,5,NULL,NULL,'subvención',NULL,'edit',53,NULL,NULL,53,NULL,NULL,NULL,'2018-04-16 20:38:58',0,0,4,10,1,10),(1278,5,NULL,NULL,'subvención',NULL,'edit',53,NULL,NULL,53,NULL,NULL,NULL,'2018-04-16 20:38:58',0,0,4,10,2,10),(1279,5,NULL,NULL,'subvención',NULL,'edit',53,NULL,NULL,53,NULL,NULL,NULL,'2018-04-16 20:38:58',0,0,4,10,3,10),(1280,5,NULL,NULL,'subvención',NULL,'edit',53,NULL,NULL,53,NULL,NULL,NULL,'2018-04-16 20:38:58',0,0,4,10,4,10),(1281,5,NULL,NULL,'subvención',NULL,'edit',53,NULL,NULL,53,NULL,NULL,NULL,'2018-04-16 20:38:58',0,0,4,10,5,10),(1282,5,NULL,NULL,'subvención',NULL,'edit',53,NULL,NULL,53,NULL,NULL,NULL,'2018-04-16 20:38:58',0,0,4,10,6,10),(1283,5,NULL,NULL,'subvención',NULL,'edit',53,NULL,NULL,53,NULL,NULL,NULL,'2018-04-16 20:38:58',0,0,4,10,7,10),(1284,5,NULL,NULL,'subvención',NULL,'crear',83,NULL,NULL,83,NULL,NULL,NULL,'2018-04-17 09:48:23',0,0,4,10,1,10),(1285,5,NULL,NULL,'subvención',NULL,'crear',83,NULL,NULL,83,NULL,NULL,NULL,'2018-04-17 09:48:23',0,0,4,10,2,10),(1286,5,NULL,NULL,'subvención',NULL,'crear',83,NULL,NULL,83,NULL,NULL,NULL,'2018-04-17 09:48:23',0,0,4,10,3,10),(1287,5,NULL,NULL,'subvención',NULL,'crear',83,NULL,NULL,83,NULL,NULL,NULL,'2018-04-17 09:48:23',0,0,4,10,4,10),(1288,5,NULL,NULL,'subvención',NULL,'crear',83,NULL,NULL,83,NULL,NULL,NULL,'2018-04-17 09:48:23',0,0,4,10,5,10),(1289,5,NULL,NULL,'subvención',NULL,'crear',83,NULL,NULL,83,NULL,NULL,NULL,'2018-04-17 09:48:23',0,0,4,10,6,10),(1290,5,NULL,NULL,'subvención',NULL,'crear',83,NULL,NULL,83,NULL,NULL,NULL,'2018-04-17 09:48:23',0,0,4,10,7,10),(1291,5,NULL,NULL,'subvención',NULL,'crear',84,NULL,NULL,84,NULL,NULL,NULL,'2018-04-17 09:50:39',0,0,4,10,1,10),(1292,5,NULL,NULL,'subvención',NULL,'crear',84,NULL,NULL,84,NULL,NULL,NULL,'2018-04-17 09:50:39',0,0,4,10,2,10),(1293,5,NULL,NULL,'subvención',NULL,'crear',84,NULL,NULL,84,NULL,NULL,NULL,'2018-04-17 09:50:39',0,0,4,10,3,10),(1294,5,NULL,NULL,'subvención',NULL,'crear',84,NULL,NULL,84,NULL,NULL,NULL,'2018-04-17 09:50:39',0,0,4,10,4,10),(1295,5,NULL,NULL,'subvención',NULL,'crear',84,NULL,NULL,84,NULL,NULL,NULL,'2018-04-17 09:50:39',0,0,4,10,5,10),(1296,5,NULL,NULL,'subvención',NULL,'crear',84,NULL,NULL,84,NULL,NULL,NULL,'2018-04-17 09:50:39',0,0,4,10,6,10),(1297,5,NULL,NULL,'subvención',NULL,'crear',84,NULL,NULL,84,NULL,NULL,NULL,'2018-04-17 09:50:39',0,0,4,10,7,10),(1298,5,NULL,NULL,'subvención',NULL,'edit',62,NULL,NULL,62,NULL,NULL,NULL,'2018-04-17 10:33:10',0,0,4,10,1,10),(1299,5,NULL,NULL,'subvención',NULL,'edit',62,NULL,NULL,62,NULL,NULL,NULL,'2018-04-17 10:33:10',0,0,4,10,2,10),(1300,5,NULL,NULL,'subvención',NULL,'edit',62,NULL,NULL,62,NULL,NULL,NULL,'2018-04-17 10:33:10',0,0,4,10,3,10),(1301,5,NULL,NULL,'subvención',NULL,'edit',62,NULL,NULL,62,NULL,NULL,NULL,'2018-04-17 10:33:10',0,0,4,10,4,10),(1302,5,NULL,NULL,'subvención',NULL,'edit',62,NULL,NULL,62,NULL,NULL,NULL,'2018-04-17 10:33:10',0,0,4,10,5,10),(1303,5,NULL,NULL,'subvención',NULL,'edit',62,NULL,NULL,62,NULL,NULL,NULL,'2018-04-17 10:33:10',0,0,4,10,6,10),(1304,5,NULL,NULL,'subvención',NULL,'edit',62,NULL,NULL,62,NULL,NULL,NULL,'2018-04-17 10:33:10',0,0,4,10,7,10),(1305,5,NULL,NULL,'subvención',NULL,'edit',69,NULL,NULL,69,NULL,NULL,NULL,'2018-04-17 12:10:17',0,0,4,10,1,10),(1306,5,NULL,NULL,'subvención',NULL,'edit',69,NULL,NULL,69,NULL,NULL,NULL,'2018-04-17 12:10:17',0,0,4,10,2,10),(1307,5,NULL,NULL,'subvención',NULL,'edit',69,NULL,NULL,69,NULL,NULL,NULL,'2018-04-17 12:10:17',0,0,4,10,3,10),(1308,5,NULL,NULL,'subvención',NULL,'edit',69,NULL,NULL,69,NULL,NULL,NULL,'2018-04-17 12:10:17',0,0,4,10,4,10),(1309,5,NULL,NULL,'subvención',NULL,'edit',69,NULL,NULL,69,NULL,NULL,NULL,'2018-04-17 12:10:17',0,0,4,10,5,10),(1310,5,NULL,NULL,'subvención',NULL,'edit',69,NULL,NULL,69,NULL,NULL,NULL,'2018-04-17 12:10:17',0,0,4,10,6,10),(1311,5,NULL,NULL,'subvención',NULL,'edit',69,NULL,NULL,69,NULL,NULL,NULL,'2018-04-17 12:10:17',0,0,4,10,7,10),(1312,5,NULL,NULL,'subvención',NULL,'edit',49,NULL,NULL,49,NULL,NULL,NULL,'2018-04-17 12:28:16',0,0,4,10,1,10),(1313,5,NULL,NULL,'subvención',NULL,'edit',49,NULL,NULL,49,NULL,NULL,NULL,'2018-04-17 12:28:16',0,0,4,10,2,10),(1314,5,NULL,NULL,'subvención',NULL,'edit',49,NULL,NULL,49,NULL,NULL,NULL,'2018-04-17 12:28:16',0,0,4,10,3,10),(1315,5,NULL,NULL,'subvención',NULL,'edit',49,NULL,NULL,49,NULL,NULL,NULL,'2018-04-17 12:28:16',0,0,4,10,4,10),(1316,5,NULL,NULL,'subvención',NULL,'edit',49,NULL,NULL,49,NULL,NULL,NULL,'2018-04-17 12:28:16',0,0,4,10,5,10),(1317,5,NULL,NULL,'subvención',NULL,'edit',49,NULL,NULL,49,NULL,NULL,NULL,'2018-04-17 12:28:16',0,0,4,10,6,10),(1318,5,NULL,NULL,'subvención',NULL,'edit',49,NULL,NULL,49,NULL,NULL,NULL,'2018-04-17 12:28:16',0,0,4,10,7,10),(1319,5,NULL,NULL,'subvención',NULL,'edit',70,NULL,NULL,70,NULL,NULL,NULL,'2018-04-17 19:33:32',0,0,4,10,1,10),(1320,5,NULL,NULL,'subvención',NULL,'edit',70,NULL,NULL,70,NULL,NULL,NULL,'2018-04-17 19:33:32',0,0,4,10,2,10),(1321,5,NULL,NULL,'subvención',NULL,'edit',70,NULL,NULL,70,NULL,NULL,NULL,'2018-04-17 19:33:32',0,0,4,10,3,10),(1322,5,NULL,NULL,'subvención',NULL,'edit',70,NULL,NULL,70,NULL,NULL,NULL,'2018-04-17 19:33:32',0,0,4,10,4,10),(1323,5,NULL,NULL,'subvención',NULL,'edit',70,NULL,NULL,70,NULL,NULL,NULL,'2018-04-17 19:33:32',0,0,4,10,5,10),(1324,5,NULL,NULL,'subvención',NULL,'edit',70,NULL,NULL,70,NULL,NULL,NULL,'2018-04-17 19:33:32',0,0,4,10,6,10),(1325,5,NULL,NULL,'subvención',NULL,'edit',70,NULL,NULL,70,NULL,NULL,NULL,'2018-04-17 19:33:32',0,0,4,10,7,10),(1326,5,NULL,NULL,'subvención',NULL,'edit',5,NULL,NULL,5,NULL,NULL,NULL,'2018-04-17 19:54:04',0,0,4,10,1,10),(1327,5,NULL,NULL,'subvención',NULL,'edit',5,NULL,NULL,5,NULL,NULL,NULL,'2018-04-17 19:54:04',0,0,4,10,2,10),(1328,5,NULL,NULL,'subvención',NULL,'edit',5,NULL,NULL,5,NULL,NULL,NULL,'2018-04-17 19:54:04',0,0,4,10,3,10),(1329,5,NULL,NULL,'subvención',NULL,'edit',5,NULL,NULL,5,NULL,NULL,NULL,'2018-04-17 19:54:04',0,0,4,10,4,10),(1330,5,NULL,NULL,'subvención',NULL,'edit',5,NULL,NULL,5,NULL,NULL,NULL,'2018-04-17 19:54:04',0,0,4,10,5,10),(1331,5,NULL,NULL,'subvención',NULL,'edit',5,NULL,NULL,5,NULL,NULL,NULL,'2018-04-17 19:54:04',0,0,4,10,6,10),(1332,5,NULL,NULL,'subvención',NULL,'edit',5,NULL,NULL,5,NULL,NULL,NULL,'2018-04-17 19:54:04',0,0,4,10,7,10),(1333,5,NULL,NULL,'subvención',NULL,'edit',81,NULL,NULL,81,NULL,NULL,NULL,'2018-04-17 20:46:54',0,0,4,10,1,10),(1334,5,NULL,NULL,'subvención',NULL,'edit',81,NULL,NULL,81,NULL,NULL,NULL,'2018-04-17 20:46:54',0,0,4,10,2,10),(1335,5,NULL,NULL,'subvención',NULL,'edit',81,NULL,NULL,81,NULL,NULL,NULL,'2018-04-17 20:46:54',0,0,4,10,3,10),(1336,5,NULL,NULL,'subvención',NULL,'edit',81,NULL,NULL,81,NULL,NULL,NULL,'2018-04-17 20:46:54',0,0,4,10,4,10),(1337,5,NULL,NULL,'subvención',NULL,'edit',81,NULL,NULL,81,NULL,NULL,NULL,'2018-04-17 20:46:54',0,0,4,10,5,10),(1338,5,NULL,NULL,'subvención',NULL,'edit',81,NULL,NULL,81,NULL,NULL,NULL,'2018-04-17 20:46:54',0,0,4,10,6,10),(1339,5,NULL,NULL,'subvención',NULL,'edit',81,NULL,NULL,81,NULL,NULL,NULL,'2018-04-17 20:46:54',0,0,4,10,7,10),(1340,5,NULL,NULL,'subvención',NULL,'edit',81,NULL,NULL,81,NULL,NULL,NULL,'2018-04-17 20:56:57',0,0,4,10,1,10),(1341,5,NULL,NULL,'subvención',NULL,'edit',81,NULL,NULL,81,NULL,NULL,NULL,'2018-04-17 20:56:57',0,0,4,10,2,10),(1342,5,NULL,NULL,'subvención',NULL,'edit',81,NULL,NULL,81,NULL,NULL,NULL,'2018-04-17 20:56:57',0,0,4,10,3,10),(1343,5,NULL,NULL,'subvención',NULL,'edit',81,NULL,NULL,81,NULL,NULL,NULL,'2018-04-17 20:56:57',0,0,4,10,4,10),(1344,5,NULL,NULL,'subvención',NULL,'edit',81,NULL,NULL,81,NULL,NULL,NULL,'2018-04-17 20:56:57',0,0,4,10,5,10),(1345,5,NULL,NULL,'subvención',NULL,'edit',81,NULL,NULL,81,NULL,NULL,NULL,'2018-04-17 20:56:57',0,0,4,10,6,10),(1346,5,NULL,NULL,'subvención',NULL,'edit',81,NULL,NULL,81,NULL,NULL,NULL,'2018-04-17 20:56:57',0,0,4,10,7,10),(1347,5,NULL,NULL,'subvención',NULL,'edit',25,NULL,NULL,25,NULL,NULL,NULL,'2018-04-17 20:57:32',0,0,4,10,1,10),(1348,5,NULL,NULL,'subvención',NULL,'edit',25,NULL,NULL,25,NULL,NULL,NULL,'2018-04-17 20:57:32',0,0,4,10,2,10),(1349,5,NULL,NULL,'subvención',NULL,'edit',25,NULL,NULL,25,NULL,NULL,NULL,'2018-04-17 20:57:32',0,0,4,10,3,10),(1350,5,NULL,NULL,'subvención',NULL,'edit',25,NULL,NULL,25,NULL,NULL,NULL,'2018-04-17 20:57:32',0,0,4,10,4,10),(1351,5,NULL,NULL,'subvención',NULL,'edit',25,NULL,NULL,25,NULL,NULL,NULL,'2018-04-17 20:57:32',0,0,4,10,5,10),(1352,5,NULL,NULL,'subvención',NULL,'edit',25,NULL,NULL,25,NULL,NULL,NULL,'2018-04-17 20:57:32',0,0,4,10,6,10),(1353,5,NULL,NULL,'subvención',NULL,'edit',25,NULL,NULL,25,NULL,NULL,NULL,'2018-04-17 20:57:32',0,0,4,10,7,10),(1354,5,NULL,NULL,'subvención',NULL,'edit',67,NULL,NULL,67,NULL,NULL,NULL,'2018-04-17 21:18:38',0,0,4,10,1,10),(1355,5,NULL,NULL,'subvención',NULL,'edit',67,NULL,NULL,67,NULL,NULL,NULL,'2018-04-17 21:18:38',0,0,4,10,2,10),(1356,5,NULL,NULL,'subvención',NULL,'edit',67,NULL,NULL,67,NULL,NULL,NULL,'2018-04-17 21:18:38',0,0,4,10,3,10),(1357,5,NULL,NULL,'subvención',NULL,'edit',67,NULL,NULL,67,NULL,NULL,NULL,'2018-04-17 21:18:38',0,0,4,10,4,10),(1358,5,NULL,NULL,'subvención',NULL,'edit',67,NULL,NULL,67,NULL,NULL,NULL,'2018-04-17 21:18:38',0,0,4,10,5,10),(1359,5,NULL,NULL,'subvención',NULL,'edit',67,NULL,NULL,67,NULL,NULL,NULL,'2018-04-17 21:18:38',0,0,4,10,6,10),(1360,5,NULL,NULL,'subvención',NULL,'edit',67,NULL,NULL,67,NULL,NULL,NULL,'2018-04-17 21:18:38',0,0,4,10,7,10),(1361,5,NULL,NULL,'subvención',NULL,'edit',49,NULL,NULL,49,NULL,NULL,NULL,'2018-04-17 21:50:34',0,0,4,10,1,10),(1362,5,NULL,NULL,'subvención',NULL,'edit',49,NULL,NULL,49,NULL,NULL,NULL,'2018-04-17 21:50:34',0,0,4,10,2,10),(1363,5,NULL,NULL,'subvención',NULL,'edit',49,NULL,NULL,49,NULL,NULL,NULL,'2018-04-17 21:50:34',0,0,4,10,3,10),(1364,5,NULL,NULL,'subvención',NULL,'edit',49,NULL,NULL,49,NULL,NULL,NULL,'2018-04-17 21:50:34',0,0,4,10,4,10),(1365,5,NULL,NULL,'subvención',NULL,'edit',49,NULL,NULL,49,NULL,NULL,NULL,'2018-04-17 21:50:34',0,0,4,10,5,10),(1366,5,NULL,NULL,'subvención',NULL,'edit',49,NULL,NULL,49,NULL,NULL,NULL,'2018-04-17 21:50:34',0,0,4,10,6,10),(1367,5,NULL,NULL,'subvención',NULL,'edit',49,NULL,NULL,49,NULL,NULL,NULL,'2018-04-17 21:50:34',0,0,4,10,7,10),(1368,5,NULL,NULL,'subvención',NULL,'crear',85,NULL,NULL,85,NULL,NULL,NULL,'2018-04-19 11:04:01',0,0,4,10,1,10),(1369,5,NULL,NULL,'subvención',NULL,'crear',85,NULL,NULL,85,NULL,NULL,NULL,'2018-04-19 11:04:01',0,0,4,10,2,10),(1370,5,NULL,NULL,'subvención',NULL,'crear',85,NULL,NULL,85,NULL,NULL,NULL,'2018-04-19 11:04:01',0,0,4,10,3,10),(1371,5,NULL,NULL,'subvención',NULL,'crear',85,NULL,NULL,85,NULL,NULL,NULL,'2018-04-19 11:04:01',0,0,4,10,4,10),(1372,5,NULL,NULL,'subvención',NULL,'crear',85,NULL,NULL,85,NULL,NULL,NULL,'2018-04-19 11:04:01',0,0,4,10,5,10),(1373,5,NULL,NULL,'subvención',NULL,'crear',85,NULL,NULL,85,NULL,NULL,NULL,'2018-04-19 11:04:01',0,0,4,10,6,10),(1374,5,NULL,NULL,'subvención',NULL,'crear',85,NULL,NULL,85,NULL,NULL,NULL,'2018-04-19 11:04:01',0,0,4,10,7,10),(1375,5,NULL,NULL,'subvención',NULL,'edit',85,NULL,NULL,85,NULL,NULL,NULL,'2018-04-20 05:53:38',0,0,4,10,1,10),(1376,5,NULL,NULL,'subvención',NULL,'edit',85,NULL,NULL,85,NULL,NULL,NULL,'2018-04-20 05:53:38',0,0,4,10,2,10),(1377,5,NULL,NULL,'subvención',NULL,'edit',85,NULL,NULL,85,NULL,NULL,NULL,'2018-04-20 05:53:38',0,0,4,10,3,10),(1378,5,NULL,NULL,'subvención',NULL,'edit',85,NULL,NULL,85,NULL,NULL,NULL,'2018-04-20 05:53:38',0,0,4,10,4,10),(1379,5,NULL,NULL,'subvención',NULL,'edit',85,NULL,NULL,85,NULL,NULL,NULL,'2018-04-20 05:53:38',0,0,4,10,5,10),(1380,5,NULL,NULL,'subvención',NULL,'edit',85,NULL,NULL,85,NULL,NULL,NULL,'2018-04-20 05:53:38',0,0,4,10,6,10),(1381,5,NULL,NULL,'subvención',NULL,'edit',85,NULL,NULL,85,NULL,NULL,NULL,'2018-04-20 05:53:38',0,0,4,10,7,10),(1382,5,NULL,NULL,'subvención',NULL,'edit',68,NULL,NULL,68,NULL,NULL,NULL,'2018-04-20 05:55:40',0,0,4,10,1,10),(1383,5,NULL,NULL,'subvención',NULL,'edit',68,NULL,NULL,68,NULL,NULL,NULL,'2018-04-20 05:55:40',0,0,4,10,2,10),(1384,5,NULL,NULL,'subvención',NULL,'edit',68,NULL,NULL,68,NULL,NULL,NULL,'2018-04-20 05:55:40',0,0,4,10,3,10),(1385,5,NULL,NULL,'subvención',NULL,'edit',68,NULL,NULL,68,NULL,NULL,NULL,'2018-04-20 05:55:40',0,0,4,10,4,10),(1386,5,NULL,NULL,'subvención',NULL,'edit',68,NULL,NULL,68,NULL,NULL,NULL,'2018-04-20 05:55:40',0,0,4,10,5,10),(1387,5,NULL,NULL,'subvención',NULL,'edit',68,NULL,NULL,68,NULL,NULL,NULL,'2018-04-20 05:55:40',0,0,4,10,6,10),(1388,5,NULL,NULL,'subvención',NULL,'edit',68,NULL,NULL,68,NULL,NULL,NULL,'2018-04-20 05:55:40',0,0,4,10,7,10),(1389,5,NULL,NULL,'subvención',NULL,'edit',65,NULL,NULL,65,NULL,NULL,NULL,'2018-04-20 05:56:17',0,0,4,10,1,10),(1390,5,NULL,NULL,'subvención',NULL,'edit',65,NULL,NULL,65,NULL,NULL,NULL,'2018-04-20 05:56:17',0,0,4,10,2,10),(1391,5,NULL,NULL,'subvención',NULL,'edit',65,NULL,NULL,65,NULL,NULL,NULL,'2018-04-20 05:56:17',0,0,4,10,3,10),(1392,5,NULL,NULL,'subvención',NULL,'edit',65,NULL,NULL,65,NULL,NULL,NULL,'2018-04-20 05:56:17',0,0,4,10,4,10),(1393,5,NULL,NULL,'subvención',NULL,'edit',65,NULL,NULL,65,NULL,NULL,NULL,'2018-04-20 05:56:17',0,0,4,10,5,10),(1394,5,NULL,NULL,'subvención',NULL,'edit',65,NULL,NULL,65,NULL,NULL,NULL,'2018-04-20 05:56:17',0,0,4,10,6,10),(1395,5,NULL,NULL,'subvención',NULL,'edit',65,NULL,NULL,65,NULL,NULL,NULL,'2018-04-20 05:56:17',0,0,4,10,7,10),(1396,2,NULL,NULL,'colectivo, \"Otros\"',NULL,'crear',NULL,NULL,NULL,NULL,NULL,NULL,NULL,'2018-04-20 08:03:08',0,0,4,NULL,1,NULL),(1397,2,NULL,NULL,'colectivo, \"Otros\"',NULL,'crear',NULL,NULL,NULL,NULL,NULL,NULL,NULL,'2018-04-20 08:03:08',0,0,4,NULL,2,NULL),(1398,2,NULL,NULL,'colectivo, \"Otros\"',NULL,'crear',NULL,NULL,NULL,NULL,NULL,NULL,NULL,'2018-04-20 08:03:08',0,0,4,NULL,3,NULL),(1399,2,NULL,NULL,'colectivo, \"Otros\"',NULL,'crear',NULL,NULL,NULL,NULL,NULL,NULL,NULL,'2018-04-20 08:03:08',0,0,4,NULL,4,NULL),(1400,2,NULL,NULL,'colectivo, \"Otros\"',NULL,'crear',NULL,NULL,NULL,NULL,NULL,NULL,NULL,'2018-04-20 08:03:08',0,0,4,NULL,5,NULL),(1401,2,NULL,NULL,'colectivo, \"Otros\"',NULL,'crear',NULL,NULL,NULL,NULL,NULL,NULL,NULL,'2018-04-20 08:03:08',0,0,4,NULL,6,NULL),(1402,2,NULL,NULL,'colectivo, \"Otros\"',NULL,'crear',NULL,NULL,NULL,NULL,NULL,NULL,NULL,'2018-04-20 08:03:08',0,0,4,NULL,7,NULL),(1403,2,NULL,NULL,'responsable, \"Agnieszka\"',NULL,'crear',NULL,NULL,NULL,NULL,NULL,NULL,NULL,'2018-04-20 09:08:50',0,0,4,NULL,1,NULL),(1404,2,NULL,NULL,'responsable, \"Agnieszka\"',NULL,'crear',NULL,NULL,NULL,NULL,NULL,NULL,NULL,'2018-04-20 09:08:50',0,0,4,NULL,2,NULL),(1405,2,NULL,NULL,'responsable, \"Agnieszka\"',NULL,'crear',NULL,NULL,NULL,NULL,NULL,NULL,NULL,'2018-04-20 09:08:50',0,0,4,NULL,3,NULL),(1406,2,NULL,NULL,'responsable, \"Agnieszka\"',NULL,'crear',NULL,NULL,NULL,NULL,NULL,NULL,NULL,'2018-04-20 09:08:50',0,0,4,NULL,4,NULL),(1407,2,NULL,NULL,'responsable, \"Agnieszka\"',NULL,'crear',NULL,NULL,NULL,NULL,NULL,NULL,NULL,'2018-04-20 09:08:50',0,0,4,NULL,5,NULL),(1408,2,NULL,NULL,'responsable, \"Agnieszka\"',NULL,'crear',NULL,NULL,NULL,NULL,NULL,NULL,NULL,'2018-04-20 09:08:50',0,0,4,NULL,6,NULL),(1409,2,NULL,NULL,'responsable, \"Agnieszka\"',NULL,'crear',NULL,NULL,NULL,NULL,NULL,NULL,NULL,'2018-04-20 09:08:50',0,0,4,NULL,7,NULL),(1410,2,NULL,NULL,'responsable, \"Fernando\"',NULL,'crear',NULL,NULL,NULL,NULL,NULL,NULL,NULL,'2018-04-20 09:08:55',0,0,4,NULL,1,NULL),(1411,2,NULL,NULL,'responsable, \"Fernando\"',NULL,'crear',NULL,NULL,NULL,NULL,NULL,NULL,NULL,'2018-04-20 09:08:55',0,0,4,NULL,2,NULL),(1412,2,NULL,NULL,'responsable, \"Fernando\"',NULL,'crear',NULL,NULL,NULL,NULL,NULL,NULL,NULL,'2018-04-20 09:08:55',0,0,4,NULL,3,NULL),(1413,2,NULL,NULL,'responsable, \"Fernando\"',NULL,'crear',NULL,NULL,NULL,NULL,NULL,NULL,NULL,'2018-04-20 09:08:55',0,0,4,NULL,4,NULL),(1414,2,NULL,NULL,'responsable, \"Fernando\"',NULL,'crear',NULL,NULL,NULL,NULL,NULL,NULL,NULL,'2018-04-20 09:08:55',0,0,4,NULL,5,NULL),(1415,2,NULL,NULL,'responsable, \"Fernando\"',NULL,'crear',NULL,NULL,NULL,NULL,NULL,NULL,NULL,'2018-04-20 09:08:55',0,0,4,NULL,6,NULL),(1416,2,NULL,NULL,'responsable, \"Fernando\"',NULL,'crear',NULL,NULL,NULL,NULL,NULL,NULL,NULL,'2018-04-20 09:08:55',0,0,4,NULL,7,NULL),(1417,2,NULL,NULL,'responsable, \"Jose Mi\"',NULL,'crear',NULL,NULL,NULL,NULL,NULL,NULL,NULL,'2018-04-20 09:09:04',0,0,4,NULL,1,NULL),(1418,2,NULL,NULL,'responsable, \"Jose Mi\"',NULL,'crear',NULL,NULL,NULL,NULL,NULL,NULL,NULL,'2018-04-20 09:09:04',0,0,4,NULL,2,NULL),(1419,2,NULL,NULL,'responsable, \"Jose Mi\"',NULL,'crear',NULL,NULL,NULL,NULL,NULL,NULL,NULL,'2018-04-20 09:09:04',0,0,4,NULL,3,NULL),(1420,2,NULL,NULL,'responsable, \"Jose Mi\"',NULL,'crear',NULL,NULL,NULL,NULL,NULL,NULL,NULL,'2018-04-20 09:09:04',0,0,4,NULL,4,NULL),(1421,2,NULL,NULL,'responsable, \"Jose Mi\"',NULL,'crear',NULL,NULL,NULL,NULL,NULL,NULL,NULL,'2018-04-20 09:09:04',0,0,4,NULL,5,NULL),(1422,2,NULL,NULL,'responsable, \"Jose Mi\"',NULL,'crear',NULL,NULL,NULL,NULL,NULL,NULL,NULL,'2018-04-20 09:09:04',0,0,4,NULL,6,NULL),(1423,2,NULL,NULL,'responsable, \"Jose Mi\"',NULL,'crear',NULL,NULL,NULL,NULL,NULL,NULL,NULL,'2018-04-20 09:09:04',0,0,4,NULL,7,NULL),(1424,2,NULL,NULL,'responsable, \"Thierry\"',NULL,'crear',NULL,NULL,NULL,NULL,NULL,NULL,NULL,'2018-04-20 09:09:26',0,0,4,NULL,1,NULL),(1425,2,NULL,NULL,'responsable, \"Thierry\"',NULL,'crear',NULL,NULL,NULL,NULL,NULL,NULL,NULL,'2018-04-20 09:09:26',0,0,4,NULL,2,NULL),(1426,2,NULL,NULL,'responsable, \"Thierry\"',NULL,'crear',NULL,NULL,NULL,NULL,NULL,NULL,NULL,'2018-04-20 09:09:26',0,0,4,NULL,3,NULL),(1427,2,NULL,NULL,'responsable, \"Thierry\"',NULL,'crear',NULL,NULL,NULL,NULL,NULL,NULL,NULL,'2018-04-20 09:09:26',0,0,4,NULL,4,NULL),(1428,2,NULL,NULL,'responsable, \"Thierry\"',NULL,'crear',NULL,NULL,NULL,NULL,NULL,NULL,NULL,'2018-04-20 09:09:26',0,0,4,NULL,5,NULL),(1429,2,NULL,NULL,'responsable, \"Thierry\"',NULL,'crear',NULL,NULL,NULL,NULL,NULL,NULL,NULL,'2018-04-20 09:09:26',0,0,4,NULL,6,NULL),(1430,2,NULL,NULL,'responsable, \"Thierry\"',NULL,'crear',NULL,NULL,NULL,NULL,NULL,NULL,NULL,'2018-04-20 09:09:26',0,0,4,NULL,7,NULL),(1431,2,NULL,NULL,'responsable, \"Juan Carlos\"',NULL,'crear',NULL,NULL,NULL,NULL,NULL,NULL,NULL,'2018-04-20 09:09:39',0,0,4,NULL,1,NULL),(1432,2,NULL,NULL,'responsable, \"Juan Carlos\"',NULL,'crear',NULL,NULL,NULL,NULL,NULL,NULL,NULL,'2018-04-20 09:09:39',0,0,4,NULL,2,NULL),(1433,2,NULL,NULL,'responsable, \"Juan Carlos\"',NULL,'crear',NULL,NULL,NULL,NULL,NULL,NULL,NULL,'2018-04-20 09:09:39',0,0,4,NULL,3,NULL),(1434,2,NULL,NULL,'responsable, \"Juan Carlos\"',NULL,'crear',NULL,NULL,NULL,NULL,NULL,NULL,NULL,'2018-04-20 09:09:39',0,0,4,NULL,4,NULL),(1435,2,NULL,NULL,'responsable, \"Juan Carlos\"',NULL,'crear',NULL,NULL,NULL,NULL,NULL,NULL,NULL,'2018-04-20 09:09:39',0,0,4,NULL,5,NULL),(1436,2,NULL,NULL,'responsable, \"Juan Carlos\"',NULL,'crear',NULL,NULL,NULL,NULL,NULL,NULL,NULL,'2018-04-20 09:09:39',0,0,4,NULL,6,NULL),(1437,2,NULL,NULL,'responsable, \"Juan Carlos\"',NULL,'crear',NULL,NULL,NULL,NULL,NULL,NULL,NULL,'2018-04-20 09:09:39',0,0,4,NULL,7,NULL),(1438,5,NULL,NULL,'subvención',NULL,'crear',86,NULL,NULL,86,NULL,NULL,NULL,'2018-04-20 12:14:31',0,0,4,10,1,10),(1439,5,NULL,NULL,'subvención',NULL,'crear',86,NULL,NULL,86,NULL,NULL,NULL,'2018-04-20 12:14:31',0,0,4,10,2,10),(1440,5,NULL,NULL,'subvención',NULL,'crear',86,NULL,NULL,86,NULL,NULL,NULL,'2018-04-20 12:14:31',0,0,4,10,3,10),(1441,5,NULL,NULL,'subvención',NULL,'crear',86,NULL,NULL,86,NULL,NULL,NULL,'2018-04-20 12:14:31',0,0,4,10,4,10),(1442,5,NULL,NULL,'subvención',NULL,'crear',86,NULL,NULL,86,NULL,NULL,NULL,'2018-04-20 12:14:31',0,0,4,10,5,10),(1443,5,NULL,NULL,'subvención',NULL,'crear',86,NULL,NULL,86,NULL,NULL,NULL,'2018-04-20 12:14:31',0,0,4,10,6,10),(1444,5,NULL,NULL,'subvención',NULL,'crear',86,NULL,NULL,86,NULL,NULL,NULL,'2018-04-20 12:14:31',0,0,4,10,7,10),(1445,5,NULL,NULL,'subvención',NULL,'edit',82,NULL,NULL,82,NULL,NULL,NULL,'2018-04-20 12:17:11',0,0,4,10,1,10),(1446,5,NULL,NULL,'subvención',NULL,'edit',82,NULL,NULL,82,NULL,NULL,NULL,'2018-04-20 12:17:11',0,0,4,10,2,10),(1447,5,NULL,NULL,'subvención',NULL,'edit',82,NULL,NULL,82,NULL,NULL,NULL,'2018-04-20 12:17:11',0,0,4,10,3,10),(1448,5,NULL,NULL,'subvención',NULL,'edit',82,NULL,NULL,82,NULL,NULL,NULL,'2018-04-20 12:17:11',0,0,4,10,4,10),(1449,5,NULL,NULL,'subvención',NULL,'edit',82,NULL,NULL,82,NULL,NULL,NULL,'2018-04-20 12:17:11',0,0,4,10,5,10),(1450,5,NULL,NULL,'subvención',NULL,'edit',82,NULL,NULL,82,NULL,NULL,NULL,'2018-04-20 12:17:11',0,0,4,10,6,10),(1451,5,NULL,NULL,'subvención',NULL,'edit',82,NULL,NULL,82,NULL,NULL,NULL,'2018-04-20 12:17:11',0,0,4,10,7,10),(1452,5,NULL,NULL,'departamento (Diputación), \"Fomento y desarrollo\"',NULL,'crear',NULL,NULL,NULL,NULL,NULL,NULL,NULL,'2018-04-20 16:11:33',0,0,4,NULL,1,NULL),(1453,5,NULL,NULL,'departamento (Diputación), \"Fomento y desarrollo\"',NULL,'crear',NULL,NULL,NULL,NULL,NULL,NULL,NULL,'2018-04-20 16:11:33',0,0,4,NULL,2,NULL),(1454,5,NULL,NULL,'departamento (Diputación), \"Fomento y desarrollo\"',NULL,'crear',NULL,NULL,NULL,NULL,NULL,NULL,NULL,'2018-04-20 16:11:33',0,0,4,NULL,3,NULL),(1455,5,NULL,NULL,'departamento (Diputación), \"Fomento y desarrollo\"',NULL,'crear',NULL,NULL,NULL,NULL,NULL,NULL,NULL,'2018-04-20 16:11:33',0,0,4,NULL,4,NULL),(1456,5,NULL,NULL,'departamento (Diputación), \"Fomento y desarrollo\"',NULL,'crear',NULL,NULL,NULL,NULL,NULL,NULL,NULL,'2018-04-20 16:11:33',0,0,4,NULL,5,NULL),(1457,5,NULL,NULL,'departamento (Diputación), \"Fomento y desarrollo\"',NULL,'crear',NULL,NULL,NULL,NULL,NULL,NULL,NULL,'2018-04-20 16:11:33',0,0,4,NULL,6,NULL),(1458,5,NULL,NULL,'departamento (Diputación), \"Fomento y desarrollo\"',NULL,'crear',NULL,NULL,NULL,NULL,NULL,NULL,NULL,'2018-04-20 16:11:33',0,0,4,NULL,7,NULL),(1459,5,NULL,NULL,'subvención',NULL,'crear',87,NULL,NULL,87,NULL,NULL,NULL,'2018-04-20 16:15:21',0,0,4,10,1,10),(1460,5,NULL,NULL,'subvención',NULL,'crear',87,NULL,NULL,87,NULL,NULL,NULL,'2018-04-20 16:15:21',0,0,4,10,2,10),(1461,5,NULL,NULL,'subvención',NULL,'crear',87,NULL,NULL,87,NULL,NULL,NULL,'2018-04-20 16:15:21',0,0,4,10,3,10),(1462,5,NULL,NULL,'subvención',NULL,'crear',87,NULL,NULL,87,NULL,NULL,NULL,'2018-04-20 16:15:21',0,0,4,10,4,10),(1463,5,NULL,NULL,'subvención',NULL,'crear',87,NULL,NULL,87,NULL,NULL,NULL,'2018-04-20 16:15:21',0,0,4,10,5,10),(1464,5,NULL,NULL,'subvención',NULL,'crear',87,NULL,NULL,87,NULL,NULL,NULL,'2018-04-20 16:15:21',0,0,4,10,6,10),(1465,5,NULL,NULL,'subvención',NULL,'crear',87,NULL,NULL,87,NULL,NULL,NULL,'2018-04-20 16:15:21',0,0,4,10,7,10),(1466,5,NULL,NULL,'subvención',NULL,'edit',49,NULL,NULL,49,NULL,NULL,NULL,'2018-04-20 16:19:28',0,0,4,10,1,10),(1467,5,NULL,NULL,'subvención',NULL,'edit',49,NULL,NULL,49,NULL,NULL,NULL,'2018-04-20 16:19:28',0,0,4,10,2,10),(1468,5,NULL,NULL,'subvención',NULL,'edit',49,NULL,NULL,49,NULL,NULL,NULL,'2018-04-20 16:19:28',0,0,4,10,3,10),(1469,5,NULL,NULL,'subvención',NULL,'edit',49,NULL,NULL,49,NULL,NULL,NULL,'2018-04-20 16:19:28',0,0,4,10,4,10),(1470,5,NULL,NULL,'subvención',NULL,'edit',49,NULL,NULL,49,NULL,NULL,NULL,'2018-04-20 16:19:28',0,0,4,10,5,10),(1471,5,NULL,NULL,'subvención',NULL,'edit',49,NULL,NULL,49,NULL,NULL,NULL,'2018-04-20 16:19:28',0,0,4,10,6,10),(1472,5,NULL,NULL,'subvención',NULL,'edit',49,NULL,NULL,49,NULL,NULL,NULL,'2018-04-20 16:19:28',0,0,4,10,7,10),(1473,5,NULL,NULL,'subvención',NULL,'edit',62,NULL,NULL,62,NULL,NULL,NULL,'2018-04-20 16:23:28',0,0,4,10,1,10),(1474,5,NULL,NULL,'subvención',NULL,'edit',62,NULL,NULL,62,NULL,NULL,NULL,'2018-04-20 16:23:28',0,0,4,10,2,10),(1475,5,NULL,NULL,'subvención',NULL,'edit',62,NULL,NULL,62,NULL,NULL,NULL,'2018-04-20 16:23:28',0,0,4,10,3,10),(1476,5,NULL,NULL,'subvención',NULL,'edit',62,NULL,NULL,62,NULL,NULL,NULL,'2018-04-20 16:23:28',0,0,4,10,4,10),(1477,5,NULL,NULL,'subvención',NULL,'edit',62,NULL,NULL,62,NULL,NULL,NULL,'2018-04-20 16:23:28',0,0,4,10,5,10),(1478,5,NULL,NULL,'subvención',NULL,'edit',62,NULL,NULL,62,NULL,NULL,NULL,'2018-04-20 16:23:28',0,0,4,10,6,10),(1479,5,NULL,NULL,'subvención',NULL,'edit',62,NULL,NULL,62,NULL,NULL,NULL,'2018-04-20 16:23:28',0,0,4,10,7,10),(1480,5,NULL,NULL,'subvención',NULL,'edit',69,NULL,NULL,69,NULL,NULL,NULL,'2018-04-20 16:34:21',0,0,4,10,1,10),(1481,5,NULL,NULL,'subvención',NULL,'edit',69,NULL,NULL,69,NULL,NULL,NULL,'2018-04-20 16:34:21',0,0,4,10,2,10),(1482,5,NULL,NULL,'subvención',NULL,'edit',69,NULL,NULL,69,NULL,NULL,NULL,'2018-04-20 16:34:21',0,0,4,10,3,10),(1483,5,NULL,NULL,'subvención',NULL,'edit',69,NULL,NULL,69,NULL,NULL,NULL,'2018-04-20 16:34:21',0,0,4,10,4,10),(1484,5,NULL,NULL,'subvención',NULL,'edit',69,NULL,NULL,69,NULL,NULL,NULL,'2018-04-20 16:34:21',0,0,4,10,5,10),(1485,5,NULL,NULL,'subvención',NULL,'edit',69,NULL,NULL,69,NULL,NULL,NULL,'2018-04-20 16:34:21',0,0,4,10,6,10),(1486,5,NULL,NULL,'subvención',NULL,'edit',69,NULL,NULL,69,NULL,NULL,NULL,'2018-04-20 16:34:21',0,0,4,10,7,10),(1487,5,NULL,NULL,'subvención',NULL,'edit',64,NULL,NULL,64,NULL,NULL,NULL,'2018-04-20 21:02:28',0,0,4,10,1,10),(1488,5,NULL,NULL,'subvención',NULL,'edit',64,NULL,NULL,64,NULL,NULL,NULL,'2018-04-20 21:02:28',0,0,4,10,2,10),(1489,5,NULL,NULL,'subvención',NULL,'edit',64,NULL,NULL,64,NULL,NULL,NULL,'2018-04-20 21:02:28',0,0,4,10,3,10),(1490,5,NULL,NULL,'subvención',NULL,'edit',64,NULL,NULL,64,NULL,NULL,NULL,'2018-04-20 21:02:28',0,0,4,10,4,10),(1491,5,NULL,NULL,'subvención',NULL,'edit',64,NULL,NULL,64,NULL,NULL,NULL,'2018-04-20 21:02:28',0,0,4,10,5,10),(1492,5,NULL,NULL,'subvención',NULL,'edit',64,NULL,NULL,64,NULL,NULL,NULL,'2018-04-20 21:02:28',0,0,4,10,6,10),(1493,5,NULL,NULL,'subvención',NULL,'edit',64,NULL,NULL,64,NULL,NULL,NULL,'2018-04-20 21:02:28',0,0,4,10,7,10),(1494,5,NULL,NULL,'subvención',NULL,'edit',64,NULL,NULL,64,NULL,NULL,NULL,'2018-04-23 05:29:14',0,0,4,10,1,10),(1495,5,NULL,NULL,'subvención',NULL,'edit',64,NULL,NULL,64,NULL,NULL,NULL,'2018-04-23 05:29:14',0,0,4,10,2,10),(1496,5,NULL,NULL,'subvención',NULL,'edit',64,NULL,NULL,64,NULL,NULL,NULL,'2018-04-23 05:29:14',0,0,4,10,3,10),(1497,5,NULL,NULL,'subvención',NULL,'edit',64,NULL,NULL,64,NULL,NULL,NULL,'2018-04-23 05:29:14',0,0,4,10,4,10),(1498,5,NULL,NULL,'subvención',NULL,'edit',64,NULL,NULL,64,NULL,NULL,NULL,'2018-04-23 05:29:14',0,0,4,10,5,10),(1499,5,NULL,NULL,'subvención',NULL,'edit',64,NULL,NULL,64,NULL,NULL,NULL,'2018-04-23 05:29:14',0,0,4,10,6,10),(1500,5,NULL,NULL,'subvención',NULL,'edit',64,NULL,NULL,64,NULL,NULL,NULL,'2018-04-23 05:29:14',0,0,4,10,7,10),(1501,5,NULL,NULL,'subvención',NULL,'edit',65,NULL,NULL,65,NULL,NULL,NULL,'2018-04-23 07:31:02',0,0,4,10,1,10),(1502,5,NULL,NULL,'subvención',NULL,'edit',65,NULL,NULL,65,NULL,NULL,NULL,'2018-04-23 07:31:02',0,0,4,10,2,10),(1503,5,NULL,NULL,'subvención',NULL,'edit',65,NULL,NULL,65,NULL,NULL,NULL,'2018-04-23 07:31:02',0,0,4,10,3,10),(1504,5,NULL,NULL,'subvención',NULL,'edit',65,NULL,NULL,65,NULL,NULL,NULL,'2018-04-23 07:31:02',0,0,4,10,4,10),(1505,5,NULL,NULL,'subvención',NULL,'edit',65,NULL,NULL,65,NULL,NULL,NULL,'2018-04-23 07:31:02',0,0,4,10,5,10),(1506,5,NULL,NULL,'subvención',NULL,'edit',65,NULL,NULL,65,NULL,NULL,NULL,'2018-04-23 07:31:02',0,0,4,10,6,10),(1507,5,NULL,NULL,'subvención',NULL,'edit',65,NULL,NULL,65,NULL,NULL,NULL,'2018-04-23 07:31:02',0,0,4,10,7,10),(1508,5,NULL,NULL,'subvención',NULL,'edit',87,NULL,NULL,87,NULL,NULL,NULL,'2018-04-23 16:14:37',0,0,4,10,1,10),(1509,5,NULL,NULL,'subvención',NULL,'edit',87,NULL,NULL,87,NULL,NULL,NULL,'2018-04-23 16:14:37',0,0,4,10,2,10),(1510,5,NULL,NULL,'subvención',NULL,'edit',87,NULL,NULL,87,NULL,NULL,NULL,'2018-04-23 16:14:37',0,0,4,10,3,10),(1511,5,NULL,NULL,'subvención',NULL,'edit',87,NULL,NULL,87,NULL,NULL,NULL,'2018-04-23 16:14:37',0,0,4,10,4,10),(1512,5,NULL,NULL,'subvención',NULL,'edit',87,NULL,NULL,87,NULL,NULL,NULL,'2018-04-23 16:14:37',0,0,4,10,5,10),(1513,5,NULL,NULL,'subvención',NULL,'edit',87,NULL,NULL,87,NULL,NULL,NULL,'2018-04-23 16:14:37',0,0,4,10,6,10),(1514,5,NULL,NULL,'subvención',NULL,'edit',87,NULL,NULL,87,NULL,NULL,NULL,'2018-04-23 16:14:37',0,0,4,10,7,10),(1515,5,NULL,NULL,'subvención',NULL,'crear',88,NULL,NULL,88,NULL,NULL,NULL,'2018-04-23 16:17:37',0,0,4,10,1,10),(1516,5,NULL,NULL,'subvención',NULL,'crear',88,NULL,NULL,88,NULL,NULL,NULL,'2018-04-23 16:17:37',0,0,4,10,2,10),(1517,5,NULL,NULL,'subvención',NULL,'crear',88,NULL,NULL,88,NULL,NULL,NULL,'2018-04-23 16:17:37',0,0,4,10,3,10),(1518,5,NULL,NULL,'subvención',NULL,'crear',88,NULL,NULL,88,NULL,NULL,NULL,'2018-04-23 16:17:37',0,0,4,10,4,10),(1519,5,NULL,NULL,'subvención',NULL,'crear',88,NULL,NULL,88,NULL,NULL,NULL,'2018-04-23 16:17:37',0,0,4,10,5,10),(1520,5,NULL,NULL,'subvención',NULL,'crear',88,NULL,NULL,88,NULL,NULL,NULL,'2018-04-23 16:17:37',0,0,4,10,6,10),(1521,5,NULL,NULL,'subvención',NULL,'crear',88,NULL,NULL,88,NULL,NULL,NULL,'2018-04-23 16:17:37',0,0,4,10,7,10),(1522,5,NULL,NULL,'subvención',NULL,'crear',89,NULL,NULL,89,NULL,NULL,NULL,'2018-04-23 16:36:09',0,0,4,10,1,10),(1523,5,NULL,NULL,'subvención',NULL,'crear',89,NULL,NULL,89,NULL,NULL,NULL,'2018-04-23 16:36:09',0,0,4,10,2,10),(1524,5,NULL,NULL,'subvención',NULL,'crear',89,NULL,NULL,89,NULL,NULL,NULL,'2018-04-23 16:36:09',0,0,4,10,3,10),(1525,5,NULL,NULL,'subvención',NULL,'crear',89,NULL,NULL,89,NULL,NULL,NULL,'2018-04-23 16:36:09',0,0,4,10,4,10),(1526,5,NULL,NULL,'subvención',NULL,'crear',89,NULL,NULL,89,NULL,NULL,NULL,'2018-04-23 16:36:09',0,0,4,10,5,10),(1527,5,NULL,NULL,'subvención',NULL,'crear',89,NULL,NULL,89,NULL,NULL,NULL,'2018-04-23 16:36:09',0,0,4,10,6,10),(1528,5,NULL,NULL,'subvención',NULL,'crear',89,NULL,NULL,89,NULL,NULL,NULL,'2018-04-23 16:36:09',0,0,4,10,7,10),(1529,5,NULL,NULL,'subvención',NULL,'crear',90,NULL,NULL,90,NULL,NULL,NULL,'2018-04-23 16:49:43',0,0,4,10,1,10),(1530,5,NULL,NULL,'subvención',NULL,'crear',90,NULL,NULL,90,NULL,NULL,NULL,'2018-04-23 16:49:43',0,0,4,10,2,10),(1531,5,NULL,NULL,'subvención',NULL,'crear',90,NULL,NULL,90,NULL,NULL,NULL,'2018-04-23 16:49:43',0,0,4,10,3,10),(1532,5,NULL,NULL,'subvención',NULL,'crear',90,NULL,NULL,90,NULL,NULL,NULL,'2018-04-23 16:49:43',0,0,4,10,4,10),(1533,5,NULL,NULL,'subvención',NULL,'crear',90,NULL,NULL,90,NULL,NULL,NULL,'2018-04-23 16:49:43',0,0,4,10,5,10),(1534,5,NULL,NULL,'subvención',NULL,'crear',90,NULL,NULL,90,NULL,NULL,NULL,'2018-04-23 16:49:43',0,0,4,10,6,10),(1535,5,NULL,NULL,'subvención',NULL,'crear',90,NULL,NULL,90,NULL,NULL,NULL,'2018-04-23 16:49:43',0,0,4,10,7,10),(1536,5,NULL,NULL,'subvención',NULL,'crear',91,NULL,NULL,91,NULL,NULL,NULL,'2018-04-23 16:59:51',0,0,4,10,1,10),(1537,5,NULL,NULL,'subvención',NULL,'crear',91,NULL,NULL,91,NULL,NULL,NULL,'2018-04-23 16:59:51',0,0,4,10,2,10),(1538,5,NULL,NULL,'subvención',NULL,'crear',91,NULL,NULL,91,NULL,NULL,NULL,'2018-04-23 16:59:51',0,0,4,10,3,10),(1539,5,NULL,NULL,'subvención',NULL,'crear',91,NULL,NULL,91,NULL,NULL,NULL,'2018-04-23 16:59:51',0,0,4,10,4,10),(1540,5,NULL,NULL,'subvención',NULL,'crear',91,NULL,NULL,91,NULL,NULL,NULL,'2018-04-23 16:59:51',0,0,4,10,5,10),(1541,5,NULL,NULL,'subvención',NULL,'crear',91,NULL,NULL,91,NULL,NULL,NULL,'2018-04-23 16:59:51',0,0,4,10,6,10),(1542,5,NULL,NULL,'subvención',NULL,'crear',91,NULL,NULL,91,NULL,NULL,NULL,'2018-04-23 16:59:51',0,0,4,10,7,10),(1543,5,NULL,NULL,'subvención',NULL,'edit',29,NULL,NULL,29,NULL,NULL,NULL,'2018-04-24 08:25:56',0,0,4,10,1,10),(1544,5,NULL,NULL,'subvención',NULL,'edit',29,NULL,NULL,29,NULL,NULL,NULL,'2018-04-24 08:25:56',0,0,4,10,2,10),(1545,5,NULL,NULL,'subvención',NULL,'edit',29,NULL,NULL,29,NULL,NULL,NULL,'2018-04-24 08:25:56',0,0,4,10,3,10),(1546,5,NULL,NULL,'subvención',NULL,'edit',29,NULL,NULL,29,NULL,NULL,NULL,'2018-04-24 08:25:56',0,0,4,10,4,10),(1547,5,NULL,NULL,'subvención',NULL,'edit',29,NULL,NULL,29,NULL,NULL,NULL,'2018-04-24 08:25:56',0,0,4,10,5,10),(1548,5,NULL,NULL,'subvención',NULL,'edit',29,NULL,NULL,29,NULL,NULL,NULL,'2018-04-24 08:25:56',0,0,4,10,6,10),(1549,5,NULL,NULL,'subvención',NULL,'edit',29,NULL,NULL,29,NULL,NULL,NULL,'2018-04-24 08:25:56',0,0,4,10,7,10),(1550,5,NULL,NULL,'subvención',NULL,'edit',64,NULL,NULL,64,NULL,NULL,NULL,'2018-04-24 08:27:47',0,0,4,10,1,10),(1551,5,NULL,NULL,'subvención',NULL,'edit',64,NULL,NULL,64,NULL,NULL,NULL,'2018-04-24 08:27:47',0,0,4,10,2,10),(1552,5,NULL,NULL,'subvención',NULL,'edit',64,NULL,NULL,64,NULL,NULL,NULL,'2018-04-24 08:27:47',0,0,4,10,3,10),(1553,5,NULL,NULL,'subvención',NULL,'edit',64,NULL,NULL,64,NULL,NULL,NULL,'2018-04-24 08:27:47',0,0,4,10,4,10),(1554,5,NULL,NULL,'subvención',NULL,'edit',64,NULL,NULL,64,NULL,NULL,NULL,'2018-04-24 08:27:47',0,0,4,10,5,10),(1555,5,NULL,NULL,'subvención',NULL,'edit',64,NULL,NULL,64,NULL,NULL,NULL,'2018-04-24 08:27:47',0,0,4,10,6,10),(1556,5,NULL,NULL,'subvención',NULL,'edit',64,NULL,NULL,64,NULL,NULL,NULL,'2018-04-24 08:27:47',0,0,4,10,7,10),(1557,5,NULL,NULL,'subvención',NULL,'crear',92,NULL,NULL,92,NULL,NULL,NULL,'2018-04-24 10:40:15',0,0,4,10,1,10),(1558,5,NULL,NULL,'subvención',NULL,'crear',92,NULL,NULL,92,NULL,NULL,NULL,'2018-04-24 10:40:15',0,0,4,10,2,10),(1559,5,NULL,NULL,'subvención',NULL,'crear',92,NULL,NULL,92,NULL,NULL,NULL,'2018-04-24 10:40:15',0,0,4,10,3,10),(1560,5,NULL,NULL,'subvención',NULL,'crear',92,NULL,NULL,92,NULL,NULL,NULL,'2018-04-24 10:40:15',0,0,4,10,4,10),(1561,5,NULL,NULL,'subvención',NULL,'crear',92,NULL,NULL,92,NULL,NULL,NULL,'2018-04-24 10:40:15',0,0,4,10,5,10),(1562,5,NULL,NULL,'subvención',NULL,'crear',92,NULL,NULL,92,NULL,NULL,NULL,'2018-04-24 10:40:15',0,0,4,10,6,10),(1563,5,NULL,NULL,'subvención',NULL,'crear',92,NULL,NULL,92,NULL,NULL,NULL,'2018-04-24 10:40:15',0,0,4,10,7,10),(1564,5,NULL,NULL,'subvención',NULL,'crear',93,NULL,NULL,93,NULL,NULL,NULL,'2018-04-24 12:33:46',0,0,4,10,1,10),(1565,5,NULL,NULL,'subvención',NULL,'crear',93,NULL,NULL,93,NULL,NULL,NULL,'2018-04-24 12:33:46',0,0,4,10,2,10),(1566,5,NULL,NULL,'subvención',NULL,'crear',93,NULL,NULL,93,NULL,NULL,NULL,'2018-04-24 12:33:46',0,0,4,10,3,10),(1567,5,NULL,NULL,'subvención',NULL,'crear',93,NULL,NULL,93,NULL,NULL,NULL,'2018-04-24 12:33:46',0,0,4,10,4,10),(1568,5,NULL,NULL,'subvención',NULL,'crear',93,NULL,NULL,93,NULL,NULL,NULL,'2018-04-24 12:33:46',0,0,4,10,5,10),(1569,5,NULL,NULL,'subvención',NULL,'crear',93,NULL,NULL,93,NULL,NULL,NULL,'2018-04-24 12:33:46',0,0,4,10,6,10),(1570,5,NULL,NULL,'subvención',NULL,'crear',93,NULL,NULL,93,NULL,NULL,NULL,'2018-04-24 12:33:46',0,0,4,10,7,10),(1571,5,NULL,NULL,'subvención',NULL,'crear',94,NULL,NULL,94,NULL,NULL,NULL,'2018-04-25 06:27:31',0,0,4,10,1,10),(1572,5,NULL,NULL,'subvención',NULL,'crear',94,NULL,NULL,94,NULL,NULL,NULL,'2018-04-25 06:27:31',0,0,4,10,2,10),(1573,5,NULL,NULL,'subvención',NULL,'crear',94,NULL,NULL,94,NULL,NULL,NULL,'2018-04-25 06:27:31',0,0,4,10,3,10),(1574,5,NULL,NULL,'subvención',NULL,'crear',94,NULL,NULL,94,NULL,NULL,NULL,'2018-04-25 06:27:31',0,0,4,10,4,10),(1575,5,NULL,NULL,'subvención',NULL,'crear',94,NULL,NULL,94,NULL,NULL,NULL,'2018-04-25 06:27:31',0,0,4,10,5,10),(1576,5,NULL,NULL,'subvención',NULL,'crear',94,NULL,NULL,94,NULL,NULL,NULL,'2018-04-25 06:27:31',0,0,4,10,6,10),(1577,5,NULL,NULL,'subvención',NULL,'crear',94,NULL,NULL,94,NULL,NULL,NULL,'2018-04-25 06:27:31',0,0,4,10,7,10),(1578,5,NULL,NULL,'subvención',NULL,'edit',63,NULL,NULL,63,NULL,NULL,NULL,'2018-04-25 06:46:29',0,0,4,10,1,10),(1579,5,NULL,NULL,'subvención',NULL,'edit',63,NULL,NULL,63,NULL,NULL,NULL,'2018-04-25 06:46:29',0,0,4,10,2,10),(1580,5,NULL,NULL,'subvención',NULL,'edit',63,NULL,NULL,63,NULL,NULL,NULL,'2018-04-25 06:46:29',0,0,4,10,3,10),(1581,5,NULL,NULL,'subvención',NULL,'edit',63,NULL,NULL,63,NULL,NULL,NULL,'2018-04-25 06:46:29',0,0,4,10,4,10),(1582,5,NULL,NULL,'subvención',NULL,'edit',63,NULL,NULL,63,NULL,NULL,NULL,'2018-04-25 06:46:29',0,0,4,10,5,10),(1583,5,NULL,NULL,'subvención',NULL,'edit',63,NULL,NULL,63,NULL,NULL,NULL,'2018-04-25 06:46:29',0,0,4,10,6,10),(1584,5,NULL,NULL,'subvención',NULL,'edit',63,NULL,NULL,63,NULL,NULL,NULL,'2018-04-25 06:46:29',0,0,4,10,7,10),(1585,5,NULL,NULL,'subvención',NULL,'edit',81,NULL,NULL,81,NULL,NULL,NULL,'2018-04-25 11:51:16',0,0,4,10,1,10),(1586,5,NULL,NULL,'subvención',NULL,'edit',81,NULL,NULL,81,NULL,NULL,NULL,'2018-04-25 11:51:16',0,0,4,10,2,10),(1587,5,NULL,NULL,'subvención',NULL,'edit',81,NULL,NULL,81,NULL,NULL,NULL,'2018-04-25 11:51:16',0,0,4,10,3,10),(1588,5,NULL,NULL,'subvención',NULL,'edit',81,NULL,NULL,81,NULL,NULL,NULL,'2018-04-25 11:51:16',0,0,4,10,4,10),(1589,5,NULL,NULL,'subvención',NULL,'edit',81,NULL,NULL,81,NULL,NULL,NULL,'2018-04-25 11:51:16',0,0,4,10,5,10),(1590,5,NULL,NULL,'subvención',NULL,'edit',81,NULL,NULL,81,NULL,NULL,NULL,'2018-04-25 11:51:16',0,0,4,10,6,10),(1591,5,NULL,NULL,'subvención',NULL,'edit',81,NULL,NULL,81,NULL,NULL,NULL,'2018-04-25 11:51:16',0,0,4,10,7,10),(1592,5,NULL,NULL,'subvención',NULL,'edit',9,NULL,NULL,9,NULL,NULL,NULL,'2018-04-25 12:26:39',0,0,4,10,1,10),(1593,5,NULL,NULL,'subvención',NULL,'edit',9,NULL,NULL,9,NULL,NULL,NULL,'2018-04-25 12:26:39',0,0,4,10,2,10),(1594,5,NULL,NULL,'subvención',NULL,'edit',9,NULL,NULL,9,NULL,NULL,NULL,'2018-04-25 12:26:39',0,0,4,10,3,10),(1595,5,NULL,NULL,'subvención',NULL,'edit',9,NULL,NULL,9,NULL,NULL,NULL,'2018-04-25 12:26:39',0,0,4,10,4,10),(1596,5,NULL,NULL,'subvención',NULL,'edit',9,NULL,NULL,9,NULL,NULL,NULL,'2018-04-25 12:26:39',0,0,4,10,5,10),(1597,5,NULL,NULL,'subvención',NULL,'edit',9,NULL,NULL,9,NULL,NULL,NULL,'2018-04-25 12:26:39',0,0,4,10,6,10),(1598,5,NULL,NULL,'subvención',NULL,'edit',9,NULL,NULL,9,NULL,NULL,NULL,'2018-04-25 12:26:39',0,0,4,10,7,10),(1599,5,NULL,NULL,'subvención',NULL,'edit',9,NULL,NULL,9,NULL,NULL,NULL,'2018-04-25 12:27:26',0,0,4,10,1,10),(1600,5,NULL,NULL,'subvención',NULL,'edit',9,NULL,NULL,9,NULL,NULL,NULL,'2018-04-25 12:27:26',0,0,4,10,2,10),(1601,5,NULL,NULL,'subvención',NULL,'edit',9,NULL,NULL,9,NULL,NULL,NULL,'2018-04-25 12:27:26',0,0,4,10,3,10),(1602,5,NULL,NULL,'subvención',NULL,'edit',9,NULL,NULL,9,NULL,NULL,NULL,'2018-04-25 12:27:26',0,0,4,10,4,10),(1603,5,NULL,NULL,'subvención',NULL,'edit',9,NULL,NULL,9,NULL,NULL,NULL,'2018-04-25 12:27:26',0,0,4,10,5,10),(1604,5,NULL,NULL,'subvención',NULL,'edit',9,NULL,NULL,9,NULL,NULL,NULL,'2018-04-25 12:27:26',0,0,4,10,6,10),(1605,5,NULL,NULL,'subvención',NULL,'edit',9,NULL,NULL,9,NULL,NULL,NULL,'2018-04-25 12:27:26',0,0,4,10,7,10),(1606,5,NULL,NULL,'subvención',NULL,'edit',64,NULL,NULL,64,NULL,NULL,NULL,'2018-04-25 18:53:25',0,0,4,10,1,10),(1607,5,NULL,NULL,'subvención',NULL,'edit',64,NULL,NULL,64,NULL,NULL,NULL,'2018-04-25 18:53:25',0,0,4,10,2,10),(1608,5,NULL,NULL,'subvención',NULL,'edit',64,NULL,NULL,64,NULL,NULL,NULL,'2018-04-25 18:53:25',0,0,4,10,3,10),(1609,5,NULL,NULL,'subvención',NULL,'edit',64,NULL,NULL,64,NULL,NULL,NULL,'2018-04-25 18:53:25',0,0,4,10,4,10),(1610,5,NULL,NULL,'subvención',NULL,'edit',64,NULL,NULL,64,NULL,NULL,NULL,'2018-04-25 18:53:25',0,0,4,10,5,10),(1611,5,NULL,NULL,'subvención',NULL,'edit',64,NULL,NULL,64,NULL,NULL,NULL,'2018-04-25 18:53:25',0,0,4,10,6,10),(1612,5,NULL,NULL,'subvención',NULL,'edit',64,NULL,NULL,64,NULL,NULL,NULL,'2018-04-25 18:53:25',0,0,4,10,7,10),(1613,5,NULL,NULL,'subvención',NULL,'crear',95,NULL,NULL,95,NULL,NULL,NULL,'2018-04-25 20:11:09',0,0,4,10,1,10),(1614,5,NULL,NULL,'subvención',NULL,'crear',95,NULL,NULL,95,NULL,NULL,NULL,'2018-04-25 20:11:09',0,0,4,10,2,10),(1615,5,NULL,NULL,'subvención',NULL,'crear',95,NULL,NULL,95,NULL,NULL,NULL,'2018-04-25 20:11:09',0,0,4,10,3,10),(1616,5,NULL,NULL,'subvención',NULL,'crear',95,NULL,NULL,95,NULL,NULL,NULL,'2018-04-25 20:11:09',0,0,4,10,4,10),(1617,5,NULL,NULL,'subvención',NULL,'crear',95,NULL,NULL,95,NULL,NULL,NULL,'2018-04-25 20:11:09',0,0,4,10,5,10),(1618,5,NULL,NULL,'subvención',NULL,'crear',95,NULL,NULL,95,NULL,NULL,NULL,'2018-04-25 20:11:09',0,0,4,10,6,10),(1619,5,NULL,NULL,'subvención',NULL,'crear',95,NULL,NULL,95,NULL,NULL,NULL,'2018-04-25 20:11:09',0,0,4,10,7,10),(1620,5,NULL,NULL,'subvención',NULL,'edit',95,NULL,NULL,95,NULL,NULL,NULL,'2018-04-25 20:22:41',0,0,4,10,1,10),(1621,5,NULL,NULL,'subvención',NULL,'edit',95,NULL,NULL,95,NULL,NULL,NULL,'2018-04-25 20:22:41',0,0,4,10,2,10),(1622,5,NULL,NULL,'subvención',NULL,'edit',95,NULL,NULL,95,NULL,NULL,NULL,'2018-04-25 20:22:41',0,0,4,10,3,10),(1623,5,NULL,NULL,'subvención',NULL,'edit',95,NULL,NULL,95,NULL,NULL,NULL,'2018-04-25 20:22:41',0,0,4,10,4,10),(1624,5,NULL,NULL,'subvención',NULL,'edit',95,NULL,NULL,95,NULL,NULL,NULL,'2018-04-25 20:22:41',0,0,4,10,5,10),(1625,5,NULL,NULL,'subvención',NULL,'edit',95,NULL,NULL,95,NULL,NULL,NULL,'2018-04-25 20:22:41',0,0,4,10,6,10),(1626,5,NULL,NULL,'subvención',NULL,'edit',95,NULL,NULL,95,NULL,NULL,NULL,'2018-04-25 20:22:41',0,0,4,10,7,10),(1627,5,NULL,NULL,'subvención',NULL,'crear',96,NULL,NULL,96,NULL,NULL,NULL,'2018-04-25 20:29:41',0,0,4,10,1,10),(1628,5,NULL,NULL,'subvención',NULL,'crear',96,NULL,NULL,96,NULL,NULL,NULL,'2018-04-25 20:29:41',0,0,4,10,2,10),(1629,5,NULL,NULL,'subvención',NULL,'crear',96,NULL,NULL,96,NULL,NULL,NULL,'2018-04-25 20:29:41',0,0,4,10,3,10),(1630,5,NULL,NULL,'subvención',NULL,'crear',96,NULL,NULL,96,NULL,NULL,NULL,'2018-04-25 20:29:41',0,0,4,10,4,10),(1631,5,NULL,NULL,'subvención',NULL,'crear',96,NULL,NULL,96,NULL,NULL,NULL,'2018-04-25 20:29:41',0,0,4,10,5,10),(1632,5,NULL,NULL,'subvención',NULL,'crear',96,NULL,NULL,96,NULL,NULL,NULL,'2018-04-25 20:29:41',0,0,4,10,6,10),(1633,5,NULL,NULL,'subvención',NULL,'crear',96,NULL,NULL,96,NULL,NULL,NULL,'2018-04-25 20:29:41',0,0,4,10,7,10),(1634,5,NULL,NULL,'subvención',NULL,'edit',93,NULL,NULL,93,NULL,NULL,NULL,'2018-04-25 20:31:10',0,0,4,10,1,10),(1635,5,NULL,NULL,'subvención',NULL,'edit',93,NULL,NULL,93,NULL,NULL,NULL,'2018-04-25 20:31:10',0,0,4,10,2,10),(1636,5,NULL,NULL,'subvención',NULL,'edit',93,NULL,NULL,93,NULL,NULL,NULL,'2018-04-25 20:31:10',0,0,4,10,3,10),(1637,5,NULL,NULL,'subvención',NULL,'edit',93,NULL,NULL,93,NULL,NULL,NULL,'2018-04-25 20:31:10',0,0,4,10,4,10),(1638,5,NULL,NULL,'subvención',NULL,'edit',93,NULL,NULL,93,NULL,NULL,NULL,'2018-04-25 20:31:10',0,0,4,10,5,10),(1639,5,NULL,NULL,'subvención',NULL,'edit',93,NULL,NULL,93,NULL,NULL,NULL,'2018-04-25 20:31:10',0,0,4,10,6,10),(1640,5,NULL,NULL,'subvención',NULL,'edit',93,NULL,NULL,93,NULL,NULL,NULL,'2018-04-25 20:31:10',0,0,4,10,7,10),(1641,5,NULL,NULL,'subvención',NULL,'edit',93,NULL,NULL,93,NULL,NULL,NULL,'2018-04-25 20:32:57',0,0,4,10,1,10),(1642,5,NULL,NULL,'subvención',NULL,'edit',93,NULL,NULL,93,NULL,NULL,NULL,'2018-04-25 20:32:57',0,0,4,10,2,10),(1643,5,NULL,NULL,'subvención',NULL,'edit',93,NULL,NULL,93,NULL,NULL,NULL,'2018-04-25 20:32:57',0,0,4,10,3,10),(1644,5,NULL,NULL,'subvención',NULL,'edit',93,NULL,NULL,93,NULL,NULL,NULL,'2018-04-25 20:32:57',0,0,4,10,4,10),(1645,5,NULL,NULL,'subvención',NULL,'edit',93,NULL,NULL,93,NULL,NULL,NULL,'2018-04-25 20:32:57',0,0,4,10,5,10),(1646,5,NULL,NULL,'subvención',NULL,'edit',93,NULL,NULL,93,NULL,NULL,NULL,'2018-04-25 20:32:57',0,0,4,10,6,10),(1647,5,NULL,NULL,'subvención',NULL,'edit',93,NULL,NULL,93,NULL,NULL,NULL,'2018-04-25 20:32:57',0,0,4,10,7,10),(1648,5,NULL,NULL,'subvención, Construcción e Instalación de centros de Compostaje Comunitario. 2018',NULL,'delete',NULL,NULL,NULL,NULL,NULL,NULL,NULL,'2018-04-25 20:33:42',0,0,4,NULL,1,NULL),(1649,5,NULL,NULL,'subvención, Construcción e Instalación de centros de Compostaje Comunitario. 2018',NULL,'delete',NULL,NULL,NULL,NULL,NULL,NULL,NULL,'2018-04-25 20:33:42',0,0,4,NULL,2,NULL),(1650,5,NULL,NULL,'subvención, Construcción e Instalación de centros de Compostaje Comunitario. 2018',NULL,'delete',NULL,NULL,NULL,NULL,NULL,NULL,NULL,'2018-04-25 20:33:42',0,0,4,NULL,3,NULL),(1651,5,NULL,NULL,'subvención, Construcción e Instalación de centros de Compostaje Comunitario. 2018',NULL,'delete',NULL,NULL,NULL,NULL,NULL,NULL,NULL,'2018-04-25 20:33:42',0,0,4,NULL,4,NULL),(1652,5,NULL,NULL,'subvención, Construcción e Instalación de centros de Compostaje Comunitario. 2018',NULL,'delete',NULL,NULL,NULL,NULL,NULL,NULL,NULL,'2018-04-25 20:33:42',0,0,4,NULL,5,NULL),(1653,5,NULL,NULL,'subvención, Construcción e Instalación de centros de Compostaje Comunitario. 2018',NULL,'delete',NULL,NULL,NULL,NULL,NULL,NULL,NULL,'2018-04-25 20:33:42',0,0,4,NULL,6,NULL),(1654,5,NULL,NULL,'subvención, Construcción e Instalación de centros de Compostaje Comunitario. 2018',NULL,'delete',NULL,NULL,NULL,NULL,NULL,NULL,NULL,'2018-04-25 20:33:42',0,0,4,NULL,7,NULL),(1655,5,NULL,NULL,'subvención',NULL,'edit',92,NULL,NULL,92,NULL,NULL,NULL,'2018-04-25 21:18:45',0,0,4,10,1,10),(1656,5,NULL,NULL,'subvención',NULL,'edit',92,NULL,NULL,92,NULL,NULL,NULL,'2018-04-25 21:18:45',0,0,4,10,2,10),(1657,5,NULL,NULL,'subvención',NULL,'edit',92,NULL,NULL,92,NULL,NULL,NULL,'2018-04-25 21:18:45',0,0,4,10,3,10),(1658,5,NULL,NULL,'subvención',NULL,'edit',92,NULL,NULL,92,NULL,NULL,NULL,'2018-04-25 21:18:45',0,0,4,10,4,10),(1659,5,NULL,NULL,'subvención',NULL,'edit',92,NULL,NULL,92,NULL,NULL,NULL,'2018-04-25 21:18:45',0,0,4,10,5,10),(1660,5,NULL,NULL,'subvención',NULL,'edit',92,NULL,NULL,92,NULL,NULL,NULL,'2018-04-25 21:18:45',0,0,4,10,6,10),(1661,5,NULL,NULL,'subvención',NULL,'edit',92,NULL,NULL,92,NULL,NULL,NULL,'2018-04-25 21:18:45',0,0,4,10,7,10),(1662,5,NULL,NULL,'subvención',NULL,'crear',97,NULL,NULL,97,NULL,NULL,NULL,'2018-04-26 06:07:38',0,0,4,10,1,10),(1663,5,NULL,NULL,'subvención',NULL,'crear',97,NULL,NULL,97,NULL,NULL,NULL,'2018-04-26 06:07:38',0,0,4,10,2,10),(1664,5,NULL,NULL,'subvención',NULL,'crear',97,NULL,NULL,97,NULL,NULL,NULL,'2018-04-26 06:07:38',0,0,4,10,3,10),(1665,5,NULL,NULL,'subvención',NULL,'crear',97,NULL,NULL,97,NULL,NULL,NULL,'2018-04-26 06:07:38',0,0,4,10,4,10),(1666,5,NULL,NULL,'subvención',NULL,'crear',97,NULL,NULL,97,NULL,NULL,NULL,'2018-04-26 06:07:38',0,0,4,10,5,10),(1667,5,NULL,NULL,'subvención',NULL,'crear',97,NULL,NULL,97,NULL,NULL,NULL,'2018-04-26 06:07:38',0,0,4,10,6,10),(1668,5,NULL,NULL,'subvención',NULL,'crear',97,NULL,NULL,97,NULL,NULL,NULL,'2018-04-26 06:07:38',0,0,4,10,7,10),(1669,5,NULL,NULL,'subvención',NULL,'crear',97,NULL,NULL,97,NULL,NULL,NULL,'2018-04-26 06:07:38',0,0,4,10,8,10),(1670,5,NULL,NULL,'subvención',NULL,'crear',98,NULL,NULL,98,NULL,NULL,NULL,'2018-04-26 06:21:11',0,0,4,10,1,10),(1671,5,NULL,NULL,'subvención',NULL,'crear',98,NULL,NULL,98,NULL,NULL,NULL,'2018-04-26 06:21:11',0,0,4,10,2,10),(1672,5,NULL,NULL,'subvención',NULL,'crear',98,NULL,NULL,98,NULL,NULL,NULL,'2018-04-26 06:21:11',0,0,4,10,3,10),(1673,5,NULL,NULL,'subvención',NULL,'crear',98,NULL,NULL,98,NULL,NULL,NULL,'2018-04-26 06:21:11',0,0,4,10,4,10),(1674,5,NULL,NULL,'subvención',NULL,'crear',98,NULL,NULL,98,NULL,NULL,NULL,'2018-04-26 06:21:11',0,0,4,10,5,10),(1675,5,NULL,NULL,'subvención',NULL,'crear',98,NULL,NULL,98,NULL,NULL,NULL,'2018-04-26 06:21:11',0,0,4,10,6,10),(1676,5,NULL,NULL,'subvención',NULL,'crear',98,NULL,NULL,98,NULL,NULL,NULL,'2018-04-26 06:21:11',0,0,4,10,7,10),(1677,5,NULL,NULL,'subvención',NULL,'crear',98,NULL,NULL,98,NULL,NULL,NULL,'2018-04-26 06:21:11',0,0,4,10,8,10),(1678,5,NULL,NULL,'subvención',NULL,'crear',99,NULL,NULL,99,NULL,NULL,NULL,'2018-04-26 06:26:37',0,0,4,10,1,10),(1679,5,NULL,NULL,'subvención',NULL,'crear',99,NULL,NULL,99,NULL,NULL,NULL,'2018-04-26 06:26:37',0,0,4,10,2,10),(1680,5,NULL,NULL,'subvención',NULL,'crear',99,NULL,NULL,99,NULL,NULL,NULL,'2018-04-26 06:26:37',0,0,4,10,3,10),(1681,5,NULL,NULL,'subvención',NULL,'crear',99,NULL,NULL,99,NULL,NULL,NULL,'2018-04-26 06:26:37',0,0,4,10,4,10),(1682,5,NULL,NULL,'subvención',NULL,'crear',99,NULL,NULL,99,NULL,NULL,NULL,'2018-04-26 06:26:37',0,0,4,10,5,10),(1683,5,NULL,NULL,'subvención',NULL,'crear',99,NULL,NULL,99,NULL,NULL,NULL,'2018-04-26 06:26:37',0,0,4,10,6,10),(1684,5,NULL,NULL,'subvención',NULL,'crear',99,NULL,NULL,99,NULL,NULL,NULL,'2018-04-26 06:26:37',0,0,4,10,7,10),(1685,5,NULL,NULL,'subvención',NULL,'crear',99,NULL,NULL,99,NULL,NULL,NULL,'2018-04-26 06:26:37',0,0,4,10,8,10),(1686,5,NULL,NULL,'subvención',NULL,'crear',100,NULL,NULL,100,NULL,NULL,NULL,'2018-04-26 06:30:55',0,0,4,10,1,10),(1687,5,NULL,NULL,'subvención',NULL,'crear',100,NULL,NULL,100,NULL,NULL,NULL,'2018-04-26 06:30:55',0,0,4,10,2,10),(1688,5,NULL,NULL,'subvención',NULL,'crear',100,NULL,NULL,100,NULL,NULL,NULL,'2018-04-26 06:30:55',0,0,4,10,3,10),(1689,5,NULL,NULL,'subvención',NULL,'crear',100,NULL,NULL,100,NULL,NULL,NULL,'2018-04-26 06:30:55',0,0,4,10,4,10),(1690,5,NULL,NULL,'subvención',NULL,'crear',100,NULL,NULL,100,NULL,NULL,NULL,'2018-04-26 06:30:55',0,0,4,10,5,10),(1691,5,NULL,NULL,'subvención',NULL,'crear',100,NULL,NULL,100,NULL,NULL,NULL,'2018-04-26 06:30:55',0,0,4,10,6,10),(1692,5,NULL,NULL,'subvención',NULL,'crear',100,NULL,NULL,100,NULL,NULL,NULL,'2018-04-26 06:30:55',0,0,4,10,7,10),(1693,5,NULL,NULL,'subvención',NULL,'crear',100,NULL,NULL,100,NULL,NULL,NULL,'2018-04-26 06:30:55',0,0,4,10,8,10),(1694,5,NULL,NULL,'subvención',NULL,'edit',100,NULL,NULL,100,NULL,NULL,NULL,'2018-04-26 06:34:57',0,0,4,10,1,10),(1695,5,NULL,NULL,'subvención',NULL,'edit',100,NULL,NULL,100,NULL,NULL,NULL,'2018-04-26 06:34:57',0,0,4,10,2,10),(1696,5,NULL,NULL,'subvención',NULL,'edit',100,NULL,NULL,100,NULL,NULL,NULL,'2018-04-26 06:34:57',0,0,4,10,3,10),(1697,5,NULL,NULL,'subvención',NULL,'edit',100,NULL,NULL,100,NULL,NULL,NULL,'2018-04-26 06:34:57',0,0,4,10,4,10),(1698,5,NULL,NULL,'subvención',NULL,'edit',100,NULL,NULL,100,NULL,NULL,NULL,'2018-04-26 06:34:57',0,0,4,10,5,10),(1699,5,NULL,NULL,'subvención',NULL,'edit',100,NULL,NULL,100,NULL,NULL,NULL,'2018-04-26 06:34:57',0,0,4,10,6,10),(1700,5,NULL,NULL,'subvención',NULL,'edit',100,NULL,NULL,100,NULL,NULL,NULL,'2018-04-26 06:34:57',0,0,4,10,7,10),(1701,5,NULL,NULL,'subvención',NULL,'edit',100,NULL,NULL,100,NULL,NULL,NULL,'2018-04-26 06:34:57',0,0,4,10,8,10),(1702,5,NULL,NULL,'subvención',NULL,'edit',100,NULL,NULL,100,NULL,NULL,NULL,'2018-04-26 06:34:57',0,0,4,10,9,10),(1703,5,NULL,NULL,'subvención',NULL,'edit',88,NULL,NULL,88,NULL,NULL,NULL,'2018-04-26 07:53:04',0,0,4,10,1,10),(1704,5,NULL,NULL,'subvención',NULL,'edit',88,NULL,NULL,88,NULL,NULL,NULL,'2018-04-26 07:53:04',0,0,4,10,2,10),(1705,5,NULL,NULL,'subvención',NULL,'edit',88,NULL,NULL,88,NULL,NULL,NULL,'2018-04-26 07:53:04',0,0,4,10,3,10),(1706,5,NULL,NULL,'subvención',NULL,'edit',88,NULL,NULL,88,NULL,NULL,NULL,'2018-04-26 07:53:04',0,0,4,10,4,10),(1707,5,NULL,NULL,'subvención',NULL,'edit',88,NULL,NULL,88,NULL,NULL,NULL,'2018-04-26 07:53:04',0,0,4,10,5,10),(1708,5,NULL,NULL,'subvención',NULL,'edit',88,NULL,NULL,88,NULL,NULL,NULL,'2018-04-26 07:53:04',0,0,4,10,6,10),(1709,5,NULL,NULL,'subvención',NULL,'edit',88,NULL,NULL,88,NULL,NULL,NULL,'2018-04-26 07:53:04',0,0,4,10,7,10),(1710,5,NULL,NULL,'subvención',NULL,'edit',88,NULL,NULL,88,NULL,NULL,NULL,'2018-04-26 07:53:04',0,0,4,10,8,10),(1711,5,NULL,NULL,'subvención',NULL,'edit',88,NULL,NULL,88,NULL,NULL,NULL,'2018-04-26 07:53:04',0,0,4,10,9,10),(1712,5,NULL,NULL,'subvención',NULL,'edit',64,NULL,NULL,64,NULL,NULL,NULL,'2018-04-26 10:38:11',0,0,4,10,1,10),(1713,5,NULL,NULL,'subvención',NULL,'edit',64,NULL,NULL,64,NULL,NULL,NULL,'2018-04-26 10:38:11',0,0,4,10,2,10),(1714,5,NULL,NULL,'subvención',NULL,'edit',64,NULL,NULL,64,NULL,NULL,NULL,'2018-04-26 10:38:11',0,0,4,10,3,10),(1715,5,NULL,NULL,'subvención',NULL,'edit',64,NULL,NULL,64,NULL,NULL,NULL,'2018-04-26 10:38:11',0,0,4,10,4,10),(1716,5,NULL,NULL,'subvención',NULL,'edit',64,NULL,NULL,64,NULL,NULL,NULL,'2018-04-26 10:38:11',0,0,4,10,5,10),(1717,5,NULL,NULL,'subvención',NULL,'edit',64,NULL,NULL,64,NULL,NULL,NULL,'2018-04-26 10:38:11',0,0,4,10,6,10),(1718,5,NULL,NULL,'subvención',NULL,'edit',64,NULL,NULL,64,NULL,NULL,NULL,'2018-04-26 10:38:11',0,0,4,10,7,10),(1719,5,NULL,NULL,'subvención',NULL,'edit',64,NULL,NULL,64,NULL,NULL,NULL,'2018-04-26 10:38:11',0,0,4,10,8,10),(1720,5,NULL,NULL,'subvención',NULL,'edit',64,NULL,NULL,64,NULL,NULL,NULL,'2018-04-26 10:38:11',0,0,4,10,9,10),(1721,5,NULL,NULL,'subvención',NULL,'edit',92,NULL,NULL,92,NULL,NULL,NULL,'2018-04-26 10:58:58',0,0,4,10,1,10),(1722,5,NULL,NULL,'subvención',NULL,'edit',92,NULL,NULL,92,NULL,NULL,NULL,'2018-04-26 10:58:58',0,0,4,10,2,10),(1723,5,NULL,NULL,'subvención',NULL,'edit',92,NULL,NULL,92,NULL,NULL,NULL,'2018-04-26 10:58:58',0,0,4,10,3,10),(1724,5,NULL,NULL,'subvención',NULL,'edit',92,NULL,NULL,92,NULL,NULL,NULL,'2018-04-26 10:58:58',0,0,4,10,4,10),(1725,5,NULL,NULL,'subvención',NULL,'edit',92,NULL,NULL,92,NULL,NULL,NULL,'2018-04-26 10:58:58',0,0,4,10,5,10),(1726,5,NULL,NULL,'subvención',NULL,'edit',92,NULL,NULL,92,NULL,NULL,NULL,'2018-04-26 10:58:58',0,0,4,10,6,10),(1727,5,NULL,NULL,'subvención',NULL,'edit',92,NULL,NULL,92,NULL,NULL,NULL,'2018-04-26 10:58:58',0,0,4,10,7,10),(1728,5,NULL,NULL,'subvención',NULL,'edit',92,NULL,NULL,92,NULL,NULL,NULL,'2018-04-26 10:58:58',0,0,4,10,8,10),(1729,5,NULL,NULL,'subvención',NULL,'edit',92,NULL,NULL,92,NULL,NULL,NULL,'2018-04-26 10:58:58',0,0,4,10,9,10),(1730,5,NULL,NULL,'responsable, \"MTerese\"',NULL,'crear',NULL,NULL,NULL,NULL,NULL,NULL,NULL,'2018-04-27 05:41:59',0,0,4,NULL,1,NULL),(1731,5,NULL,NULL,'responsable, \"MTerese\"',NULL,'crear',NULL,NULL,NULL,NULL,NULL,NULL,NULL,'2018-04-27 05:41:59',0,0,4,NULL,2,NULL),(1732,5,NULL,NULL,'responsable, \"MTerese\"',NULL,'crear',NULL,NULL,NULL,NULL,NULL,NULL,NULL,'2018-04-27 05:41:59',0,0,4,NULL,3,NULL),(1733,5,NULL,NULL,'responsable, \"MTerese\"',NULL,'crear',NULL,NULL,NULL,NULL,NULL,NULL,NULL,'2018-04-27 05:41:59',0,0,4,NULL,4,NULL),(1734,5,NULL,NULL,'responsable, \"MTerese\"',NULL,'crear',NULL,NULL,NULL,NULL,NULL,NULL,NULL,'2018-04-27 05:41:59',0,0,4,NULL,5,NULL),(1735,5,NULL,NULL,'responsable, \"MTerese\"',NULL,'crear',NULL,NULL,NULL,NULL,NULL,NULL,NULL,'2018-04-27 05:41:59',0,0,4,NULL,6,NULL),(1736,5,NULL,NULL,'responsable, \"MTerese\"',NULL,'crear',NULL,NULL,NULL,NULL,NULL,NULL,NULL,'2018-04-27 05:41:59',0,0,4,NULL,7,NULL),(1737,5,NULL,NULL,'responsable, \"MTerese\"',NULL,'crear',NULL,NULL,NULL,NULL,NULL,NULL,NULL,'2018-04-27 05:41:59',0,0,4,NULL,8,NULL),(1738,5,NULL,NULL,'responsable, \"MTerese\"',NULL,'crear',NULL,NULL,NULL,NULL,NULL,NULL,NULL,'2018-04-27 05:41:59',0,0,4,NULL,9,NULL),(1739,5,NULL,NULL,'responsable, \"Angel\"',NULL,'crear',NULL,NULL,NULL,NULL,NULL,NULL,NULL,'2018-04-27 05:42:08',0,0,4,NULL,1,NULL),(1740,5,NULL,NULL,'responsable, \"Angel\"',NULL,'crear',NULL,NULL,NULL,NULL,NULL,NULL,NULL,'2018-04-27 05:42:08',0,0,4,NULL,2,NULL),(1741,5,NULL,NULL,'responsable, \"Angel\"',NULL,'crear',NULL,NULL,NULL,NULL,NULL,NULL,NULL,'2018-04-27 05:42:08',0,0,4,NULL,3,NULL),(1742,5,NULL,NULL,'responsable, \"Angel\"',NULL,'crear',NULL,NULL,NULL,NULL,NULL,NULL,NULL,'2018-04-27 05:42:08',0,0,4,NULL,4,NULL),(1743,5,NULL,NULL,'responsable, \"Angel\"',NULL,'crear',NULL,NULL,NULL,NULL,NULL,NULL,NULL,'2018-04-27 05:42:08',0,0,4,NULL,5,NULL),(1744,5,NULL,NULL,'responsable, \"Angel\"',NULL,'crear',NULL,NULL,NULL,NULL,NULL,NULL,NULL,'2018-04-27 05:42:08',0,0,4,NULL,6,NULL),(1745,5,NULL,NULL,'responsable, \"Angel\"',NULL,'crear',NULL,NULL,NULL,NULL,NULL,NULL,NULL,'2018-04-27 05:42:08',0,0,4,NULL,7,NULL),(1746,5,NULL,NULL,'responsable, \"Angel\"',NULL,'crear',NULL,NULL,NULL,NULL,NULL,NULL,NULL,'2018-04-27 05:42:08',0,0,4,NULL,8,NULL),(1747,5,NULL,NULL,'responsable, \"Angel\"',NULL,'crear',NULL,NULL,NULL,NULL,NULL,NULL,NULL,'2018-04-27 05:42:08',0,0,4,NULL,9,NULL),(1748,5,NULL,NULL,'responsable, \"Maria Teresa\"',NULL,'crear',NULL,NULL,NULL,NULL,NULL,NULL,NULL,'2018-04-27 05:43:22',0,0,4,NULL,1,NULL),(1749,5,NULL,NULL,'responsable, \"Maria Teresa\"',NULL,'crear',NULL,NULL,NULL,NULL,NULL,NULL,NULL,'2018-04-27 05:43:22',0,0,4,NULL,2,NULL),(1750,5,NULL,NULL,'responsable, \"Maria Teresa\"',NULL,'crear',NULL,NULL,NULL,NULL,NULL,NULL,NULL,'2018-04-27 05:43:22',0,0,4,NULL,3,NULL),(1751,5,NULL,NULL,'responsable, \"Maria Teresa\"',NULL,'crear',NULL,NULL,NULL,NULL,NULL,NULL,NULL,'2018-04-27 05:43:22',0,0,4,NULL,4,NULL),(1752,5,NULL,NULL,'responsable, \"Maria Teresa\"',NULL,'crear',NULL,NULL,NULL,NULL,NULL,NULL,NULL,'2018-04-27 05:43:22',0,0,4,NULL,5,NULL),(1753,5,NULL,NULL,'responsable, \"Maria Teresa\"',NULL,'crear',NULL,NULL,NULL,NULL,NULL,NULL,NULL,'2018-04-27 05:43:22',0,0,4,NULL,6,NULL),(1754,5,NULL,NULL,'responsable, \"Maria Teresa\"',NULL,'crear',NULL,NULL,NULL,NULL,NULL,NULL,NULL,'2018-04-27 05:43:22',0,0,4,NULL,7,NULL),(1755,5,NULL,NULL,'responsable, \"Maria Teresa\"',NULL,'crear',NULL,NULL,NULL,NULL,NULL,NULL,NULL,'2018-04-27 05:43:22',0,0,4,NULL,8,NULL),(1756,5,NULL,NULL,'responsable, \"Maria Teresa\"',NULL,'crear',NULL,NULL,NULL,NULL,NULL,NULL,NULL,'2018-04-27 05:43:22',0,0,4,NULL,9,NULL),(1757,5,NULL,NULL,'subvención',NULL,'edit',44,NULL,NULL,44,NULL,NULL,NULL,'2018-04-27 05:45:35',0,0,4,10,1,10),(1758,5,NULL,NULL,'subvención',NULL,'edit',44,NULL,NULL,44,NULL,NULL,NULL,'2018-04-27 05:45:35',0,0,4,10,2,10),(1759,5,NULL,NULL,'subvención',NULL,'edit',44,NULL,NULL,44,NULL,NULL,NULL,'2018-04-27 05:45:35',0,0,4,10,3,10),(1760,5,NULL,NULL,'subvención',NULL,'edit',44,NULL,NULL,44,NULL,NULL,NULL,'2018-04-27 05:45:35',0,0,4,10,4,10),(1761,5,NULL,NULL,'subvención',NULL,'edit',44,NULL,NULL,44,NULL,NULL,NULL,'2018-04-27 05:45:35',0,0,4,10,5,10),(1762,5,NULL,NULL,'subvención',NULL,'edit',44,NULL,NULL,44,NULL,NULL,NULL,'2018-04-27 05:45:35',0,0,4,10,6,10),(1763,5,NULL,NULL,'subvención',NULL,'edit',44,NULL,NULL,44,NULL,NULL,NULL,'2018-04-27 05:45:35',0,0,4,10,7,10),(1764,5,NULL,NULL,'subvención',NULL,'edit',44,NULL,NULL,44,NULL,NULL,NULL,'2018-04-27 05:45:35',0,0,4,10,8,10),(1765,5,NULL,NULL,'subvención',NULL,'edit',44,NULL,NULL,44,NULL,NULL,NULL,'2018-04-27 05:45:35',0,0,4,10,9,10),(1766,5,NULL,NULL,'responsable, \"Maria Teresa\"',NULL,'crear',NULL,NULL,NULL,NULL,NULL,NULL,NULL,'2018-04-27 05:46:11',0,0,4,NULL,1,NULL),(1767,5,NULL,NULL,'responsable, \"Maria Teresa\"',NULL,'crear',NULL,NULL,NULL,NULL,NULL,NULL,NULL,'2018-04-27 05:46:11',0,0,4,NULL,2,NULL),(1768,5,NULL,NULL,'responsable, \"Maria Teresa\"',NULL,'crear',NULL,NULL,NULL,NULL,NULL,NULL,NULL,'2018-04-27 05:46:11',0,0,4,NULL,3,NULL),(1769,5,NULL,NULL,'responsable, \"Maria Teresa\"',NULL,'crear',NULL,NULL,NULL,NULL,NULL,NULL,NULL,'2018-04-27 05:46:11',0,0,4,NULL,4,NULL),(1770,5,NULL,NULL,'responsable, \"Maria Teresa\"',NULL,'crear',NULL,NULL,NULL,NULL,NULL,NULL,NULL,'2018-04-27 05:46:11',0,0,4,NULL,5,NULL),(1771,5,NULL,NULL,'responsable, \"Maria Teresa\"',NULL,'crear',NULL,NULL,NULL,NULL,NULL,NULL,NULL,'2018-04-27 05:46:11',0,0,4,NULL,6,NULL),(1772,5,NULL,NULL,'responsable, \"Maria Teresa\"',NULL,'crear',NULL,NULL,NULL,NULL,NULL,NULL,NULL,'2018-04-27 05:46:11',0,0,4,NULL,7,NULL),(1773,5,NULL,NULL,'responsable, \"Maria Teresa\"',NULL,'crear',NULL,NULL,NULL,NULL,NULL,NULL,NULL,'2018-04-27 05:46:11',0,0,4,NULL,8,NULL),(1774,5,NULL,NULL,'responsable, \"Maria Teresa\"',NULL,'crear',NULL,NULL,NULL,NULL,NULL,NULL,NULL,'2018-04-27 05:46:11',0,0,4,NULL,9,NULL),(1775,5,NULL,NULL,'responsable, \"Angel\"',NULL,'crear',NULL,NULL,NULL,NULL,NULL,NULL,NULL,'2018-04-27 05:46:18',0,0,4,NULL,1,NULL),(1776,5,NULL,NULL,'responsable, \"Angel\"',NULL,'crear',NULL,NULL,NULL,NULL,NULL,NULL,NULL,'2018-04-27 05:46:18',0,0,4,NULL,2,NULL),(1777,5,NULL,NULL,'responsable, \"Angel\"',NULL,'crear',NULL,NULL,NULL,NULL,NULL,NULL,NULL,'2018-04-27 05:46:18',0,0,4,NULL,3,NULL),(1778,5,NULL,NULL,'responsable, \"Angel\"',NULL,'crear',NULL,NULL,NULL,NULL,NULL,NULL,NULL,'2018-04-27 05:46:18',0,0,4,NULL,4,NULL),(1779,5,NULL,NULL,'responsable, \"Angel\"',NULL,'crear',NULL,NULL,NULL,NULL,NULL,NULL,NULL,'2018-04-27 05:46:18',0,0,4,NULL,5,NULL),(1780,5,NULL,NULL,'responsable, \"Angel\"',NULL,'crear',NULL,NULL,NULL,NULL,NULL,NULL,NULL,'2018-04-27 05:46:18',0,0,4,NULL,6,NULL),(1781,5,NULL,NULL,'responsable, \"Angel\"',NULL,'crear',NULL,NULL,NULL,NULL,NULL,NULL,NULL,'2018-04-27 05:46:18',0,0,4,NULL,7,NULL),(1782,5,NULL,NULL,'responsable, \"Angel\"',NULL,'crear',NULL,NULL,NULL,NULL,NULL,NULL,NULL,'2018-04-27 05:46:18',0,0,4,NULL,8,NULL),(1783,5,NULL,NULL,'responsable, \"Angel\"',NULL,'crear',NULL,NULL,NULL,NULL,NULL,NULL,NULL,'2018-04-27 05:46:18',0,0,4,NULL,9,NULL),(1784,5,NULL,NULL,'responsable, \"Mariló\"',NULL,'crear',NULL,NULL,NULL,NULL,NULL,NULL,NULL,'2018-04-27 05:51:30',0,0,4,NULL,1,NULL),(1785,5,NULL,NULL,'responsable, \"Mariló\"',NULL,'crear',NULL,NULL,NULL,NULL,NULL,NULL,NULL,'2018-04-27 05:51:30',0,0,4,NULL,2,NULL),(1786,5,NULL,NULL,'responsable, \"Mariló\"',NULL,'crear',NULL,NULL,NULL,NULL,NULL,NULL,NULL,'2018-04-27 05:51:30',0,0,4,NULL,3,NULL),(1787,5,NULL,NULL,'responsable, \"Mariló\"',NULL,'crear',NULL,NULL,NULL,NULL,NULL,NULL,NULL,'2018-04-27 05:51:30',0,0,4,NULL,4,NULL),(1788,5,NULL,NULL,'responsable, \"Mariló\"',NULL,'crear',NULL,NULL,NULL,NULL,NULL,NULL,NULL,'2018-04-27 05:51:30',0,0,4,NULL,5,NULL),(1789,5,NULL,NULL,'responsable, \"Mariló\"',NULL,'crear',NULL,NULL,NULL,NULL,NULL,NULL,NULL,'2018-04-27 05:51:30',0,0,4,NULL,6,NULL),(1790,5,NULL,NULL,'responsable, \"Mariló\"',NULL,'crear',NULL,NULL,NULL,NULL,NULL,NULL,NULL,'2018-04-27 05:51:30',0,0,4,NULL,7,NULL),(1791,5,NULL,NULL,'responsable, \"Mariló\"',NULL,'crear',NULL,NULL,NULL,NULL,NULL,NULL,NULL,'2018-04-27 05:51:30',0,0,4,NULL,8,NULL),(1792,5,NULL,NULL,'responsable, \"Mariló\"',NULL,'crear',NULL,NULL,NULL,NULL,NULL,NULL,NULL,'2018-04-27 05:51:30',0,0,4,NULL,9,NULL),(1793,5,NULL,NULL,'responsable, \"Mariló\"',NULL,'crear',NULL,NULL,NULL,NULL,NULL,NULL,NULL,'2018-04-27 05:51:30',0,0,4,NULL,10,NULL),(1794,5,NULL,NULL,'responsable, \"Mariló\"',NULL,'crear',NULL,NULL,NULL,NULL,NULL,NULL,NULL,'2018-04-27 05:51:30',0,0,4,NULL,11,NULL),(1795,5,NULL,NULL,'responsable, \"María Teresa\"',NULL,'crear',NULL,NULL,NULL,NULL,NULL,NULL,NULL,'2018-04-27 05:51:37',0,0,4,NULL,1,NULL),(1796,5,NULL,NULL,'responsable, \"María Teresa\"',NULL,'crear',NULL,NULL,NULL,NULL,NULL,NULL,NULL,'2018-04-27 05:51:37',0,0,4,NULL,2,NULL),(1797,5,NULL,NULL,'responsable, \"María Teresa\"',NULL,'crear',NULL,NULL,NULL,NULL,NULL,NULL,NULL,'2018-04-27 05:51:37',0,0,4,NULL,3,NULL),(1798,5,NULL,NULL,'responsable, \"María Teresa\"',NULL,'crear',NULL,NULL,NULL,NULL,NULL,NULL,NULL,'2018-04-27 05:51:37',0,0,4,NULL,4,NULL),(1799,5,NULL,NULL,'responsable, \"María Teresa\"',NULL,'crear',NULL,NULL,NULL,NULL,NULL,NULL,NULL,'2018-04-27 05:51:37',0,0,4,NULL,5,NULL),(1800,5,NULL,NULL,'responsable, \"María Teresa\"',NULL,'crear',NULL,NULL,NULL,NULL,NULL,NULL,NULL,'2018-04-27 05:51:37',0,0,4,NULL,6,NULL),(1801,5,NULL,NULL,'responsable, \"María Teresa\"',NULL,'crear',NULL,NULL,NULL,NULL,NULL,NULL,NULL,'2018-04-27 05:51:37',0,0,4,NULL,7,NULL),(1802,5,NULL,NULL,'responsable, \"María Teresa\"',NULL,'crear',NULL,NULL,NULL,NULL,NULL,NULL,NULL,'2018-04-27 05:51:37',0,0,4,NULL,8,NULL),(1803,5,NULL,NULL,'responsable, \"María Teresa\"',NULL,'crear',NULL,NULL,NULL,NULL,NULL,NULL,NULL,'2018-04-27 05:51:37',0,0,4,NULL,9,NULL),(1804,5,NULL,NULL,'responsable, \"María Teresa\"',NULL,'crear',NULL,NULL,NULL,NULL,NULL,NULL,NULL,'2018-04-27 05:51:37',0,0,4,NULL,10,NULL),(1805,5,NULL,NULL,'responsable, \"María Teresa\"',NULL,'crear',NULL,NULL,NULL,NULL,NULL,NULL,NULL,'2018-04-27 05:51:37',0,0,4,NULL,11,NULL),(1806,5,NULL,NULL,'responsable, \"Josemi\"',NULL,'crear',NULL,NULL,NULL,NULL,NULL,NULL,NULL,'2018-04-27 05:51:52',0,0,4,NULL,1,NULL),(1807,5,NULL,NULL,'responsable, \"Josemi\"',NULL,'crear',NULL,NULL,NULL,NULL,NULL,NULL,NULL,'2018-04-27 05:51:52',0,0,4,NULL,2,NULL),(1808,5,NULL,NULL,'responsable, \"Josemi\"',NULL,'crear',NULL,NULL,NULL,NULL,NULL,NULL,NULL,'2018-04-27 05:51:52',0,0,4,NULL,3,NULL),(1809,5,NULL,NULL,'responsable, \"Josemi\"',NULL,'crear',NULL,NULL,NULL,NULL,NULL,NULL,NULL,'2018-04-27 05:51:52',0,0,4,NULL,4,NULL),(1810,5,NULL,NULL,'responsable, \"Josemi\"',NULL,'crear',NULL,NULL,NULL,NULL,NULL,NULL,NULL,'2018-04-27 05:51:52',0,0,4,NULL,5,NULL),(1811,5,NULL,NULL,'responsable, \"Josemi\"',NULL,'crear',NULL,NULL,NULL,NULL,NULL,NULL,NULL,'2018-04-27 05:51:52',0,0,4,NULL,6,NULL),(1812,5,NULL,NULL,'responsable, \"Josemi\"',NULL,'crear',NULL,NULL,NULL,NULL,NULL,NULL,NULL,'2018-04-27 05:51:52',0,0,4,NULL,7,NULL),(1813,5,NULL,NULL,'responsable, \"Josemi\"',NULL,'crear',NULL,NULL,NULL,NULL,NULL,NULL,NULL,'2018-04-27 05:51:52',0,0,4,NULL,8,NULL),(1814,5,NULL,NULL,'responsable, \"Josemi\"',NULL,'crear',NULL,NULL,NULL,NULL,NULL,NULL,NULL,'2018-04-27 05:51:52',0,0,4,NULL,9,NULL),(1815,5,NULL,NULL,'responsable, \"Josemi\"',NULL,'crear',NULL,NULL,NULL,NULL,NULL,NULL,NULL,'2018-04-27 05:51:52',0,0,4,NULL,10,NULL),(1816,5,NULL,NULL,'responsable, \"Josemi\"',NULL,'crear',NULL,NULL,NULL,NULL,NULL,NULL,NULL,'2018-04-27 05:51:52',0,0,4,NULL,11,NULL),(1817,5,NULL,NULL,'responsable, \"María Vicenta\"',NULL,'crear',NULL,NULL,NULL,NULL,NULL,NULL,NULL,'2018-04-27 05:52:05',0,0,4,NULL,1,NULL),(1818,5,NULL,NULL,'responsable, \"María Vicenta\"',NULL,'crear',NULL,NULL,NULL,NULL,NULL,NULL,NULL,'2018-04-27 05:52:05',0,0,4,NULL,2,NULL),(1819,5,NULL,NULL,'responsable, \"María Vicenta\"',NULL,'crear',NULL,NULL,NULL,NULL,NULL,NULL,NULL,'2018-04-27 05:52:05',0,0,4,NULL,3,NULL),(1820,5,NULL,NULL,'responsable, \"María Vicenta\"',NULL,'crear',NULL,NULL,NULL,NULL,NULL,NULL,NULL,'2018-04-27 05:52:05',0,0,4,NULL,4,NULL),(1821,5,NULL,NULL,'responsable, \"María Vicenta\"',NULL,'crear',NULL,NULL,NULL,NULL,NULL,NULL,NULL,'2018-04-27 05:52:05',0,0,4,NULL,5,NULL),(1822,5,NULL,NULL,'responsable, \"María Vicenta\"',NULL,'crear',NULL,NULL,NULL,NULL,NULL,NULL,NULL,'2018-04-27 05:52:05',0,0,4,NULL,6,NULL),(1823,5,NULL,NULL,'responsable, \"María Vicenta\"',NULL,'crear',NULL,NULL,NULL,NULL,NULL,NULL,NULL,'2018-04-27 05:52:05',0,0,4,NULL,7,NULL),(1824,5,NULL,NULL,'responsable, \"María Vicenta\"',NULL,'crear',NULL,NULL,NULL,NULL,NULL,NULL,NULL,'2018-04-27 05:52:05',0,0,4,NULL,8,NULL),(1825,5,NULL,NULL,'responsable, \"María Vicenta\"',NULL,'crear',NULL,NULL,NULL,NULL,NULL,NULL,NULL,'2018-04-27 05:52:05',0,0,4,NULL,9,NULL),(1826,5,NULL,NULL,'responsable, \"María Vicenta\"',NULL,'crear',NULL,NULL,NULL,NULL,NULL,NULL,NULL,'2018-04-27 05:52:05',0,0,4,NULL,10,NULL),(1827,5,NULL,NULL,'responsable, \"María Vicenta\"',NULL,'crear',NULL,NULL,NULL,NULL,NULL,NULL,NULL,'2018-04-27 05:52:05',0,0,4,NULL,11,NULL),(1828,5,NULL,NULL,'subvención',NULL,'edit',92,NULL,NULL,92,NULL,NULL,NULL,'2018-04-27 06:52:48',0,0,4,10,1,10),(1829,5,NULL,NULL,'subvención',NULL,'edit',92,NULL,NULL,92,NULL,NULL,NULL,'2018-04-27 06:52:48',0,0,4,10,2,10),(1830,5,NULL,NULL,'subvención',NULL,'edit',92,NULL,NULL,92,NULL,NULL,NULL,'2018-04-27 06:52:48',0,0,4,10,3,10),(1831,5,NULL,NULL,'subvención',NULL,'edit',92,NULL,NULL,92,NULL,NULL,NULL,'2018-04-27 06:52:48',0,0,4,10,4,10),(1832,5,NULL,NULL,'subvención',NULL,'edit',92,NULL,NULL,92,NULL,NULL,NULL,'2018-04-27 06:52:48',0,0,4,10,5,10),(1833,5,NULL,NULL,'subvención',NULL,'edit',92,NULL,NULL,92,NULL,NULL,NULL,'2018-04-27 06:52:48',0,0,4,10,6,10),(1834,5,NULL,NULL,'subvención',NULL,'edit',92,NULL,NULL,92,NULL,NULL,NULL,'2018-04-27 06:52:48',0,0,4,10,7,10),(1835,5,NULL,NULL,'subvención',NULL,'edit',92,NULL,NULL,92,NULL,NULL,NULL,'2018-04-27 06:52:48',0,0,4,10,8,10),(1836,5,NULL,NULL,'subvención',NULL,'edit',92,NULL,NULL,92,NULL,NULL,NULL,'2018-04-27 06:52:48',0,0,4,10,9,10),(1837,5,NULL,NULL,'subvención',NULL,'edit',92,NULL,NULL,92,NULL,NULL,NULL,'2018-04-27 06:52:48',0,0,4,10,10,10),(1838,5,NULL,NULL,'subvención',NULL,'edit',92,NULL,NULL,92,NULL,NULL,NULL,'2018-04-27 06:52:48',0,0,4,10,11,10),(1839,5,NULL,NULL,'subvención',NULL,'edit',81,NULL,NULL,81,NULL,NULL,NULL,'2018-04-27 07:05:06',0,0,4,10,1,10),(1840,5,NULL,NULL,'subvención',NULL,'edit',81,NULL,NULL,81,NULL,NULL,NULL,'2018-04-27 07:05:06',0,0,4,10,2,10),(1841,5,NULL,NULL,'subvención',NULL,'edit',81,NULL,NULL,81,NULL,NULL,NULL,'2018-04-27 07:05:06',0,0,4,10,3,10),(1842,5,NULL,NULL,'subvención',NULL,'edit',81,NULL,NULL,81,NULL,NULL,NULL,'2018-04-27 07:05:06',0,0,4,10,4,10),(1843,5,NULL,NULL,'subvención',NULL,'edit',81,NULL,NULL,81,NULL,NULL,NULL,'2018-04-27 07:05:06',0,0,4,10,5,10),(1844,5,NULL,NULL,'subvención',NULL,'edit',81,NULL,NULL,81,NULL,NULL,NULL,'2018-04-27 07:05:06',0,0,4,10,6,10),(1845,5,NULL,NULL,'subvención',NULL,'edit',81,NULL,NULL,81,NULL,NULL,NULL,'2018-04-27 07:05:06',0,0,4,10,7,10),(1846,5,NULL,NULL,'subvención',NULL,'edit',81,NULL,NULL,81,NULL,NULL,NULL,'2018-04-27 07:05:06',0,0,4,10,8,10),(1847,5,NULL,NULL,'subvención',NULL,'edit',81,NULL,NULL,81,NULL,NULL,NULL,'2018-04-27 07:05:06',0,0,4,10,9,10),(1848,5,NULL,NULL,'subvención',NULL,'edit',81,NULL,NULL,81,NULL,NULL,NULL,'2018-04-27 07:05:06',0,0,4,10,10,10),(1849,5,NULL,NULL,'subvención',NULL,'edit',81,NULL,NULL,81,NULL,NULL,NULL,'2018-04-27 07:05:06',0,0,4,10,11,10),(1850,5,NULL,NULL,'subvención',NULL,'edit',64,NULL,NULL,64,NULL,NULL,NULL,'2018-04-27 08:26:20',0,0,4,10,1,10),(1851,5,NULL,NULL,'subvención',NULL,'edit',64,NULL,NULL,64,NULL,NULL,NULL,'2018-04-27 08:26:20',0,0,4,10,2,10),(1852,5,NULL,NULL,'subvención',NULL,'edit',64,NULL,NULL,64,NULL,NULL,NULL,'2018-04-27 08:26:20',0,0,4,10,3,10),(1853,5,NULL,NULL,'subvención',NULL,'edit',64,NULL,NULL,64,NULL,NULL,NULL,'2018-04-27 08:26:20',0,0,4,10,4,10),(1854,5,NULL,NULL,'subvención',NULL,'edit',64,NULL,NULL,64,NULL,NULL,NULL,'2018-04-27 08:26:20',0,0,4,10,5,10),(1855,5,NULL,NULL,'subvención',NULL,'edit',64,NULL,NULL,64,NULL,NULL,NULL,'2018-04-27 08:26:20',0,0,4,10,6,10),(1856,5,NULL,NULL,'subvención',NULL,'edit',64,NULL,NULL,64,NULL,NULL,NULL,'2018-04-27 08:26:20',0,0,4,10,7,10),(1857,5,NULL,NULL,'subvención',NULL,'edit',64,NULL,NULL,64,NULL,NULL,NULL,'2018-04-27 08:26:20',0,0,4,10,8,10),(1858,5,NULL,NULL,'subvención',NULL,'edit',64,NULL,NULL,64,NULL,NULL,NULL,'2018-04-27 08:26:20',0,0,4,10,9,10),(1859,5,NULL,NULL,'subvención',NULL,'edit',64,NULL,NULL,64,NULL,NULL,NULL,'2018-04-27 08:26:20',0,0,4,10,10,10),(1860,5,NULL,NULL,'subvención',NULL,'edit',64,NULL,NULL,64,NULL,NULL,NULL,'2018-04-27 08:26:20',0,0,4,10,11,10);
/*!40000 ALTER TABLE `notify_notification` ENABLE KEYS */;
UNLOCK TABLES;
/*!40103 SET TIME_ZONE=@OLD_TIME_ZONE */;

/*!40101 SET SQL_MODE=@OLD_SQL_MODE */;
/*!40014 SET FOREIGN_KEY_CHECKS=@OLD_FOREIGN_KEY_CHECKS */;
/*!40014 SET UNIQUE_CHECKS=@OLD_UNIQUE_CHECKS */;
/*!40101 SET CHARACTER_SET_CLIENT=@OLD_CHARACTER_SET_CLIENT */;
/*!40101 SET CHARACTER_SET_RESULTS=@OLD_CHARACTER_SET_RESULTS */;
/*!40101 SET COLLATION_CONNECTION=@OLD_COLLATION_CONNECTION */;
/*!40111 SET SQL_NOTES=@OLD_SQL_NOTES */;

-- Dump completed on 2018-04-27 10:44:15
